ISO-10303-21;
HEADER;
/* Generated by software containing ST-Developer
 * from STEP Tools, Inc. (www.steptools.com) 
 */

FILE_DESCRIPTION(
/* description */ (''),
/* implementation_level */ '2;1');

FILE_NAME(
/* name */ 'base.step',
/* time_stamp */ '2026-05-27T17:21:48-07:00',
/* author */ (''),
/* organization */ (''),
/* preprocessor_version */ 'ST-DEVELOPER v20.1',
/* originating_system */ 'Autodesk Translation Framework v15.8.0.0',
/* authorisation */ '');

FILE_SCHEMA (('AUTOMOTIVE_DESIGN { 1 0 10303 214 3 1 1 }'));
ENDSEC;

DATA;
#10=MECHANICAL_DESIGN_GEOMETRIC_PRESENTATION_REPRESENTATION('',(#13),#2681);
#11=SHAPE_REPRESENTATION_RELATIONSHIP('SRR','None',#2688,#12);
#12=ADVANCED_BREP_SHAPE_REPRESENTATION('',(#14),#2680);
#13=STYLED_ITEM('',(#2698),#14);
#14=MANIFOLD_SOLID_BREP('base',#1689);
#15=FACE_BOUND('',#169,.T.);
#16=FACE_BOUND('',#171,.T.);
#17=FACE_BOUND('',#174,.T.);
#18=FACE_BOUND('',#180,.T.);
#19=FACE_BOUND('',#182,.T.);
#20=FACE_BOUND('',#185,.T.);
#21=FACE_BOUND('',#191,.T.);
#22=FACE_BOUND('',#193,.T.);
#23=FACE_BOUND('',#196,.T.);
#24=FACE_BOUND('',#200,.T.);
#25=FACE_BOUND('',#202,.T.);
#26=FACE_BOUND('',#205,.T.);
#27=FACE_BOUND('',#211,.T.);
#28=FACE_BOUND('',#215,.T.);
#29=FACE_BOUND('',#218,.T.);
#30=FACE_BOUND('',#220,.T.);
#31=FACE_BOUND('',#222,.T.);
#32=FACE_BOUND('',#224,.T.);
#33=FACE_BOUND('',#226,.T.);
#34=FACE_BOUND('',#228,.T.);
#35=FACE_BOUND('',#230,.T.);
#36=CIRCLE('',#1729,1.1);
#37=CIRCLE('',#1730,1.1);
#38=CIRCLE('',#1732,1.1);
#39=CIRCLE('',#1733,1.1);
#40=CIRCLE('',#1741,1.1);
#41=CIRCLE('',#1742,1.1);
#42=CIRCLE('',#1744,1.1);
#43=CIRCLE('',#1745,1.1);
#44=CIRCLE('',#1753,1.1);
#45=CIRCLE('',#1754,1.1);
#46=CIRCLE('',#1756,1.1);
#47=CIRCLE('',#1757,1.1);
#48=CIRCLE('',#1767,1.1);
#49=CIRCLE('',#1769,1.1);
#50=CIRCLE('',#1772,1.1);
#51=CIRCLE('',#1774,1.1);
#52=CIRCLE('',#1777,1.1);
#53=CIRCLE('',#1778,1.1);
#54=CIRCLE('',#1780,1.1);
#55=CIRCLE('',#1781,1.1);
#56=CYLINDRICAL_SURFACE('',#1728,1.1);
#57=CYLINDRICAL_SURFACE('',#1731,1.1);
#58=CYLINDRICAL_SURFACE('',#1740,1.1);
#59=CYLINDRICAL_SURFACE('',#1743,1.1);
#60=CYLINDRICAL_SURFACE('',#1752,1.1);
#61=CYLINDRICAL_SURFACE('',#1755,1.1);
#62=CYLINDRICAL_SURFACE('',#1773,1.1);
#63=CYLINDRICAL_SURFACE('',#1775,1.1);
#64=CYLINDRICAL_SURFACE('',#1776,1.1);
#65=CYLINDRICAL_SURFACE('',#1779,1.1);
#66=FACE_OUTER_BOUND('',#139,.T.);
#67=FACE_OUTER_BOUND('',#140,.T.);
#68=FACE_OUTER_BOUND('',#141,.T.);
#69=FACE_OUTER_BOUND('',#142,.T.);
#70=FACE_OUTER_BOUND('',#143,.T.);
#71=FACE_OUTER_BOUND('',#144,.T.);
#72=FACE_OUTER_BOUND('',#145,.T.);
#73=FACE_OUTER_BOUND('',#146,.T.);
#74=FACE_OUTER_BOUND('',#147,.T.);
#75=FACE_OUTER_BOUND('',#148,.T.);
#76=FACE_OUTER_BOUND('',#149,.T.);
#77=FACE_OUTER_BOUND('',#150,.T.);
#78=FACE_OUTER_BOUND('',#151,.T.);
#79=FACE_OUTER_BOUND('',#152,.T.);
#80=FACE_OUTER_BOUND('',#153,.T.);
#81=FACE_OUTER_BOUND('',#154,.T.);
#82=FACE_OUTER_BOUND('',#155,.T.);
#83=FACE_OUTER_BOUND('',#156,.T.);
#84=FACE_OUTER_BOUND('',#157,.T.);
#85=FACE_OUTER_BOUND('',#158,.T.);
#86=FACE_OUTER_BOUND('',#159,.T.);
#87=FACE_OUTER_BOUND('',#160,.T.);
#88=FACE_OUTER_BOUND('',#161,.T.);
#89=FACE_OUTER_BOUND('',#162,.T.);
#90=FACE_OUTER_BOUND('',#163,.T.);
#91=FACE_OUTER_BOUND('',#164,.T.);
#92=FACE_OUTER_BOUND('',#165,.T.);
#93=FACE_OUTER_BOUND('',#166,.T.);
#94=FACE_OUTER_BOUND('',#167,.T.);
#95=FACE_OUTER_BOUND('',#168,.T.);
#96=FACE_OUTER_BOUND('',#170,.T.);
#97=FACE_OUTER_BOUND('',#172,.T.);
#98=FACE_OUTER_BOUND('',#173,.T.);
#99=FACE_OUTER_BOUND('',#175,.T.);
#100=FACE_OUTER_BOUND('',#176,.T.);
#101=FACE_OUTER_BOUND('',#177,.T.);
#102=FACE_OUTER_BOUND('',#178,.T.);
#103=FACE_OUTER_BOUND('',#179,.T.);
#104=FACE_OUTER_BOUND('',#181,.T.);
#105=FACE_OUTER_BOUND('',#183,.T.);
#106=FACE_OUTER_BOUND('',#184,.T.);
#107=FACE_OUTER_BOUND('',#186,.T.);
#108=FACE_OUTER_BOUND('',#187,.T.);
#109=FACE_OUTER_BOUND('',#188,.T.);
#110=FACE_OUTER_BOUND('',#189,.T.);
#111=FACE_OUTER_BOUND('',#190,.T.);
#112=FACE_OUTER_BOUND('',#192,.T.);
#113=FACE_OUTER_BOUND('',#194,.T.);
#114=FACE_OUTER_BOUND('',#195,.T.);
#115=FACE_OUTER_BOUND('',#197,.T.);
#116=FACE_OUTER_BOUND('',#198,.T.);
#117=FACE_OUTER_BOUND('',#199,.T.);
#118=FACE_OUTER_BOUND('',#201,.T.);
#119=FACE_OUTER_BOUND('',#203,.T.);
#120=FACE_OUTER_BOUND('',#204,.T.);
#121=FACE_OUTER_BOUND('',#206,.T.);
#122=FACE_OUTER_BOUND('',#207,.T.);
#123=FACE_OUTER_BOUND('',#208,.T.);
#124=FACE_OUTER_BOUND('',#209,.T.);
#125=FACE_OUTER_BOUND('',#210,.T.);
#126=FACE_OUTER_BOUND('',#212,.T.);
#127=FACE_OUTER_BOUND('',#213,.T.);
#128=FACE_OUTER_BOUND('',#214,.T.);
#129=FACE_OUTER_BOUND('',#216,.T.);
#130=FACE_OUTER_BOUND('',#217,.T.);
#131=FACE_OUTER_BOUND('',#219,.T.);
#132=FACE_OUTER_BOUND('',#221,.T.);
#133=FACE_OUTER_BOUND('',#223,.T.);
#134=FACE_OUTER_BOUND('',#225,.T.);
#135=FACE_OUTER_BOUND('',#227,.T.);
#136=FACE_OUTER_BOUND('',#229,.T.);
#137=FACE_OUTER_BOUND('',#231,.T.);
#138=FACE_OUTER_BOUND('',#232,.T.);
#139=EDGE_LOOP('',(#1073,#1074,#1075,#1076));
#140=EDGE_LOOP('',(#1077,#1078,#1079,#1080));
#141=EDGE_LOOP('',(#1081,#1082,#1083,#1084,#1085,#1086,#1087,#1088,#1089,
#1090,#1091,#1092));
#142=EDGE_LOOP('',(#1093,#1094,#1095,#1096));
#143=EDGE_LOOP('',(#1097,#1098,#1099,#1100));
#144=EDGE_LOOP('',(#1101,#1102,#1103,#1104,#1105,#1106,#1107,#1108,#1109,
#1110,#1111,#1112));
#145=EDGE_LOOP('',(#1113,#1114,#1115,#1116));
#146=EDGE_LOOP('',(#1117,#1118,#1119,#1120));
#147=EDGE_LOOP('',(#1121,#1122,#1123,#1124,#1125,#1126,#1127,#1128,#1129,
#1130,#1131,#1132));
#148=EDGE_LOOP('',(#1133,#1134,#1135,#1136));
#149=EDGE_LOOP('',(#1137,#1138,#1139,#1140));
#150=EDGE_LOOP('',(#1141,#1142,#1143,#1144));
#151=EDGE_LOOP('',(#1145,#1146,#1147,#1148));
#152=EDGE_LOOP('',(#1149,#1150,#1151,#1152));
#153=EDGE_LOOP('',(#1153,#1154,#1155,#1156));
#154=EDGE_LOOP('',(#1157,#1158,#1159,#1160,#1161,#1162,#1163,#1164,#1165,
#1166,#1167,#1168));
#155=EDGE_LOOP('',(#1169,#1170,#1171,#1172));
#156=EDGE_LOOP('',(#1173,#1174,#1175,#1176));
#157=EDGE_LOOP('',(#1177,#1178,#1179,#1180,#1181,#1182,#1183,#1184,#1185,
#1186,#1187,#1188));
#158=EDGE_LOOP('',(#1189,#1190,#1191,#1192));
#159=EDGE_LOOP('',(#1193,#1194,#1195,#1196));
#160=EDGE_LOOP('',(#1197,#1198,#1199,#1200));
#161=EDGE_LOOP('',(#1201,#1202,#1203,#1204));
#162=EDGE_LOOP('',(#1205,#1206,#1207,#1208));
#163=EDGE_LOOP('',(#1209,#1210,#1211,#1212));
#164=EDGE_LOOP('',(#1213,#1214,#1215,#1216));
#165=EDGE_LOOP('',(#1217,#1218,#1219,#1220));
#166=EDGE_LOOP('',(#1221,#1222,#1223,#1224,#1225,#1226,#1227,#1228,#1229,
#1230));
#167=EDGE_LOOP('',(#1231,#1232,#1233,#1234,#1235,#1236,#1237,#1238,#1239,
#1240));
#168=EDGE_LOOP('',(#1241,#1242,#1243,#1244));
#169=EDGE_LOOP('',(#1245));
#170=EDGE_LOOP('',(#1246,#1247,#1248,#1249));
#171=EDGE_LOOP('',(#1250));
#172=EDGE_LOOP('',(#1251,#1252,#1253,#1254,#1255,#1256,#1257,#1258,#1259,
#1260,#1261,#1262));
#173=EDGE_LOOP('',(#1263,#1264,#1265,#1266));
#174=EDGE_LOOP('',(#1267));
#175=EDGE_LOOP('',(#1268,#1269,#1270,#1271));
#176=EDGE_LOOP('',(#1272,#1273,#1274,#1275));
#177=EDGE_LOOP('',(#1276,#1277,#1278,#1279,#1280,#1281,#1282,#1283,#1284,
#1285));
#178=EDGE_LOOP('',(#1286,#1287,#1288,#1289,#1290,#1291,#1292,#1293,#1294,
#1295));
#179=EDGE_LOOP('',(#1296,#1297,#1298,#1299));
#180=EDGE_LOOP('',(#1300));
#181=EDGE_LOOP('',(#1301,#1302,#1303,#1304));
#182=EDGE_LOOP('',(#1305));
#183=EDGE_LOOP('',(#1306,#1307,#1308,#1309,#1310,#1311,#1312,#1313,#1314,
#1315,#1316,#1317));
#184=EDGE_LOOP('',(#1318,#1319,#1320,#1321));
#185=EDGE_LOOP('',(#1322));
#186=EDGE_LOOP('',(#1323,#1324,#1325,#1326));
#187=EDGE_LOOP('',(#1327,#1328,#1329,#1330));
#188=EDGE_LOOP('',(#1331,#1332,#1333,#1334,#1335,#1336,#1337,#1338,#1339,
#1340));
#189=EDGE_LOOP('',(#1341,#1342,#1343,#1344,#1345,#1346,#1347,#1348,#1349,
#1350));
#190=EDGE_LOOP('',(#1351,#1352,#1353,#1354));
#191=EDGE_LOOP('',(#1355));
#192=EDGE_LOOP('',(#1356,#1357,#1358,#1359));
#193=EDGE_LOOP('',(#1360));
#194=EDGE_LOOP('',(#1361,#1362,#1363,#1364,#1365,#1366,#1367,#1368,#1369,
#1370,#1371,#1372));
#195=EDGE_LOOP('',(#1373,#1374,#1375,#1376));
#196=EDGE_LOOP('',(#1377));
#197=EDGE_LOOP('',(#1378,#1379,#1380,#1381,#1382,#1383,#1384,#1385,#1386,
#1387));
#198=EDGE_LOOP('',(#1388,#1389,#1390,#1391,#1392,#1393,#1394,#1395,#1396,
#1397));
#199=EDGE_LOOP('',(#1398,#1399,#1400,#1401));
#200=EDGE_LOOP('',(#1402));
#201=EDGE_LOOP('',(#1403,#1404,#1405,#1406));
#202=EDGE_LOOP('',(#1407));
#203=EDGE_LOOP('',(#1408,#1409,#1410,#1411,#1412,#1413,#1414,#1415,#1416,
#1417,#1418,#1419));
#204=EDGE_LOOP('',(#1420,#1421,#1422,#1423));
#205=EDGE_LOOP('',(#1424));
#206=EDGE_LOOP('',(#1425,#1426,#1427,#1428));
#207=EDGE_LOOP('',(#1429,#1430,#1431,#1432));
#208=EDGE_LOOP('',(#1433,#1434,#1435,#1436));
#209=EDGE_LOOP('',(#1437,#1438,#1439,#1440));
#210=EDGE_LOOP('',(#1441,#1442,#1443,#1444,#1445,#1446,#1447,#1448,#1449,
#1450));
#211=EDGE_LOOP('',(#1451,#1452,#1453,#1454,#1455,#1456,#1457,#1458,#1459,
#1460));
#212=EDGE_LOOP('',(#1461,#1462,#1463,#1464,#1465,#1466,#1467,#1468,#1469,
#1470));
#213=EDGE_LOOP('',(#1471,#1472,#1473,#1474,#1475,#1476,#1477,#1478,#1479,
#1480));
#214=EDGE_LOOP('',(#1481,#1482,#1483,#1484));
#215=EDGE_LOOP('',(#1485));
#216=EDGE_LOOP('',(#1486,#1487,#1488,#1489,#1490,#1491,#1492,#1493,#1494,
#1495,#1496,#1497));
#217=EDGE_LOOP('',(#1498,#1499,#1500,#1501));
#218=EDGE_LOOP('',(#1502));
#219=EDGE_LOOP('',(#1503,#1504,#1505,#1506));
#220=EDGE_LOOP('',(#1507));
#221=EDGE_LOOP('',(#1508,#1509,#1510,#1511));
#222=EDGE_LOOP('',(#1512));
#223=EDGE_LOOP('',(#1513,#1514,#1515,#1516));
#224=EDGE_LOOP('',(#1517));
#225=EDGE_LOOP('',(#1518,#1519,#1520,#1521));
#226=EDGE_LOOP('',(#1522));
#227=EDGE_LOOP('',(#1523,#1524,#1525,#1526));
#228=EDGE_LOOP('',(#1527));
#229=EDGE_LOOP('',(#1528,#1529,#1530,#1531));
#230=EDGE_LOOP('',(#1532));
#231=EDGE_LOOP('',(#1533,#1534,#1535,#1536,#1537,#1538,#1539,#1540,#1541,
#1542));
#232=EDGE_LOOP('',(#1543,#1544,#1545,#1546,#1547,#1548,#1549,#1550,#1551,
#1552));
#233=LINE('',#2208,#453);
#234=LINE('',#2210,#454);
#235=LINE('',#2212,#455);
#236=LINE('',#2213,#456);
#237=LINE('',#2217,#457);
#238=LINE('',#2218,#458);
#239=LINE('',#2219,#459);
#240=LINE('',#2222,#460);
#241=LINE('',#2224,#461);
#242=LINE('',#2226,#462);
#243=LINE('',#2228,#463);
#244=LINE('',#2230,#464);
#245=LINE('',#2232,#465);
#246=LINE('',#2234,#466);
#247=LINE('',#2236,#467);
#248=LINE('',#2238,#468);
#249=LINE('',#2240,#469);
#250=LINE('',#2241,#470);
#251=LINE('',#2245,#471);
#252=LINE('',#2247,#472);
#253=LINE('',#2249,#473);
#254=LINE('',#2250,#474);
#255=LINE('',#2254,#475);
#256=LINE('',#2255,#476);
#257=LINE('',#2256,#477);
#258=LINE('',#2259,#478);
#259=LINE('',#2261,#479);
#260=LINE('',#2263,#480);
#261=LINE('',#2265,#481);
#262=LINE('',#2267,#482);
#263=LINE('',#2269,#483);
#264=LINE('',#2271,#484);
#265=LINE('',#2273,#485);
#266=LINE('',#2275,#486);
#267=LINE('',#2277,#487);
#268=LINE('',#2278,#488);
#269=LINE('',#2282,#489);
#270=LINE('',#2284,#490);
#271=LINE('',#2286,#491);
#272=LINE('',#2287,#492);
#273=LINE('',#2291,#493);
#274=LINE('',#2292,#494);
#275=LINE('',#2293,#495);
#276=LINE('',#2296,#496);
#277=LINE('',#2298,#497);
#278=LINE('',#2300,#498);
#279=LINE('',#2302,#499);
#280=LINE('',#2304,#500);
#281=LINE('',#2306,#501);
#282=LINE('',#2308,#502);
#283=LINE('',#2310,#503);
#284=LINE('',#2312,#504);
#285=LINE('',#2314,#505);
#286=LINE('',#2315,#506);
#287=LINE('',#2318,#507);
#288=LINE('',#2320,#508);
#289=LINE('',#2321,#509);
#290=LINE('',#2325,#510);
#291=LINE('',#2326,#511);
#292=LINE('',#2327,#512);
#293=LINE('',#2330,#513);
#294=LINE('',#2332,#514);
#295=LINE('',#2333,#515);
#296=LINE('',#2337,#516);
#297=LINE('',#2338,#517);
#298=LINE('',#2339,#518);
#299=LINE('',#2343,#519);
#300=LINE('',#2345,#520);
#301=LINE('',#2347,#521);
#302=LINE('',#2348,#522);
#303=LINE('',#2352,#523);
#304=LINE('',#2353,#524);
#305=LINE('',#2354,#525);
#306=LINE('',#2357,#526);
#307=LINE('',#2359,#527);
#308=LINE('',#2361,#528);
#309=LINE('',#2363,#529);
#310=LINE('',#2365,#530);
#311=LINE('',#2367,#531);
#312=LINE('',#2369,#532);
#313=LINE('',#2371,#533);
#314=LINE('',#2373,#534);
#315=LINE('',#2375,#535);
#316=LINE('',#2376,#536);
#317=LINE('',#2380,#537);
#318=LINE('',#2382,#538);
#319=LINE('',#2384,#539);
#320=LINE('',#2385,#540);
#321=LINE('',#2389,#541);
#322=LINE('',#2390,#542);
#323=LINE('',#2391,#543);
#324=LINE('',#2394,#544);
#325=LINE('',#2396,#545);
#326=LINE('',#2398,#546);
#327=LINE('',#2400,#547);
#328=LINE('',#2402,#548);
#329=LINE('',#2404,#549);
#330=LINE('',#2406,#550);
#331=LINE('',#2408,#551);
#332=LINE('',#2410,#552);
#333=LINE('',#2412,#553);
#334=LINE('',#2413,#554);
#335=LINE('',#2416,#555);
#336=LINE('',#2418,#556);
#337=LINE('',#2419,#557);
#338=LINE('',#2423,#558);
#339=LINE('',#2424,#559);
#340=LINE('',#2425,#560);
#341=LINE('',#2428,#561);
#342=LINE('',#2430,#562);
#343=LINE('',#2431,#563);
#344=LINE('',#2435,#564);
#345=LINE('',#2436,#565);
#346=LINE('',#2437,#566);
#347=LINE('',#2440,#567);
#348=LINE('',#2442,#568);
#349=LINE('',#2443,#569);
#350=LINE('',#2447,#570);
#351=LINE('',#2448,#571);
#352=LINE('',#2449,#572);
#353=LINE('',#2454,#573);
#354=LINE('',#2460,#574);
#355=LINE('',#2464,#575);
#356=LINE('',#2465,#576);
#357=LINE('',#2467,#577);
#358=LINE('',#2468,#578);
#359=LINE('',#2471,#579);
#360=LINE('',#2473,#580);
#361=LINE('',#2474,#581);
#362=LINE('',#2475,#582);
#363=LINE('',#2477,#583);
#364=LINE('',#2479,#584);
#365=LINE('',#2482,#585);
#366=LINE('',#2484,#586);
#367=LINE('',#2486,#587);
#368=LINE('',#2487,#588);
#369=LINE('',#2489,#589);
#370=LINE('',#2491,#590);
#371=LINE('',#2493,#591);
#372=LINE('',#2494,#592);
#373=LINE('',#2497,#593);
#374=LINE('',#2498,#594);
#375=LINE('',#2503,#595);
#376=LINE('',#2509,#596);
#377=LINE('',#2513,#597);
#378=LINE('',#2514,#598);
#379=LINE('',#2516,#599);
#380=LINE('',#2517,#600);
#381=LINE('',#2520,#601);
#382=LINE('',#2522,#602);
#383=LINE('',#2523,#603);
#384=LINE('',#2524,#604);
#385=LINE('',#2526,#605);
#386=LINE('',#2528,#606);
#387=LINE('',#2531,#607);
#388=LINE('',#2533,#608);
#389=LINE('',#2534,#609);
#390=LINE('',#2536,#610);
#391=LINE('',#2537,#611);
#392=LINE('',#2540,#612);
#393=LINE('',#2541,#613);
#394=LINE('',#2546,#614);
#395=LINE('',#2552,#615);
#396=LINE('',#2556,#616);
#397=LINE('',#2557,#617);
#398=LINE('',#2559,#618);
#399=LINE('',#2560,#619);
#400=LINE('',#2563,#620);
#401=LINE('',#2565,#621);
#402=LINE('',#2566,#622);
#403=LINE('',#2567,#623);
#404=LINE('',#2569,#624);
#405=LINE('',#2571,#625);
#406=LINE('',#2574,#626);
#407=LINE('',#2576,#627);
#408=LINE('',#2577,#628);
#409=LINE('',#2579,#629);
#410=LINE('',#2580,#630);
#411=LINE('',#2583,#631);
#412=LINE('',#2584,#632);
#413=LINE('',#2587,#633);
#414=LINE('',#2588,#634);
#415=LINE('',#2590,#635);
#416=LINE('',#2591,#636);
#417=LINE('',#2594,#637);
#418=LINE('',#2596,#638);
#419=LINE('',#2597,#639);
#420=LINE('',#2598,#640);
#421=LINE('',#2600,#641);
#422=LINE('',#2604,#642);
#423=LINE('',#2609,#643);
#424=LINE('',#2611,#644);
#425=LINE('',#2612,#645);
#426=LINE('',#2614,#646);
#427=LINE('',#2615,#647);
#428=LINE('',#2618,#648);
#429=LINE('',#2619,#649);
#430=LINE('',#2624,#650);
#431=LINE('',#2627,#651);
#432=LINE('',#2632,#652);
#433=LINE('',#2638,#653);
#434=LINE('',#2641,#654);
#435=LINE('',#2642,#655);
#436=LINE('',#2643,#656);
#437=LINE('',#2644,#657);
#438=LINE('',#2646,#658);
#439=LINE('',#2648,#659);
#440=LINE('',#2649,#660);
#441=LINE('',#2652,#661);
#442=LINE('',#2653,#662);
#443=LINE('',#2654,#663);
#444=LINE('',#2657,#664);
#445=LINE('',#2658,#665);
#446=LINE('',#2659,#666);
#447=LINE('',#2661,#667);
#448=LINE('',#2663,#668);
#449=LINE('',#2664,#669);
#450=LINE('',#2666,#670);
#451=LINE('',#2667,#671);
#452=LINE('',#2669,#672);
#453=VECTOR('',#1800,10.);
#454=VECTOR('',#1801,10.);
#455=VECTOR('',#1802,10.);
#456=VECTOR('',#1803,10.);
#457=VECTOR('',#1806,10.);
#458=VECTOR('',#1807,10.);
#459=VECTOR('',#1808,10.);
#460=VECTOR('',#1811,10.);
#461=VECTOR('',#1812,10.);
#462=VECTOR('',#1813,10.);
#463=VECTOR('',#1814,10.);
#464=VECTOR('',#1815,10.);
#465=VECTOR('',#1816,10.);
#466=VECTOR('',#1817,10.);
#467=VECTOR('',#1818,10.);
#468=VECTOR('',#1819,10.);
#469=VECTOR('',#1820,10.);
#470=VECTOR('',#1821,10.);
#471=VECTOR('',#1824,10.);
#472=VECTOR('',#1825,10.);
#473=VECTOR('',#1826,10.);
#474=VECTOR('',#1827,10.);
#475=VECTOR('',#1830,10.);
#476=VECTOR('',#1831,10.);
#477=VECTOR('',#1832,10.);
#478=VECTOR('',#1835,10.);
#479=VECTOR('',#1836,10.);
#480=VECTOR('',#1837,10.);
#481=VECTOR('',#1838,10.);
#482=VECTOR('',#1839,10.);
#483=VECTOR('',#1840,10.);
#484=VECTOR('',#1841,10.);
#485=VECTOR('',#1842,10.);
#486=VECTOR('',#1843,10.);
#487=VECTOR('',#1844,10.);
#488=VECTOR('',#1845,10.);
#489=VECTOR('',#1848,10.);
#490=VECTOR('',#1849,10.);
#491=VECTOR('',#1850,10.);
#492=VECTOR('',#1851,10.);
#493=VECTOR('',#1854,10.);
#494=VECTOR('',#1855,10.);
#495=VECTOR('',#1856,10.);
#496=VECTOR('',#1859,10.);
#497=VECTOR('',#1860,10.);
#498=VECTOR('',#1861,10.);
#499=VECTOR('',#1862,10.);
#500=VECTOR('',#1863,10.);
#501=VECTOR('',#1864,10.);
#502=VECTOR('',#1865,10.);
#503=VECTOR('',#1866,10.);
#504=VECTOR('',#1867,10.);
#505=VECTOR('',#1868,10.);
#506=VECTOR('',#1869,10.);
#507=VECTOR('',#1872,10.);
#508=VECTOR('',#1873,10.);
#509=VECTOR('',#1874,10.);
#510=VECTOR('',#1877,10.);
#511=VECTOR('',#1878,10.);
#512=VECTOR('',#1879,10.);
#513=VECTOR('',#1882,10.);
#514=VECTOR('',#1883,10.);
#515=VECTOR('',#1884,10.);
#516=VECTOR('',#1887,10.);
#517=VECTOR('',#1888,10.);
#518=VECTOR('',#1889,10.);
#519=VECTOR('',#1892,10.);
#520=VECTOR('',#1893,10.);
#521=VECTOR('',#1894,10.);
#522=VECTOR('',#1895,10.);
#523=VECTOR('',#1898,10.);
#524=VECTOR('',#1899,10.);
#525=VECTOR('',#1900,10.);
#526=VECTOR('',#1903,10.);
#527=VECTOR('',#1904,10.);
#528=VECTOR('',#1905,10.);
#529=VECTOR('',#1906,10.);
#530=VECTOR('',#1907,10.);
#531=VECTOR('',#1908,10.);
#532=VECTOR('',#1909,10.);
#533=VECTOR('',#1910,10.);
#534=VECTOR('',#1911,10.);
#535=VECTOR('',#1912,10.);
#536=VECTOR('',#1913,10.);
#537=VECTOR('',#1916,10.);
#538=VECTOR('',#1917,10.);
#539=VECTOR('',#1918,10.);
#540=VECTOR('',#1919,10.);
#541=VECTOR('',#1922,10.);
#542=VECTOR('',#1923,10.);
#543=VECTOR('',#1924,10.);
#544=VECTOR('',#1927,10.);
#545=VECTOR('',#1928,10.);
#546=VECTOR('',#1929,10.);
#547=VECTOR('',#1930,10.);
#548=VECTOR('',#1931,10.);
#549=VECTOR('',#1932,10.);
#550=VECTOR('',#1933,10.);
#551=VECTOR('',#1934,10.);
#552=VECTOR('',#1935,10.);
#553=VECTOR('',#1936,10.);
#554=VECTOR('',#1937,10.);
#555=VECTOR('',#1940,10.);
#556=VECTOR('',#1941,10.);
#557=VECTOR('',#1942,10.);
#558=VECTOR('',#1945,10.);
#559=VECTOR('',#1946,10.);
#560=VECTOR('',#1947,10.);
#561=VECTOR('',#1950,10.);
#562=VECTOR('',#1951,10.);
#563=VECTOR('',#1952,10.);
#564=VECTOR('',#1955,10.);
#565=VECTOR('',#1956,10.);
#566=VECTOR('',#1957,10.);
#567=VECTOR('',#1960,10.);
#568=VECTOR('',#1961,10.);
#569=VECTOR('',#1962,10.);
#570=VECTOR('',#1965,10.);
#571=VECTOR('',#1966,10.);
#572=VECTOR('',#1967,10.);
#573=VECTOR('',#1972,1.1);
#574=VECTOR('',#1979,1.1);
#575=VECTOR('',#1984,10.);
#576=VECTOR('',#1985,10.);
#577=VECTOR('',#1986,10.);
#578=VECTOR('',#1987,10.);
#579=VECTOR('',#1990,10.);
#580=VECTOR('',#1991,10.);
#581=VECTOR('',#1992,10.);
#582=VECTOR('',#1993,10.);
#583=VECTOR('',#1996,10.);
#584=VECTOR('',#1999,10.);
#585=VECTOR('',#2002,10.);
#586=VECTOR('',#2003,10.);
#587=VECTOR('',#2004,10.);
#588=VECTOR('',#2005,10.);
#589=VECTOR('',#2006,10.);
#590=VECTOR('',#2007,10.);
#591=VECTOR('',#2008,10.);
#592=VECTOR('',#2009,10.);
#593=VECTOR('',#2012,10.);
#594=VECTOR('',#2013,10.);
#595=VECTOR('',#2018,1.1);
#596=VECTOR('',#2025,1.1);
#597=VECTOR('',#2030,10.);
#598=VECTOR('',#2031,10.);
#599=VECTOR('',#2032,10.);
#600=VECTOR('',#2033,10.);
#601=VECTOR('',#2036,10.);
#602=VECTOR('',#2037,10.);
#603=VECTOR('',#2038,10.);
#604=VECTOR('',#2039,10.);
#605=VECTOR('',#2042,10.);
#606=VECTOR('',#2045,10.);
#607=VECTOR('',#2048,10.);
#608=VECTOR('',#2049,10.);
#609=VECTOR('',#2050,10.);
#610=VECTOR('',#2051,10.);
#611=VECTOR('',#2052,10.);
#612=VECTOR('',#2055,10.);
#613=VECTOR('',#2056,10.);
#614=VECTOR('',#2061,1.1);
#615=VECTOR('',#2068,1.1);
#616=VECTOR('',#2073,10.);
#617=VECTOR('',#2074,10.);
#618=VECTOR('',#2075,10.);
#619=VECTOR('',#2076,10.);
#620=VECTOR('',#2079,10.);
#621=VECTOR('',#2080,10.);
#622=VECTOR('',#2081,10.);
#623=VECTOR('',#2082,10.);
#624=VECTOR('',#2085,10.);
#625=VECTOR('',#2088,10.);
#626=VECTOR('',#2091,10.);
#627=VECTOR('',#2092,10.);
#628=VECTOR('',#2093,10.);
#629=VECTOR('',#2094,10.);
#630=VECTOR('',#2095,10.);
#631=VECTOR('',#2098,10.);
#632=VECTOR('',#2099,10.);
#633=VECTOR('',#2102,10.);
#634=VECTOR('',#2103,10.);
#635=VECTOR('',#2104,10.);
#636=VECTOR('',#2105,10.);
#637=VECTOR('',#2108,10.);
#638=VECTOR('',#2109,10.);
#639=VECTOR('',#2110,10.);
#640=VECTOR('',#2111,10.);
#641=VECTOR('',#2114,10.);
#642=VECTOR('',#2119,10.);
#643=VECTOR('',#2124,10.);
#644=VECTOR('',#2125,10.);
#645=VECTOR('',#2126,10.);
#646=VECTOR('',#2127,10.);
#647=VECTOR('',#2128,10.);
#648=VECTOR('',#2131,10.);
#649=VECTOR('',#2132,10.);
#650=VECTOR('',#2137,1.1);
#651=VECTOR('',#2142,1.1);
#652=VECTOR('',#2147,1.1);
#653=VECTOR('',#2154,1.1);
#654=VECTOR('',#2159,10.);
#655=VECTOR('',#2160,10.);
#656=VECTOR('',#2161,10.);
#657=VECTOR('',#2162,10.);
#658=VECTOR('',#2163,10.);
#659=VECTOR('',#2164,10.);
#660=VECTOR('',#2165,10.);
#661=VECTOR('',#2168,10.);
#662=VECTOR('',#2169,10.);
#663=VECTOR('',#2170,10.);
#664=VECTOR('',#2173,10.);
#665=VECTOR('',#2174,10.);
#666=VECTOR('',#2175,10.);
#667=VECTOR('',#2178,10.);
#668=VECTOR('',#2181,10.);
#669=VECTOR('',#2182,10.);
#670=VECTOR('',#2183,10.);
#671=VECTOR('',#2184,10.);
#672=VECTOR('',#2187,10.);
#673=VERTEX_POINT('',#2206);
#674=VERTEX_POINT('',#2207);
#675=VERTEX_POINT('',#2209);
#676=VERTEX_POINT('',#2211);
#677=VERTEX_POINT('',#2215);
#678=VERTEX_POINT('',#2216);
#679=VERTEX_POINT('',#2221);
#680=VERTEX_POINT('',#2223);
#681=VERTEX_POINT('',#2225);
#682=VERTEX_POINT('',#2227);
#683=VERTEX_POINT('',#2229);
#684=VERTEX_POINT('',#2231);
#685=VERTEX_POINT('',#2233);
#686=VERTEX_POINT('',#2235);
#687=VERTEX_POINT('',#2237);
#688=VERTEX_POINT('',#2239);
#689=VERTEX_POINT('',#2243);
#690=VERTEX_POINT('',#2244);
#691=VERTEX_POINT('',#2246);
#692=VERTEX_POINT('',#2248);
#693=VERTEX_POINT('',#2252);
#694=VERTEX_POINT('',#2253);
#695=VERTEX_POINT('',#2258);
#696=VERTEX_POINT('',#2260);
#697=VERTEX_POINT('',#2262);
#698=VERTEX_POINT('',#2264);
#699=VERTEX_POINT('',#2266);
#700=VERTEX_POINT('',#2268);
#701=VERTEX_POINT('',#2270);
#702=VERTEX_POINT('',#2272);
#703=VERTEX_POINT('',#2274);
#704=VERTEX_POINT('',#2276);
#705=VERTEX_POINT('',#2280);
#706=VERTEX_POINT('',#2281);
#707=VERTEX_POINT('',#2283);
#708=VERTEX_POINT('',#2285);
#709=VERTEX_POINT('',#2289);
#710=VERTEX_POINT('',#2290);
#711=VERTEX_POINT('',#2295);
#712=VERTEX_POINT('',#2297);
#713=VERTEX_POINT('',#2299);
#714=VERTEX_POINT('',#2301);
#715=VERTEX_POINT('',#2303);
#716=VERTEX_POINT('',#2305);
#717=VERTEX_POINT('',#2307);
#718=VERTEX_POINT('',#2309);
#719=VERTEX_POINT('',#2311);
#720=VERTEX_POINT('',#2313);
#721=VERTEX_POINT('',#2317);
#722=VERTEX_POINT('',#2319);
#723=VERTEX_POINT('',#2323);
#724=VERTEX_POINT('',#2324);
#725=VERTEX_POINT('',#2329);
#726=VERTEX_POINT('',#2331);
#727=VERTEX_POINT('',#2335);
#728=VERTEX_POINT('',#2336);
#729=VERTEX_POINT('',#2341);
#730=VERTEX_POINT('',#2342);
#731=VERTEX_POINT('',#2344);
#732=VERTEX_POINT('',#2346);
#733=VERTEX_POINT('',#2350);
#734=VERTEX_POINT('',#2351);
#735=VERTEX_POINT('',#2356);
#736=VERTEX_POINT('',#2358);
#737=VERTEX_POINT('',#2360);
#738=VERTEX_POINT('',#2362);
#739=VERTEX_POINT('',#2364);
#740=VERTEX_POINT('',#2366);
#741=VERTEX_POINT('',#2368);
#742=VERTEX_POINT('',#2370);
#743=VERTEX_POINT('',#2372);
#744=VERTEX_POINT('',#2374);
#745=VERTEX_POINT('',#2378);
#746=VERTEX_POINT('',#2379);
#747=VERTEX_POINT('',#2381);
#748=VERTEX_POINT('',#2383);
#749=VERTEX_POINT('',#2387);
#750=VERTEX_POINT('',#2388);
#751=VERTEX_POINT('',#2393);
#752=VERTEX_POINT('',#2395);
#753=VERTEX_POINT('',#2397);
#754=VERTEX_POINT('',#2399);
#755=VERTEX_POINT('',#2401);
#756=VERTEX_POINT('',#2403);
#757=VERTEX_POINT('',#2405);
#758=VERTEX_POINT('',#2407);
#759=VERTEX_POINT('',#2409);
#760=VERTEX_POINT('',#2411);
#761=VERTEX_POINT('',#2415);
#762=VERTEX_POINT('',#2417);
#763=VERTEX_POINT('',#2421);
#764=VERTEX_POINT('',#2422);
#765=VERTEX_POINT('',#2427);
#766=VERTEX_POINT('',#2429);
#767=VERTEX_POINT('',#2433);
#768=VERTEX_POINT('',#2434);
#769=VERTEX_POINT('',#2439);
#770=VERTEX_POINT('',#2441);
#771=VERTEX_POINT('',#2445);
#772=VERTEX_POINT('',#2446);
#773=VERTEX_POINT('',#2451);
#774=VERTEX_POINT('',#2453);
#775=VERTEX_POINT('',#2457);
#776=VERTEX_POINT('',#2459);
#777=VERTEX_POINT('',#2463);
#778=VERTEX_POINT('',#2466);
#779=VERTEX_POINT('',#2470);
#780=VERTEX_POINT('',#2472);
#781=VERTEX_POINT('',#2481);
#782=VERTEX_POINT('',#2483);
#783=VERTEX_POINT('',#2485);
#784=VERTEX_POINT('',#2488);
#785=VERTEX_POINT('',#2490);
#786=VERTEX_POINT('',#2492);
#787=VERTEX_POINT('',#2496);
#788=VERTEX_POINT('',#2500);
#789=VERTEX_POINT('',#2502);
#790=VERTEX_POINT('',#2506);
#791=VERTEX_POINT('',#2508);
#792=VERTEX_POINT('',#2512);
#793=VERTEX_POINT('',#2515);
#794=VERTEX_POINT('',#2519);
#795=VERTEX_POINT('',#2521);
#796=VERTEX_POINT('',#2530);
#797=VERTEX_POINT('',#2532);
#798=VERTEX_POINT('',#2535);
#799=VERTEX_POINT('',#2539);
#800=VERTEX_POINT('',#2543);
#801=VERTEX_POINT('',#2545);
#802=VERTEX_POINT('',#2549);
#803=VERTEX_POINT('',#2551);
#804=VERTEX_POINT('',#2555);
#805=VERTEX_POINT('',#2558);
#806=VERTEX_POINT('',#2562);
#807=VERTEX_POINT('',#2564);
#808=VERTEX_POINT('',#2573);
#809=VERTEX_POINT('',#2575);
#810=VERTEX_POINT('',#2578);
#811=VERTEX_POINT('',#2582);
#812=VERTEX_POINT('',#2586);
#813=VERTEX_POINT('',#2589);
#814=VERTEX_POINT('',#2593);
#815=VERTEX_POINT('',#2595);
#816=VERTEX_POINT('',#2601);
#817=VERTEX_POINT('',#2605);
#818=VERTEX_POINT('',#2608);
#819=VERTEX_POINT('',#2610);
#820=VERTEX_POINT('',#2613);
#821=VERTEX_POINT('',#2617);
#822=VERTEX_POINT('',#2620);
#823=VERTEX_POINT('',#2623);
#824=VERTEX_POINT('',#2629);
#825=VERTEX_POINT('',#2631);
#826=VERTEX_POINT('',#2635);
#827=VERTEX_POINT('',#2637);
#828=VERTEX_POINT('',#2645);
#829=VERTEX_POINT('',#2647);
#830=VERTEX_POINT('',#2651);
#831=VERTEX_POINT('',#2656);
#832=VERTEX_POINT('',#2665);
#833=EDGE_CURVE('',#673,#674,#233,.T.);
#834=EDGE_CURVE('',#675,#673,#234,.T.);
#835=EDGE_CURVE('',#676,#675,#235,.T.);
#836=EDGE_CURVE('',#674,#676,#236,.T.);
#837=EDGE_CURVE('',#677,#678,#237,.T.);
#838=EDGE_CURVE('',#677,#676,#238,.T.);
#839=EDGE_CURVE('',#678,#675,#239,.T.);
#840=EDGE_CURVE('',#679,#673,#240,.T.);
#841=EDGE_CURVE('',#674,#680,#241,.T.);
#842=EDGE_CURVE('',#680,#681,#242,.T.);
#843=EDGE_CURVE('',#682,#681,#243,.T.);
#844=EDGE_CURVE('',#683,#682,#244,.T.);
#845=EDGE_CURVE('',#683,#684,#245,.T.);
#846=EDGE_CURVE('',#684,#685,#246,.T.);
#847=EDGE_CURVE('',#685,#686,#247,.T.);
#848=EDGE_CURVE('',#687,#686,#248,.T.);
#849=EDGE_CURVE('',#687,#688,#249,.T.);
#850=EDGE_CURVE('',#688,#679,#250,.T.);
#851=EDGE_CURVE('',#689,#690,#251,.T.);
#852=EDGE_CURVE('',#691,#689,#252,.T.);
#853=EDGE_CURVE('',#692,#691,#253,.T.);
#854=EDGE_CURVE('',#690,#692,#254,.T.);
#855=EDGE_CURVE('',#693,#694,#255,.T.);
#856=EDGE_CURVE('',#693,#692,#256,.T.);
#857=EDGE_CURVE('',#694,#691,#257,.T.);
#858=EDGE_CURVE('',#695,#689,#258,.T.);
#859=EDGE_CURVE('',#690,#696,#259,.F.);
#860=EDGE_CURVE('',#697,#696,#260,.T.);
#861=EDGE_CURVE('',#697,#698,#261,.F.);
#862=EDGE_CURVE('',#698,#699,#262,.F.);
#863=EDGE_CURVE('',#699,#700,#263,.T.);
#864=EDGE_CURVE('',#700,#701,#264,.T.);
#865=EDGE_CURVE('',#701,#702,#265,.T.);
#866=EDGE_CURVE('',#702,#703,#266,.F.);
#867=EDGE_CURVE('',#704,#703,#267,.F.);
#868=EDGE_CURVE('',#695,#704,#268,.T.);
#869=EDGE_CURVE('',#705,#706,#269,.T.);
#870=EDGE_CURVE('',#707,#705,#270,.T.);
#871=EDGE_CURVE('',#708,#707,#271,.T.);
#872=EDGE_CURVE('',#706,#708,#272,.T.);
#873=EDGE_CURVE('',#709,#710,#273,.T.);
#874=EDGE_CURVE('',#709,#708,#274,.T.);
#875=EDGE_CURVE('',#710,#707,#275,.T.);
#876=EDGE_CURVE('',#711,#705,#276,.T.);
#877=EDGE_CURVE('',#706,#712,#277,.T.);
#878=EDGE_CURVE('',#713,#712,#278,.T.);
#879=EDGE_CURVE('',#713,#714,#279,.T.);
#880=EDGE_CURVE('',#714,#715,#280,.T.);
#881=EDGE_CURVE('',#715,#716,#281,.T.);
#882=EDGE_CURVE('',#716,#717,#282,.T.);
#883=EDGE_CURVE('',#717,#718,#283,.T.);
#884=EDGE_CURVE('',#718,#719,#284,.T.);
#885=EDGE_CURVE('',#720,#719,#285,.T.);
#886=EDGE_CURVE('',#711,#720,#286,.T.);
#887=EDGE_CURVE('',#721,#700,#287,.T.);
#888=EDGE_CURVE('',#722,#721,#288,.T.);
#889=EDGE_CURVE('',#701,#722,#289,.T.);
#890=EDGE_CURVE('',#723,#724,#290,.T.);
#891=EDGE_CURVE('',#723,#722,#291,.T.);
#892=EDGE_CURVE('',#724,#721,#292,.T.);
#893=EDGE_CURVE('',#725,#716,#293,.T.);
#894=EDGE_CURVE('',#726,#725,#294,.T.);
#895=EDGE_CURVE('',#717,#726,#295,.T.);
#896=EDGE_CURVE('',#727,#728,#296,.T.);
#897=EDGE_CURVE('',#727,#726,#297,.T.);
#898=EDGE_CURVE('',#728,#725,#298,.T.);
#899=EDGE_CURVE('',#729,#730,#299,.T.);
#900=EDGE_CURVE('',#731,#729,#300,.T.);
#901=EDGE_CURVE('',#732,#731,#301,.T.);
#902=EDGE_CURVE('',#730,#732,#302,.T.);
#903=EDGE_CURVE('',#733,#734,#303,.T.);
#904=EDGE_CURVE('',#733,#732,#304,.T.);
#905=EDGE_CURVE('',#734,#731,#305,.T.);
#906=EDGE_CURVE('',#735,#729,#306,.T.);
#907=EDGE_CURVE('',#730,#736,#307,.T.);
#908=EDGE_CURVE('',#737,#736,#308,.T.);
#909=EDGE_CURVE('',#737,#738,#309,.T.);
#910=EDGE_CURVE('',#738,#739,#310,.T.);
#911=EDGE_CURVE('',#739,#740,#311,.T.);
#912=EDGE_CURVE('',#740,#741,#312,.T.);
#913=EDGE_CURVE('',#741,#742,#313,.T.);
#914=EDGE_CURVE('',#742,#743,#314,.T.);
#915=EDGE_CURVE('',#744,#743,#315,.T.);
#916=EDGE_CURVE('',#735,#744,#316,.T.);
#917=EDGE_CURVE('',#745,#746,#317,.T.);
#918=EDGE_CURVE('',#747,#745,#318,.T.);
#919=EDGE_CURVE('',#748,#747,#319,.T.);
#920=EDGE_CURVE('',#746,#748,#320,.T.);
#921=EDGE_CURVE('',#749,#750,#321,.T.);
#922=EDGE_CURVE('',#749,#748,#322,.T.);
#923=EDGE_CURVE('',#750,#747,#323,.T.);
#924=EDGE_CURVE('',#751,#745,#324,.T.);
#925=EDGE_CURVE('',#746,#752,#325,.T.);
#926=EDGE_CURVE('',#753,#752,#326,.T.);
#927=EDGE_CURVE('',#753,#754,#327,.T.);
#928=EDGE_CURVE('',#754,#755,#328,.T.);
#929=EDGE_CURVE('',#755,#756,#329,.T.);
#930=EDGE_CURVE('',#756,#757,#330,.T.);
#931=EDGE_CURVE('',#757,#758,#331,.T.);
#932=EDGE_CURVE('',#758,#759,#332,.T.);
#933=EDGE_CURVE('',#760,#759,#333,.T.);
#934=EDGE_CURVE('',#751,#760,#334,.T.);
#935=EDGE_CURVE('',#761,#740,#335,.T.);
#936=EDGE_CURVE('',#762,#761,#336,.T.);
#937=EDGE_CURVE('',#741,#762,#337,.T.);
#938=EDGE_CURVE('',#763,#764,#338,.T.);
#939=EDGE_CURVE('',#763,#762,#339,.T.);
#940=EDGE_CURVE('',#764,#761,#340,.T.);
#941=EDGE_CURVE('',#765,#756,#341,.T.);
#942=EDGE_CURVE('',#766,#765,#342,.T.);
#943=EDGE_CURVE('',#757,#766,#343,.T.);
#944=EDGE_CURVE('',#767,#768,#344,.T.);
#945=EDGE_CURVE('',#767,#766,#345,.T.);
#946=EDGE_CURVE('',#768,#765,#346,.T.);
#947=EDGE_CURVE('',#769,#684,#347,.T.);
#948=EDGE_CURVE('',#770,#769,#348,.T.);
#949=EDGE_CURVE('',#685,#770,#349,.T.);
#950=EDGE_CURVE('',#771,#772,#350,.T.);
#951=EDGE_CURVE('',#771,#770,#351,.T.);
#952=EDGE_CURVE('',#772,#769,#352,.T.);
#953=EDGE_CURVE('',#773,#773,#36,.T.);
#954=EDGE_CURVE('',#773,#774,#353,.T.);
#955=EDGE_CURVE('',#774,#774,#37,.T.);
#956=EDGE_CURVE('',#775,#775,#38,.T.);
#957=EDGE_CURVE('',#775,#776,#354,.T.);
#958=EDGE_CURVE('',#776,#776,#39,.T.);
#959=EDGE_CURVE('',#724,#777,#355,.T.);
#960=EDGE_CURVE('',#712,#699,#356,.T.);
#961=EDGE_CURVE('',#778,#709,#357,.T.);
#962=EDGE_CURVE('',#777,#778,#358,.T.);
#963=EDGE_CURVE('',#779,#723,#359,.T.);
#964=EDGE_CURVE('',#780,#779,#360,.T.);
#965=EDGE_CURVE('',#710,#780,#361,.T.);
#966=EDGE_CURVE('',#702,#711,#362,.T.);
#967=EDGE_CURVE('',#703,#720,#363,.T.);
#968=EDGE_CURVE('',#713,#698,#364,.T.);
#969=EDGE_CURVE('',#781,#777,#365,.T.);
#970=EDGE_CURVE('',#782,#781,#366,.T.);
#971=EDGE_CURVE('',#782,#783,#367,.T.);
#972=EDGE_CURVE('',#783,#693,#368,.T.);
#973=EDGE_CURVE('',#694,#784,#369,.T.);
#974=EDGE_CURVE('',#784,#785,#370,.T.);
#975=EDGE_CURVE('',#786,#785,#371,.T.);
#976=EDGE_CURVE('',#779,#786,#372,.T.);
#977=EDGE_CURVE('',#787,#778,#373,.T.);
#978=EDGE_CURVE('',#781,#787,#374,.T.);
#979=EDGE_CURVE('',#788,#788,#40,.T.);
#980=EDGE_CURVE('',#788,#789,#375,.T.);
#981=EDGE_CURVE('',#789,#789,#41,.T.);
#982=EDGE_CURVE('',#790,#790,#42,.T.);
#983=EDGE_CURVE('',#790,#791,#376,.T.);
#984=EDGE_CURVE('',#791,#791,#43,.T.);
#985=EDGE_CURVE('',#728,#792,#377,.T.);
#986=EDGE_CURVE('',#736,#715,#378,.T.);
#987=EDGE_CURVE('',#793,#733,#379,.T.);
#988=EDGE_CURVE('',#792,#793,#380,.T.);
#989=EDGE_CURVE('',#794,#727,#381,.T.);
#990=EDGE_CURVE('',#795,#794,#382,.T.);
#991=EDGE_CURVE('',#734,#795,#383,.T.);
#992=EDGE_CURVE('',#718,#735,#384,.T.);
#993=EDGE_CURVE('',#719,#744,#385,.T.);
#994=EDGE_CURVE('',#737,#714,#386,.T.);
#995=EDGE_CURVE('',#780,#796,#387,.T.);
#996=EDGE_CURVE('',#797,#796,#388,.T.);
#997=EDGE_CURVE('',#794,#797,#389,.T.);
#998=EDGE_CURVE('',#798,#792,#390,.T.);
#999=EDGE_CURVE('',#787,#798,#391,.T.);
#1000=EDGE_CURVE('',#799,#793,#392,.T.);
#1001=EDGE_CURVE('',#798,#799,#393,.T.);
#1002=EDGE_CURVE('',#800,#800,#44,.T.);
#1003=EDGE_CURVE('',#800,#801,#394,.T.);
#1004=EDGE_CURVE('',#801,#801,#45,.T.);
#1005=EDGE_CURVE('',#802,#802,#46,.T.);
#1006=EDGE_CURVE('',#802,#803,#395,.T.);
#1007=EDGE_CURVE('',#803,#803,#47,.T.);
#1008=EDGE_CURVE('',#764,#804,#396,.T.);
#1009=EDGE_CURVE('',#752,#739,#397,.T.);
#1010=EDGE_CURVE('',#805,#749,#398,.T.);
#1011=EDGE_CURVE('',#804,#805,#399,.T.);
#1012=EDGE_CURVE('',#806,#763,#400,.T.);
#1013=EDGE_CURVE('',#807,#806,#401,.T.);
#1014=EDGE_CURVE('',#750,#807,#402,.T.);
#1015=EDGE_CURVE('',#742,#751,#403,.T.);
#1016=EDGE_CURVE('',#743,#760,#404,.T.);
#1017=EDGE_CURVE('',#753,#738,#405,.T.);
#1018=EDGE_CURVE('',#795,#808,#406,.T.);
#1019=EDGE_CURVE('',#809,#808,#407,.T.);
#1020=EDGE_CURVE('',#806,#809,#408,.T.);
#1021=EDGE_CURVE('',#810,#804,#409,.T.);
#1022=EDGE_CURVE('',#799,#810,#410,.T.);
#1023=EDGE_CURVE('',#811,#805,#411,.T.);
#1024=EDGE_CURVE('',#810,#811,#412,.T.);
#1025=EDGE_CURVE('',#768,#812,#413,.T.);
#1026=EDGE_CURVE('',#686,#755,#414,.T.);
#1027=EDGE_CURVE('',#813,#771,#415,.T.);
#1028=EDGE_CURVE('',#812,#813,#416,.T.);
#1029=EDGE_CURVE('',#814,#767,#417,.T.);
#1030=EDGE_CURVE('',#815,#814,#418,.T.);
#1031=EDGE_CURVE('',#772,#815,#419,.T.);
#1032=EDGE_CURVE('',#758,#683,#420,.T.);
#1033=EDGE_CURVE('',#759,#682,#421,.T.);
#1034=EDGE_CURVE('',#816,#816,#48,.T.);
#1035=EDGE_CURVE('',#687,#754,#422,.T.);
#1036=EDGE_CURVE('',#817,#817,#49,.T.);
#1037=EDGE_CURVE('',#807,#818,#423,.T.);
#1038=EDGE_CURVE('',#819,#818,#424,.T.);
#1039=EDGE_CURVE('',#814,#819,#425,.T.);
#1040=EDGE_CURVE('',#820,#812,#426,.T.);
#1041=EDGE_CURVE('',#811,#820,#427,.T.);
#1042=EDGE_CURVE('',#821,#813,#428,.T.);
#1043=EDGE_CURVE('',#820,#821,#429,.T.);
#1044=EDGE_CURVE('',#822,#822,#50,.T.);
#1045=EDGE_CURVE('',#816,#823,#430,.T.);
#1046=EDGE_CURVE('',#823,#823,#51,.T.);
#1047=EDGE_CURVE('',#817,#822,#431,.T.);
#1048=EDGE_CURVE('',#824,#824,#52,.T.);
#1049=EDGE_CURVE('',#824,#825,#432,.T.);
#1050=EDGE_CURVE('',#825,#825,#53,.T.);
#1051=EDGE_CURVE('',#826,#826,#54,.T.);
#1052=EDGE_CURVE('',#826,#827,#433,.T.);
#1053=EDGE_CURVE('',#827,#827,#55,.T.);
#1054=EDGE_CURVE('',#681,#704,#434,.T.);
#1055=EDGE_CURVE('',#818,#809,#435,.T.);
#1056=EDGE_CURVE('',#808,#797,#436,.T.);
#1057=EDGE_CURVE('',#796,#786,#437,.T.);
#1058=EDGE_CURVE('',#785,#828,#438,.T.);
#1059=EDGE_CURVE('',#828,#829,#439,.T.);
#1060=EDGE_CURVE('',#829,#819,#440,.T.);
#1061=EDGE_CURVE('',#678,#830,#441,.T.);
#1062=EDGE_CURVE('',#696,#679,#442,.T.);
#1063=EDGE_CURVE('',#830,#783,#443,.T.);
#1064=EDGE_CURVE('',#831,#677,#444,.T.);
#1065=EDGE_CURVE('',#784,#831,#445,.T.);
#1066=EDGE_CURVE('',#680,#695,#446,.T.);
#1067=EDGE_CURVE('',#697,#688,#447,.T.);
#1068=EDGE_CURVE('',#815,#829,#448,.T.);
#1069=EDGE_CURVE('',#831,#828,#449,.T.);
#1070=EDGE_CURVE('',#832,#830,#450,.T.);
#1071=EDGE_CURVE('',#821,#832,#451,.T.);
#1072=EDGE_CURVE('',#832,#782,#452,.T.);
#1073=ORIENTED_EDGE('',*,*,#833,.F.);
#1074=ORIENTED_EDGE('',*,*,#834,.F.);
#1075=ORIENTED_EDGE('',*,*,#835,.F.);
#1076=ORIENTED_EDGE('',*,*,#836,.F.);
#1077=ORIENTED_EDGE('',*,*,#837,.F.);
#1078=ORIENTED_EDGE('',*,*,#838,.T.);
#1079=ORIENTED_EDGE('',*,*,#835,.T.);
#1080=ORIENTED_EDGE('',*,*,#839,.F.);
#1081=ORIENTED_EDGE('',*,*,#840,.T.);
#1082=ORIENTED_EDGE('',*,*,#833,.T.);
#1083=ORIENTED_EDGE('',*,*,#841,.T.);
#1084=ORIENTED_EDGE('',*,*,#842,.T.);
#1085=ORIENTED_EDGE('',*,*,#843,.F.);
#1086=ORIENTED_EDGE('',*,*,#844,.F.);
#1087=ORIENTED_EDGE('',*,*,#845,.T.);
#1088=ORIENTED_EDGE('',*,*,#846,.T.);
#1089=ORIENTED_EDGE('',*,*,#847,.T.);
#1090=ORIENTED_EDGE('',*,*,#848,.F.);
#1091=ORIENTED_EDGE('',*,*,#849,.T.);
#1092=ORIENTED_EDGE('',*,*,#850,.T.);
#1093=ORIENTED_EDGE('',*,*,#851,.F.);
#1094=ORIENTED_EDGE('',*,*,#852,.F.);
#1095=ORIENTED_EDGE('',*,*,#853,.F.);
#1096=ORIENTED_EDGE('',*,*,#854,.F.);
#1097=ORIENTED_EDGE('',*,*,#855,.F.);
#1098=ORIENTED_EDGE('',*,*,#856,.T.);
#1099=ORIENTED_EDGE('',*,*,#853,.T.);
#1100=ORIENTED_EDGE('',*,*,#857,.F.);
#1101=ORIENTED_EDGE('',*,*,#858,.T.);
#1102=ORIENTED_EDGE('',*,*,#851,.T.);
#1103=ORIENTED_EDGE('',*,*,#859,.T.);
#1104=ORIENTED_EDGE('',*,*,#860,.F.);
#1105=ORIENTED_EDGE('',*,*,#861,.T.);
#1106=ORIENTED_EDGE('',*,*,#862,.T.);
#1107=ORIENTED_EDGE('',*,*,#863,.T.);
#1108=ORIENTED_EDGE('',*,*,#864,.T.);
#1109=ORIENTED_EDGE('',*,*,#865,.T.);
#1110=ORIENTED_EDGE('',*,*,#866,.T.);
#1111=ORIENTED_EDGE('',*,*,#867,.F.);
#1112=ORIENTED_EDGE('',*,*,#868,.F.);
#1113=ORIENTED_EDGE('',*,*,#869,.F.);
#1114=ORIENTED_EDGE('',*,*,#870,.F.);
#1115=ORIENTED_EDGE('',*,*,#871,.F.);
#1116=ORIENTED_EDGE('',*,*,#872,.F.);
#1117=ORIENTED_EDGE('',*,*,#873,.F.);
#1118=ORIENTED_EDGE('',*,*,#874,.T.);
#1119=ORIENTED_EDGE('',*,*,#871,.T.);
#1120=ORIENTED_EDGE('',*,*,#875,.F.);
#1121=ORIENTED_EDGE('',*,*,#876,.T.);
#1122=ORIENTED_EDGE('',*,*,#869,.T.);
#1123=ORIENTED_EDGE('',*,*,#877,.T.);
#1124=ORIENTED_EDGE('',*,*,#878,.F.);
#1125=ORIENTED_EDGE('',*,*,#879,.T.);
#1126=ORIENTED_EDGE('',*,*,#880,.T.);
#1127=ORIENTED_EDGE('',*,*,#881,.T.);
#1128=ORIENTED_EDGE('',*,*,#882,.T.);
#1129=ORIENTED_EDGE('',*,*,#883,.T.);
#1130=ORIENTED_EDGE('',*,*,#884,.T.);
#1131=ORIENTED_EDGE('',*,*,#885,.F.);
#1132=ORIENTED_EDGE('',*,*,#886,.F.);
#1133=ORIENTED_EDGE('',*,*,#864,.F.);
#1134=ORIENTED_EDGE('',*,*,#887,.F.);
#1135=ORIENTED_EDGE('',*,*,#888,.F.);
#1136=ORIENTED_EDGE('',*,*,#889,.F.);
#1137=ORIENTED_EDGE('',*,*,#890,.F.);
#1138=ORIENTED_EDGE('',*,*,#891,.T.);
#1139=ORIENTED_EDGE('',*,*,#888,.T.);
#1140=ORIENTED_EDGE('',*,*,#892,.F.);
#1141=ORIENTED_EDGE('',*,*,#882,.F.);
#1142=ORIENTED_EDGE('',*,*,#893,.F.);
#1143=ORIENTED_EDGE('',*,*,#894,.F.);
#1144=ORIENTED_EDGE('',*,*,#895,.F.);
#1145=ORIENTED_EDGE('',*,*,#896,.F.);
#1146=ORIENTED_EDGE('',*,*,#897,.T.);
#1147=ORIENTED_EDGE('',*,*,#894,.T.);
#1148=ORIENTED_EDGE('',*,*,#898,.F.);
#1149=ORIENTED_EDGE('',*,*,#899,.F.);
#1150=ORIENTED_EDGE('',*,*,#900,.F.);
#1151=ORIENTED_EDGE('',*,*,#901,.F.);
#1152=ORIENTED_EDGE('',*,*,#902,.F.);
#1153=ORIENTED_EDGE('',*,*,#903,.F.);
#1154=ORIENTED_EDGE('',*,*,#904,.T.);
#1155=ORIENTED_EDGE('',*,*,#901,.T.);
#1156=ORIENTED_EDGE('',*,*,#905,.F.);
#1157=ORIENTED_EDGE('',*,*,#906,.T.);
#1158=ORIENTED_EDGE('',*,*,#899,.T.);
#1159=ORIENTED_EDGE('',*,*,#907,.T.);
#1160=ORIENTED_EDGE('',*,*,#908,.F.);
#1161=ORIENTED_EDGE('',*,*,#909,.T.);
#1162=ORIENTED_EDGE('',*,*,#910,.T.);
#1163=ORIENTED_EDGE('',*,*,#911,.T.);
#1164=ORIENTED_EDGE('',*,*,#912,.T.);
#1165=ORIENTED_EDGE('',*,*,#913,.T.);
#1166=ORIENTED_EDGE('',*,*,#914,.T.);
#1167=ORIENTED_EDGE('',*,*,#915,.F.);
#1168=ORIENTED_EDGE('',*,*,#916,.F.);
#1169=ORIENTED_EDGE('',*,*,#917,.F.);
#1170=ORIENTED_EDGE('',*,*,#918,.F.);
#1171=ORIENTED_EDGE('',*,*,#919,.F.);
#1172=ORIENTED_EDGE('',*,*,#920,.F.);
#1173=ORIENTED_EDGE('',*,*,#921,.F.);
#1174=ORIENTED_EDGE('',*,*,#922,.T.);
#1175=ORIENTED_EDGE('',*,*,#919,.T.);
#1176=ORIENTED_EDGE('',*,*,#923,.F.);
#1177=ORIENTED_EDGE('',*,*,#924,.T.);
#1178=ORIENTED_EDGE('',*,*,#917,.T.);
#1179=ORIENTED_EDGE('',*,*,#925,.T.);
#1180=ORIENTED_EDGE('',*,*,#926,.F.);
#1181=ORIENTED_EDGE('',*,*,#927,.T.);
#1182=ORIENTED_EDGE('',*,*,#928,.T.);
#1183=ORIENTED_EDGE('',*,*,#929,.T.);
#1184=ORIENTED_EDGE('',*,*,#930,.T.);
#1185=ORIENTED_EDGE('',*,*,#931,.T.);
#1186=ORIENTED_EDGE('',*,*,#932,.T.);
#1187=ORIENTED_EDGE('',*,*,#933,.F.);
#1188=ORIENTED_EDGE('',*,*,#934,.F.);
#1189=ORIENTED_EDGE('',*,*,#912,.F.);
#1190=ORIENTED_EDGE('',*,*,#935,.F.);
#1191=ORIENTED_EDGE('',*,*,#936,.F.);
#1192=ORIENTED_EDGE('',*,*,#937,.F.);
#1193=ORIENTED_EDGE('',*,*,#938,.F.);
#1194=ORIENTED_EDGE('',*,*,#939,.T.);
#1195=ORIENTED_EDGE('',*,*,#936,.T.);
#1196=ORIENTED_EDGE('',*,*,#940,.F.);
#1197=ORIENTED_EDGE('',*,*,#930,.F.);
#1198=ORIENTED_EDGE('',*,*,#941,.F.);
#1199=ORIENTED_EDGE('',*,*,#942,.F.);
#1200=ORIENTED_EDGE('',*,*,#943,.F.);
#1201=ORIENTED_EDGE('',*,*,#944,.F.);
#1202=ORIENTED_EDGE('',*,*,#945,.T.);
#1203=ORIENTED_EDGE('',*,*,#942,.T.);
#1204=ORIENTED_EDGE('',*,*,#946,.F.);
#1205=ORIENTED_EDGE('',*,*,#846,.F.);
#1206=ORIENTED_EDGE('',*,*,#947,.F.);
#1207=ORIENTED_EDGE('',*,*,#948,.F.);
#1208=ORIENTED_EDGE('',*,*,#949,.F.);
#1209=ORIENTED_EDGE('',*,*,#950,.F.);
#1210=ORIENTED_EDGE('',*,*,#951,.T.);
#1211=ORIENTED_EDGE('',*,*,#948,.T.);
#1212=ORIENTED_EDGE('',*,*,#952,.F.);
#1213=ORIENTED_EDGE('',*,*,#953,.F.);
#1214=ORIENTED_EDGE('',*,*,#954,.T.);
#1215=ORIENTED_EDGE('',*,*,#955,.F.);
#1216=ORIENTED_EDGE('',*,*,#954,.F.);
#1217=ORIENTED_EDGE('',*,*,#956,.F.);
#1218=ORIENTED_EDGE('',*,*,#957,.T.);
#1219=ORIENTED_EDGE('',*,*,#958,.F.);
#1220=ORIENTED_EDGE('',*,*,#957,.F.);
#1221=ORIENTED_EDGE('',*,*,#959,.F.);
#1222=ORIENTED_EDGE('',*,*,#892,.T.);
#1223=ORIENTED_EDGE('',*,*,#887,.T.);
#1224=ORIENTED_EDGE('',*,*,#863,.F.);
#1225=ORIENTED_EDGE('',*,*,#960,.F.);
#1226=ORIENTED_EDGE('',*,*,#877,.F.);
#1227=ORIENTED_EDGE('',*,*,#872,.T.);
#1228=ORIENTED_EDGE('',*,*,#874,.F.);
#1229=ORIENTED_EDGE('',*,*,#961,.F.);
#1230=ORIENTED_EDGE('',*,*,#962,.F.);
#1231=ORIENTED_EDGE('',*,*,#963,.F.);
#1232=ORIENTED_EDGE('',*,*,#964,.F.);
#1233=ORIENTED_EDGE('',*,*,#965,.F.);
#1234=ORIENTED_EDGE('',*,*,#875,.T.);
#1235=ORIENTED_EDGE('',*,*,#870,.T.);
#1236=ORIENTED_EDGE('',*,*,#876,.F.);
#1237=ORIENTED_EDGE('',*,*,#966,.F.);
#1238=ORIENTED_EDGE('',*,*,#865,.F.);
#1239=ORIENTED_EDGE('',*,*,#889,.T.);
#1240=ORIENTED_EDGE('',*,*,#891,.F.);
#1241=ORIENTED_EDGE('',*,*,#886,.T.);
#1242=ORIENTED_EDGE('',*,*,#967,.F.);
#1243=ORIENTED_EDGE('',*,*,#866,.F.);
#1244=ORIENTED_EDGE('',*,*,#966,.T.);
#1245=ORIENTED_EDGE('',*,*,#953,.T.);
#1246=ORIENTED_EDGE('',*,*,#960,.T.);
#1247=ORIENTED_EDGE('',*,*,#862,.F.);
#1248=ORIENTED_EDGE('',*,*,#968,.F.);
#1249=ORIENTED_EDGE('',*,*,#878,.T.);
#1250=ORIENTED_EDGE('',*,*,#956,.T.);
#1251=ORIENTED_EDGE('',*,*,#963,.T.);
#1252=ORIENTED_EDGE('',*,*,#890,.T.);
#1253=ORIENTED_EDGE('',*,*,#959,.T.);
#1254=ORIENTED_EDGE('',*,*,#969,.F.);
#1255=ORIENTED_EDGE('',*,*,#970,.F.);
#1256=ORIENTED_EDGE('',*,*,#971,.T.);
#1257=ORIENTED_EDGE('',*,*,#972,.T.);
#1258=ORIENTED_EDGE('',*,*,#855,.T.);
#1259=ORIENTED_EDGE('',*,*,#973,.T.);
#1260=ORIENTED_EDGE('',*,*,#974,.T.);
#1261=ORIENTED_EDGE('',*,*,#975,.F.);
#1262=ORIENTED_EDGE('',*,*,#976,.F.);
#1263=ORIENTED_EDGE('',*,*,#962,.T.);
#1264=ORIENTED_EDGE('',*,*,#977,.F.);
#1265=ORIENTED_EDGE('',*,*,#978,.F.);
#1266=ORIENTED_EDGE('',*,*,#969,.T.);
#1267=ORIENTED_EDGE('',*,*,#958,.T.);
#1268=ORIENTED_EDGE('',*,*,#979,.F.);
#1269=ORIENTED_EDGE('',*,*,#980,.T.);
#1270=ORIENTED_EDGE('',*,*,#981,.F.);
#1271=ORIENTED_EDGE('',*,*,#980,.F.);
#1272=ORIENTED_EDGE('',*,*,#982,.F.);
#1273=ORIENTED_EDGE('',*,*,#983,.T.);
#1274=ORIENTED_EDGE('',*,*,#984,.F.);
#1275=ORIENTED_EDGE('',*,*,#983,.F.);
#1276=ORIENTED_EDGE('',*,*,#985,.F.);
#1277=ORIENTED_EDGE('',*,*,#898,.T.);
#1278=ORIENTED_EDGE('',*,*,#893,.T.);
#1279=ORIENTED_EDGE('',*,*,#881,.F.);
#1280=ORIENTED_EDGE('',*,*,#986,.F.);
#1281=ORIENTED_EDGE('',*,*,#907,.F.);
#1282=ORIENTED_EDGE('',*,*,#902,.T.);
#1283=ORIENTED_EDGE('',*,*,#904,.F.);
#1284=ORIENTED_EDGE('',*,*,#987,.F.);
#1285=ORIENTED_EDGE('',*,*,#988,.F.);
#1286=ORIENTED_EDGE('',*,*,#989,.F.);
#1287=ORIENTED_EDGE('',*,*,#990,.F.);
#1288=ORIENTED_EDGE('',*,*,#991,.F.);
#1289=ORIENTED_EDGE('',*,*,#905,.T.);
#1290=ORIENTED_EDGE('',*,*,#900,.T.);
#1291=ORIENTED_EDGE('',*,*,#906,.F.);
#1292=ORIENTED_EDGE('',*,*,#992,.F.);
#1293=ORIENTED_EDGE('',*,*,#883,.F.);
#1294=ORIENTED_EDGE('',*,*,#895,.T.);
#1295=ORIENTED_EDGE('',*,*,#897,.F.);
#1296=ORIENTED_EDGE('',*,*,#992,.T.);
#1297=ORIENTED_EDGE('',*,*,#916,.T.);
#1298=ORIENTED_EDGE('',*,*,#993,.F.);
#1299=ORIENTED_EDGE('',*,*,#884,.F.);
#1300=ORIENTED_EDGE('',*,*,#982,.T.);
#1301=ORIENTED_EDGE('',*,*,#986,.T.);
#1302=ORIENTED_EDGE('',*,*,#880,.F.);
#1303=ORIENTED_EDGE('',*,*,#994,.F.);
#1304=ORIENTED_EDGE('',*,*,#908,.T.);
#1305=ORIENTED_EDGE('',*,*,#979,.T.);
#1306=ORIENTED_EDGE('',*,*,#965,.T.);
#1307=ORIENTED_EDGE('',*,*,#995,.T.);
#1308=ORIENTED_EDGE('',*,*,#996,.F.);
#1309=ORIENTED_EDGE('',*,*,#997,.F.);
#1310=ORIENTED_EDGE('',*,*,#989,.T.);
#1311=ORIENTED_EDGE('',*,*,#896,.T.);
#1312=ORIENTED_EDGE('',*,*,#985,.T.);
#1313=ORIENTED_EDGE('',*,*,#998,.F.);
#1314=ORIENTED_EDGE('',*,*,#999,.F.);
#1315=ORIENTED_EDGE('',*,*,#977,.T.);
#1316=ORIENTED_EDGE('',*,*,#961,.T.);
#1317=ORIENTED_EDGE('',*,*,#873,.T.);
#1318=ORIENTED_EDGE('',*,*,#988,.T.);
#1319=ORIENTED_EDGE('',*,*,#1000,.F.);
#1320=ORIENTED_EDGE('',*,*,#1001,.F.);
#1321=ORIENTED_EDGE('',*,*,#998,.T.);
#1322=ORIENTED_EDGE('',*,*,#981,.T.);
#1323=ORIENTED_EDGE('',*,*,#1002,.F.);
#1324=ORIENTED_EDGE('',*,*,#1003,.T.);
#1325=ORIENTED_EDGE('',*,*,#1004,.F.);
#1326=ORIENTED_EDGE('',*,*,#1003,.F.);
#1327=ORIENTED_EDGE('',*,*,#1005,.F.);
#1328=ORIENTED_EDGE('',*,*,#1006,.T.);
#1329=ORIENTED_EDGE('',*,*,#1007,.F.);
#1330=ORIENTED_EDGE('',*,*,#1006,.F.);
#1331=ORIENTED_EDGE('',*,*,#1008,.F.);
#1332=ORIENTED_EDGE('',*,*,#940,.T.);
#1333=ORIENTED_EDGE('',*,*,#935,.T.);
#1334=ORIENTED_EDGE('',*,*,#911,.F.);
#1335=ORIENTED_EDGE('',*,*,#1009,.F.);
#1336=ORIENTED_EDGE('',*,*,#925,.F.);
#1337=ORIENTED_EDGE('',*,*,#920,.T.);
#1338=ORIENTED_EDGE('',*,*,#922,.F.);
#1339=ORIENTED_EDGE('',*,*,#1010,.F.);
#1340=ORIENTED_EDGE('',*,*,#1011,.F.);
#1341=ORIENTED_EDGE('',*,*,#1012,.F.);
#1342=ORIENTED_EDGE('',*,*,#1013,.F.);
#1343=ORIENTED_EDGE('',*,*,#1014,.F.);
#1344=ORIENTED_EDGE('',*,*,#923,.T.);
#1345=ORIENTED_EDGE('',*,*,#918,.T.);
#1346=ORIENTED_EDGE('',*,*,#924,.F.);
#1347=ORIENTED_EDGE('',*,*,#1015,.F.);
#1348=ORIENTED_EDGE('',*,*,#913,.F.);
#1349=ORIENTED_EDGE('',*,*,#937,.T.);
#1350=ORIENTED_EDGE('',*,*,#939,.F.);
#1351=ORIENTED_EDGE('',*,*,#1015,.T.);
#1352=ORIENTED_EDGE('',*,*,#934,.T.);
#1353=ORIENTED_EDGE('',*,*,#1016,.F.);
#1354=ORIENTED_EDGE('',*,*,#914,.F.);
#1355=ORIENTED_EDGE('',*,*,#1002,.T.);
#1356=ORIENTED_EDGE('',*,*,#1009,.T.);
#1357=ORIENTED_EDGE('',*,*,#910,.F.);
#1358=ORIENTED_EDGE('',*,*,#1017,.F.);
#1359=ORIENTED_EDGE('',*,*,#926,.T.);
#1360=ORIENTED_EDGE('',*,*,#1005,.T.);
#1361=ORIENTED_EDGE('',*,*,#991,.T.);
#1362=ORIENTED_EDGE('',*,*,#1018,.T.);
#1363=ORIENTED_EDGE('',*,*,#1019,.F.);
#1364=ORIENTED_EDGE('',*,*,#1020,.F.);
#1365=ORIENTED_EDGE('',*,*,#1012,.T.);
#1366=ORIENTED_EDGE('',*,*,#938,.T.);
#1367=ORIENTED_EDGE('',*,*,#1008,.T.);
#1368=ORIENTED_EDGE('',*,*,#1021,.F.);
#1369=ORIENTED_EDGE('',*,*,#1022,.F.);
#1370=ORIENTED_EDGE('',*,*,#1000,.T.);
#1371=ORIENTED_EDGE('',*,*,#987,.T.);
#1372=ORIENTED_EDGE('',*,*,#903,.T.);
#1373=ORIENTED_EDGE('',*,*,#1011,.T.);
#1374=ORIENTED_EDGE('',*,*,#1023,.F.);
#1375=ORIENTED_EDGE('',*,*,#1024,.F.);
#1376=ORIENTED_EDGE('',*,*,#1021,.T.);
#1377=ORIENTED_EDGE('',*,*,#1007,.T.);
#1378=ORIENTED_EDGE('',*,*,#1025,.F.);
#1379=ORIENTED_EDGE('',*,*,#946,.T.);
#1380=ORIENTED_EDGE('',*,*,#941,.T.);
#1381=ORIENTED_EDGE('',*,*,#929,.F.);
#1382=ORIENTED_EDGE('',*,*,#1026,.F.);
#1383=ORIENTED_EDGE('',*,*,#847,.F.);
#1384=ORIENTED_EDGE('',*,*,#949,.T.);
#1385=ORIENTED_EDGE('',*,*,#951,.F.);
#1386=ORIENTED_EDGE('',*,*,#1027,.F.);
#1387=ORIENTED_EDGE('',*,*,#1028,.F.);
#1388=ORIENTED_EDGE('',*,*,#1029,.F.);
#1389=ORIENTED_EDGE('',*,*,#1030,.F.);
#1390=ORIENTED_EDGE('',*,*,#1031,.F.);
#1391=ORIENTED_EDGE('',*,*,#952,.T.);
#1392=ORIENTED_EDGE('',*,*,#947,.T.);
#1393=ORIENTED_EDGE('',*,*,#845,.F.);
#1394=ORIENTED_EDGE('',*,*,#1032,.F.);
#1395=ORIENTED_EDGE('',*,*,#931,.F.);
#1396=ORIENTED_EDGE('',*,*,#943,.T.);
#1397=ORIENTED_EDGE('',*,*,#945,.F.);
#1398=ORIENTED_EDGE('',*,*,#1032,.T.);
#1399=ORIENTED_EDGE('',*,*,#844,.T.);
#1400=ORIENTED_EDGE('',*,*,#1033,.F.);
#1401=ORIENTED_EDGE('',*,*,#932,.F.);
#1402=ORIENTED_EDGE('',*,*,#1034,.T.);
#1403=ORIENTED_EDGE('',*,*,#1026,.T.);
#1404=ORIENTED_EDGE('',*,*,#928,.F.);
#1405=ORIENTED_EDGE('',*,*,#1035,.F.);
#1406=ORIENTED_EDGE('',*,*,#848,.T.);
#1407=ORIENTED_EDGE('',*,*,#1036,.T.);
#1408=ORIENTED_EDGE('',*,*,#1014,.T.);
#1409=ORIENTED_EDGE('',*,*,#1037,.T.);
#1410=ORIENTED_EDGE('',*,*,#1038,.F.);
#1411=ORIENTED_EDGE('',*,*,#1039,.F.);
#1412=ORIENTED_EDGE('',*,*,#1029,.T.);
#1413=ORIENTED_EDGE('',*,*,#944,.T.);
#1414=ORIENTED_EDGE('',*,*,#1025,.T.);
#1415=ORIENTED_EDGE('',*,*,#1040,.F.);
#1416=ORIENTED_EDGE('',*,*,#1041,.F.);
#1417=ORIENTED_EDGE('',*,*,#1023,.T.);
#1418=ORIENTED_EDGE('',*,*,#1010,.T.);
#1419=ORIENTED_EDGE('',*,*,#921,.T.);
#1420=ORIENTED_EDGE('',*,*,#1028,.T.);
#1421=ORIENTED_EDGE('',*,*,#1042,.F.);
#1422=ORIENTED_EDGE('',*,*,#1043,.F.);
#1423=ORIENTED_EDGE('',*,*,#1040,.T.);
#1424=ORIENTED_EDGE('',*,*,#1044,.T.);
#1425=ORIENTED_EDGE('',*,*,#1034,.F.);
#1426=ORIENTED_EDGE('',*,*,#1045,.T.);
#1427=ORIENTED_EDGE('',*,*,#1046,.F.);
#1428=ORIENTED_EDGE('',*,*,#1045,.F.);
#1429=ORIENTED_EDGE('',*,*,#1036,.F.);
#1430=ORIENTED_EDGE('',*,*,#1047,.T.);
#1431=ORIENTED_EDGE('',*,*,#1044,.F.);
#1432=ORIENTED_EDGE('',*,*,#1047,.F.);
#1433=ORIENTED_EDGE('',*,*,#1048,.F.);
#1434=ORIENTED_EDGE('',*,*,#1049,.T.);
#1435=ORIENTED_EDGE('',*,*,#1050,.F.);
#1436=ORIENTED_EDGE('',*,*,#1049,.F.);
#1437=ORIENTED_EDGE('',*,*,#1051,.F.);
#1438=ORIENTED_EDGE('',*,*,#1052,.T.);
#1439=ORIENTED_EDGE('',*,*,#1053,.F.);
#1440=ORIENTED_EDGE('',*,*,#1052,.F.);
#1441=ORIENTED_EDGE('',*,*,#1033,.T.);
#1442=ORIENTED_EDGE('',*,*,#843,.T.);
#1443=ORIENTED_EDGE('',*,*,#1054,.T.);
#1444=ORIENTED_EDGE('',*,*,#867,.T.);
#1445=ORIENTED_EDGE('',*,*,#967,.T.);
#1446=ORIENTED_EDGE('',*,*,#885,.T.);
#1447=ORIENTED_EDGE('',*,*,#993,.T.);
#1448=ORIENTED_EDGE('',*,*,#915,.T.);
#1449=ORIENTED_EDGE('',*,*,#1016,.T.);
#1450=ORIENTED_EDGE('',*,*,#933,.T.);
#1451=ORIENTED_EDGE('',*,*,#1038,.T.);
#1452=ORIENTED_EDGE('',*,*,#1055,.T.);
#1453=ORIENTED_EDGE('',*,*,#1019,.T.);
#1454=ORIENTED_EDGE('',*,*,#1056,.T.);
#1455=ORIENTED_EDGE('',*,*,#996,.T.);
#1456=ORIENTED_EDGE('',*,*,#1057,.T.);
#1457=ORIENTED_EDGE('',*,*,#975,.T.);
#1458=ORIENTED_EDGE('',*,*,#1058,.T.);
#1459=ORIENTED_EDGE('',*,*,#1059,.T.);
#1460=ORIENTED_EDGE('',*,*,#1060,.T.);
#1461=ORIENTED_EDGE('',*,*,#1061,.F.);
#1462=ORIENTED_EDGE('',*,*,#839,.T.);
#1463=ORIENTED_EDGE('',*,*,#834,.T.);
#1464=ORIENTED_EDGE('',*,*,#840,.F.);
#1465=ORIENTED_EDGE('',*,*,#1062,.F.);
#1466=ORIENTED_EDGE('',*,*,#859,.F.);
#1467=ORIENTED_EDGE('',*,*,#854,.T.);
#1468=ORIENTED_EDGE('',*,*,#856,.F.);
#1469=ORIENTED_EDGE('',*,*,#972,.F.);
#1470=ORIENTED_EDGE('',*,*,#1063,.F.);
#1471=ORIENTED_EDGE('',*,*,#1064,.F.);
#1472=ORIENTED_EDGE('',*,*,#1065,.F.);
#1473=ORIENTED_EDGE('',*,*,#973,.F.);
#1474=ORIENTED_EDGE('',*,*,#857,.T.);
#1475=ORIENTED_EDGE('',*,*,#852,.T.);
#1476=ORIENTED_EDGE('',*,*,#858,.F.);
#1477=ORIENTED_EDGE('',*,*,#1066,.F.);
#1478=ORIENTED_EDGE('',*,*,#841,.F.);
#1479=ORIENTED_EDGE('',*,*,#836,.T.);
#1480=ORIENTED_EDGE('',*,*,#838,.F.);
#1481=ORIENTED_EDGE('',*,*,#1062,.T.);
#1482=ORIENTED_EDGE('',*,*,#850,.F.);
#1483=ORIENTED_EDGE('',*,*,#1067,.F.);
#1484=ORIENTED_EDGE('',*,*,#860,.T.);
#1485=ORIENTED_EDGE('',*,*,#1048,.T.);
#1486=ORIENTED_EDGE('',*,*,#1031,.T.);
#1487=ORIENTED_EDGE('',*,*,#1068,.T.);
#1488=ORIENTED_EDGE('',*,*,#1059,.F.);
#1489=ORIENTED_EDGE('',*,*,#1069,.F.);
#1490=ORIENTED_EDGE('',*,*,#1064,.T.);
#1491=ORIENTED_EDGE('',*,*,#837,.T.);
#1492=ORIENTED_EDGE('',*,*,#1061,.T.);
#1493=ORIENTED_EDGE('',*,*,#1070,.F.);
#1494=ORIENTED_EDGE('',*,*,#1071,.F.);
#1495=ORIENTED_EDGE('',*,*,#1042,.T.);
#1496=ORIENTED_EDGE('',*,*,#1027,.T.);
#1497=ORIENTED_EDGE('',*,*,#950,.T.);
#1498=ORIENTED_EDGE('',*,*,#1063,.T.);
#1499=ORIENTED_EDGE('',*,*,#971,.F.);
#1500=ORIENTED_EDGE('',*,*,#1072,.F.);
#1501=ORIENTED_EDGE('',*,*,#1070,.T.);
#1502=ORIENTED_EDGE('',*,*,#1050,.T.);
#1503=ORIENTED_EDGE('',*,*,#1013,.T.);
#1504=ORIENTED_EDGE('',*,*,#1020,.T.);
#1505=ORIENTED_EDGE('',*,*,#1055,.F.);
#1506=ORIENTED_EDGE('',*,*,#1037,.F.);
#1507=ORIENTED_EDGE('',*,*,#1004,.T.);
#1508=ORIENTED_EDGE('',*,*,#990,.T.);
#1509=ORIENTED_EDGE('',*,*,#997,.T.);
#1510=ORIENTED_EDGE('',*,*,#1056,.F.);
#1511=ORIENTED_EDGE('',*,*,#1018,.F.);
#1512=ORIENTED_EDGE('',*,*,#984,.T.);
#1513=ORIENTED_EDGE('',*,*,#964,.T.);
#1514=ORIENTED_EDGE('',*,*,#976,.T.);
#1515=ORIENTED_EDGE('',*,*,#1057,.F.);
#1516=ORIENTED_EDGE('',*,*,#995,.F.);
#1517=ORIENTED_EDGE('',*,*,#955,.T.);
#1518=ORIENTED_EDGE('',*,*,#1065,.T.);
#1519=ORIENTED_EDGE('',*,*,#1069,.T.);
#1520=ORIENTED_EDGE('',*,*,#1058,.F.);
#1521=ORIENTED_EDGE('',*,*,#974,.F.);
#1522=ORIENTED_EDGE('',*,*,#1053,.T.);
#1523=ORIENTED_EDGE('',*,*,#1030,.T.);
#1524=ORIENTED_EDGE('',*,*,#1039,.T.);
#1525=ORIENTED_EDGE('',*,*,#1060,.F.);
#1526=ORIENTED_EDGE('',*,*,#1068,.F.);
#1527=ORIENTED_EDGE('',*,*,#1046,.T.);
#1528=ORIENTED_EDGE('',*,*,#1066,.T.);
#1529=ORIENTED_EDGE('',*,*,#868,.T.);
#1530=ORIENTED_EDGE('',*,*,#1054,.F.);
#1531=ORIENTED_EDGE('',*,*,#842,.F.);
#1532=ORIENTED_EDGE('',*,*,#1051,.T.);
#1533=ORIENTED_EDGE('',*,*,#1041,.T.);
#1534=ORIENTED_EDGE('',*,*,#1043,.T.);
#1535=ORIENTED_EDGE('',*,*,#1071,.T.);
#1536=ORIENTED_EDGE('',*,*,#1072,.T.);
#1537=ORIENTED_EDGE('',*,*,#970,.T.);
#1538=ORIENTED_EDGE('',*,*,#978,.T.);
#1539=ORIENTED_EDGE('',*,*,#999,.T.);
#1540=ORIENTED_EDGE('',*,*,#1001,.T.);
#1541=ORIENTED_EDGE('',*,*,#1022,.T.);
#1542=ORIENTED_EDGE('',*,*,#1024,.T.);
#1543=ORIENTED_EDGE('',*,*,#1035,.T.);
#1544=ORIENTED_EDGE('',*,*,#927,.F.);
#1545=ORIENTED_EDGE('',*,*,#1017,.T.);
#1546=ORIENTED_EDGE('',*,*,#909,.F.);
#1547=ORIENTED_EDGE('',*,*,#994,.T.);
#1548=ORIENTED_EDGE('',*,*,#879,.F.);
#1549=ORIENTED_EDGE('',*,*,#968,.T.);
#1550=ORIENTED_EDGE('',*,*,#861,.F.);
#1551=ORIENTED_EDGE('',*,*,#1067,.T.);
#1552=ORIENTED_EDGE('',*,*,#849,.F.);
#1553=PLANE('',#1703);
#1554=PLANE('',#1704);
#1555=PLANE('',#1705);
#1556=PLANE('',#1706);
#1557=PLANE('',#1707);
#1558=PLANE('',#1708);
#1559=PLANE('',#1709);
#1560=PLANE('',#1710);
#1561=PLANE('',#1711);
#1562=PLANE('',#1712);
#1563=PLANE('',#1713);
#1564=PLANE('',#1714);
#1565=PLANE('',#1715);
#1566=PLANE('',#1716);
#1567=PLANE('',#1717);
#1568=PLANE('',#1718);
#1569=PLANE('',#1719);
#1570=PLANE('',#1720);
#1571=PLANE('',#1721);
#1572=PLANE('',#1722);
#1573=PLANE('',#1723);
#1574=PLANE('',#1724);
#1575=PLANE('',#1725);
#1576=PLANE('',#1726);
#1577=PLANE('',#1727);
#1578=PLANE('',#1734);
#1579=PLANE('',#1735);
#1580=PLANE('',#1736);
#1581=PLANE('',#1737);
#1582=PLANE('',#1738);
#1583=PLANE('',#1739);
#1584=PLANE('',#1746);
#1585=PLANE('',#1747);
#1586=PLANE('',#1748);
#1587=PLANE('',#1749);
#1588=PLANE('',#1750);
#1589=PLANE('',#1751);
#1590=PLANE('',#1758);
#1591=PLANE('',#1759);
#1592=PLANE('',#1760);
#1593=PLANE('',#1761);
#1594=PLANE('',#1762);
#1595=PLANE('',#1763);
#1596=PLANE('',#1764);
#1597=PLANE('',#1765);
#1598=PLANE('',#1766);
#1599=PLANE('',#1768);
#1600=PLANE('',#1770);
#1601=PLANE('',#1771);
#1602=PLANE('',#1782);
#1603=PLANE('',#1783);
#1604=PLANE('',#1784);
#1605=PLANE('',#1785);
#1606=PLANE('',#1786);
#1607=PLANE('',#1787);
#1608=PLANE('',#1788);
#1609=PLANE('',#1789);
#1610=PLANE('',#1790);
#1611=PLANE('',#1791);
#1612=PLANE('',#1792);
#1613=PLANE('',#1793);
#1614=PLANE('',#1794);
#1615=PLANE('',#1795);
#1616=ADVANCED_FACE('',(#66),#1553,.F.);
#1617=ADVANCED_FACE('',(#67),#1554,.F.);
#1618=ADVANCED_FACE('',(#68),#1555,.T.);
#1619=ADVANCED_FACE('',(#69),#1556,.F.);
#1620=ADVANCED_FACE('',(#70),#1557,.F.);
#1621=ADVANCED_FACE('',(#71),#1558,.T.);
#1622=ADVANCED_FACE('',(#72),#1559,.F.);
#1623=ADVANCED_FACE('',(#73),#1560,.F.);
#1624=ADVANCED_FACE('',(#74),#1561,.T.);
#1625=ADVANCED_FACE('',(#75),#1562,.F.);
#1626=ADVANCED_FACE('',(#76),#1563,.F.);
#1627=ADVANCED_FACE('',(#77),#1564,.F.);
#1628=ADVANCED_FACE('',(#78),#1565,.F.);
#1629=ADVANCED_FACE('',(#79),#1566,.F.);
#1630=ADVANCED_FACE('',(#80),#1567,.F.);
#1631=ADVANCED_FACE('',(#81),#1568,.T.);
#1632=ADVANCED_FACE('',(#82),#1569,.F.);
#1633=ADVANCED_FACE('',(#83),#1570,.F.);
#1634=ADVANCED_FACE('',(#84),#1571,.T.);
#1635=ADVANCED_FACE('',(#85),#1572,.F.);
#1636=ADVANCED_FACE('',(#86),#1573,.F.);
#1637=ADVANCED_FACE('',(#87),#1574,.F.);
#1638=ADVANCED_FACE('',(#88),#1575,.F.);
#1639=ADVANCED_FACE('',(#89),#1576,.F.);
#1640=ADVANCED_FACE('',(#90),#1577,.F.);
#1641=ADVANCED_FACE('',(#91),#56,.F.);
#1642=ADVANCED_FACE('',(#92),#57,.F.);
#1643=ADVANCED_FACE('',(#93),#1578,.F.);
#1644=ADVANCED_FACE('',(#94),#1579,.F.);
#1645=ADVANCED_FACE('',(#95,#15),#1580,.F.);
#1646=ADVANCED_FACE('',(#96,#16),#1581,.F.);
#1647=ADVANCED_FACE('',(#97),#1582,.F.);
#1648=ADVANCED_FACE('',(#98,#17),#1583,.F.);
#1649=ADVANCED_FACE('',(#99),#58,.F.);
#1650=ADVANCED_FACE('',(#100),#59,.F.);
#1651=ADVANCED_FACE('',(#101),#1584,.F.);
#1652=ADVANCED_FACE('',(#102),#1585,.F.);
#1653=ADVANCED_FACE('',(#103,#18),#1586,.F.);
#1654=ADVANCED_FACE('',(#104,#19),#1587,.F.);
#1655=ADVANCED_FACE('',(#105),#1588,.F.);
#1656=ADVANCED_FACE('',(#106,#20),#1589,.F.);
#1657=ADVANCED_FACE('',(#107),#60,.F.);
#1658=ADVANCED_FACE('',(#108),#61,.F.);
#1659=ADVANCED_FACE('',(#109),#1590,.F.);
#1660=ADVANCED_FACE('',(#110),#1591,.F.);
#1661=ADVANCED_FACE('',(#111,#21),#1592,.F.);
#1662=ADVANCED_FACE('',(#112,#22),#1593,.F.);
#1663=ADVANCED_FACE('',(#113),#1594,.F.);
#1664=ADVANCED_FACE('',(#114,#23),#1595,.F.);
#1665=ADVANCED_FACE('',(#115),#1596,.F.);
#1666=ADVANCED_FACE('',(#116),#1597,.F.);
#1667=ADVANCED_FACE('',(#117,#24),#1598,.F.);
#1668=ADVANCED_FACE('',(#118,#25),#1599,.F.);
#1669=ADVANCED_FACE('',(#119),#1600,.F.);
#1670=ADVANCED_FACE('',(#120,#26),#1601,.F.);
#1671=ADVANCED_FACE('',(#121),#62,.F.);
#1672=ADVANCED_FACE('',(#122),#63,.F.);
#1673=ADVANCED_FACE('',(#123),#64,.F.);
#1674=ADVANCED_FACE('',(#124),#65,.F.);
#1675=ADVANCED_FACE('',(#125,#27),#1602,.T.);
#1676=ADVANCED_FACE('',(#126),#1603,.F.);
#1677=ADVANCED_FACE('',(#127),#1604,.F.);
#1678=ADVANCED_FACE('',(#128,#28),#1605,.F.);
#1679=ADVANCED_FACE('',(#129),#1606,.F.);
#1680=ADVANCED_FACE('',(#130,#29),#1607,.F.);
#1681=ADVANCED_FACE('',(#131,#30),#1608,.F.);
#1682=ADVANCED_FACE('',(#132,#31),#1609,.F.);
#1683=ADVANCED_FACE('',(#133,#32),#1610,.F.);
#1684=ADVANCED_FACE('',(#134,#33),#1611,.F.);
#1685=ADVANCED_FACE('',(#135,#34),#1612,.F.);
#1686=ADVANCED_FACE('',(#136,#35),#1613,.F.);
#1687=ADVANCED_FACE('',(#137),#1614,.F.);
#1688=ADVANCED_FACE('',(#138),#1615,.F.);
#1689=CLOSED_SHELL('',(#1616,#1617,#1618,#1619,#1620,#1621,#1622,#1623,
#1624,#1625,#1626,#1627,#1628,#1629,#1630,#1631,#1632,#1633,#1634,#1635,
#1636,#1637,#1638,#1639,#1640,#1641,#1642,#1643,#1644,#1645,#1646,#1647,
#1648,#1649,#1650,#1651,#1652,#1653,#1654,#1655,#1656,#1657,#1658,#1659,
#1660,#1661,#1662,#1663,#1664,#1665,#1666,#1667,#1668,#1669,#1670,#1671,
#1672,#1673,#1674,#1675,#1676,#1677,#1678,#1679,#1680,#1681,#1682,#1683,
#1684,#1685,#1686,#1687,#1688));
#1690=DERIVED_UNIT_ELEMENT(#1692,1.);
#1691=DERIVED_UNIT_ELEMENT(#2683,-3.);
#1692=(
MASS_UNIT()
NAMED_UNIT(*)
SI_UNIT(.KILO.,.GRAM.)
);
#1693=DERIVED_UNIT((#1690,#1691));
#1694=MEASURE_REPRESENTATION_ITEM('density measure',
POSITIVE_RATIO_MEASURE(7850.),#1693);
#1695=PROPERTY_DEFINITION_REPRESENTATION(#1700,#1697);
#1696=PROPERTY_DEFINITION_REPRESENTATION(#1701,#1698);
#1697=REPRESENTATION('material name',(#1699),#2680);
#1698=REPRESENTATION('density',(#1694),#2680);
#1699=DESCRIPTIVE_REPRESENTATION_ITEM('Steel','Steel');
#1700=PROPERTY_DEFINITION('material property','material name',#2690);
#1701=PROPERTY_DEFINITION('material property','density of part',#2690);
#1702=AXIS2_PLACEMENT_3D('',#2204,#1796,#1797);
#1703=AXIS2_PLACEMENT_3D('',#2205,#1798,#1799);
#1704=AXIS2_PLACEMENT_3D('',#2214,#1804,#1805);
#1705=AXIS2_PLACEMENT_3D('',#2220,#1809,#1810);
#1706=AXIS2_PLACEMENT_3D('',#2242,#1822,#1823);
#1707=AXIS2_PLACEMENT_3D('',#2251,#1828,#1829);
#1708=AXIS2_PLACEMENT_3D('',#2257,#1833,#1834);
#1709=AXIS2_PLACEMENT_3D('',#2279,#1846,#1847);
#1710=AXIS2_PLACEMENT_3D('',#2288,#1852,#1853);
#1711=AXIS2_PLACEMENT_3D('',#2294,#1857,#1858);
#1712=AXIS2_PLACEMENT_3D('',#2316,#1870,#1871);
#1713=AXIS2_PLACEMENT_3D('',#2322,#1875,#1876);
#1714=AXIS2_PLACEMENT_3D('',#2328,#1880,#1881);
#1715=AXIS2_PLACEMENT_3D('',#2334,#1885,#1886);
#1716=AXIS2_PLACEMENT_3D('',#2340,#1890,#1891);
#1717=AXIS2_PLACEMENT_3D('',#2349,#1896,#1897);
#1718=AXIS2_PLACEMENT_3D('',#2355,#1901,#1902);
#1719=AXIS2_PLACEMENT_3D('',#2377,#1914,#1915);
#1720=AXIS2_PLACEMENT_3D('',#2386,#1920,#1921);
#1721=AXIS2_PLACEMENT_3D('',#2392,#1925,#1926);
#1722=AXIS2_PLACEMENT_3D('',#2414,#1938,#1939);
#1723=AXIS2_PLACEMENT_3D('',#2420,#1943,#1944);
#1724=AXIS2_PLACEMENT_3D('',#2426,#1948,#1949);
#1725=AXIS2_PLACEMENT_3D('',#2432,#1953,#1954);
#1726=AXIS2_PLACEMENT_3D('',#2438,#1958,#1959);
#1727=AXIS2_PLACEMENT_3D('',#2444,#1963,#1964);
#1728=AXIS2_PLACEMENT_3D('',#2450,#1968,#1969);
#1729=AXIS2_PLACEMENT_3D('',#2452,#1970,#1971);
#1730=AXIS2_PLACEMENT_3D('',#2455,#1973,#1974);
#1731=AXIS2_PLACEMENT_3D('',#2456,#1975,#1976);
#1732=AXIS2_PLACEMENT_3D('',#2458,#1977,#1978);
#1733=AXIS2_PLACEMENT_3D('',#2461,#1980,#1981);
#1734=AXIS2_PLACEMENT_3D('',#2462,#1982,#1983);
#1735=AXIS2_PLACEMENT_3D('',#2469,#1988,#1989);
#1736=AXIS2_PLACEMENT_3D('',#2476,#1994,#1995);
#1737=AXIS2_PLACEMENT_3D('',#2478,#1997,#1998);
#1738=AXIS2_PLACEMENT_3D('',#2480,#2000,#2001);
#1739=AXIS2_PLACEMENT_3D('',#2495,#2010,#2011);
#1740=AXIS2_PLACEMENT_3D('',#2499,#2014,#2015);
#1741=AXIS2_PLACEMENT_3D('',#2501,#2016,#2017);
#1742=AXIS2_PLACEMENT_3D('',#2504,#2019,#2020);
#1743=AXIS2_PLACEMENT_3D('',#2505,#2021,#2022);
#1744=AXIS2_PLACEMENT_3D('',#2507,#2023,#2024);
#1745=AXIS2_PLACEMENT_3D('',#2510,#2026,#2027);
#1746=AXIS2_PLACEMENT_3D('',#2511,#2028,#2029);
#1747=AXIS2_PLACEMENT_3D('',#2518,#2034,#2035);
#1748=AXIS2_PLACEMENT_3D('',#2525,#2040,#2041);
#1749=AXIS2_PLACEMENT_3D('',#2527,#2043,#2044);
#1750=AXIS2_PLACEMENT_3D('',#2529,#2046,#2047);
#1751=AXIS2_PLACEMENT_3D('',#2538,#2053,#2054);
#1752=AXIS2_PLACEMENT_3D('',#2542,#2057,#2058);
#1753=AXIS2_PLACEMENT_3D('',#2544,#2059,#2060);
#1754=AXIS2_PLACEMENT_3D('',#2547,#2062,#2063);
#1755=AXIS2_PLACEMENT_3D('',#2548,#2064,#2065);
#1756=AXIS2_PLACEMENT_3D('',#2550,#2066,#2067);
#1757=AXIS2_PLACEMENT_3D('',#2553,#2069,#2070);
#1758=AXIS2_PLACEMENT_3D('',#2554,#2071,#2072);
#1759=AXIS2_PLACEMENT_3D('',#2561,#2077,#2078);
#1760=AXIS2_PLACEMENT_3D('',#2568,#2083,#2084);
#1761=AXIS2_PLACEMENT_3D('',#2570,#2086,#2087);
#1762=AXIS2_PLACEMENT_3D('',#2572,#2089,#2090);
#1763=AXIS2_PLACEMENT_3D('',#2581,#2096,#2097);
#1764=AXIS2_PLACEMENT_3D('',#2585,#2100,#2101);
#1765=AXIS2_PLACEMENT_3D('',#2592,#2106,#2107);
#1766=AXIS2_PLACEMENT_3D('',#2599,#2112,#2113);
#1767=AXIS2_PLACEMENT_3D('',#2602,#2115,#2116);
#1768=AXIS2_PLACEMENT_3D('',#2603,#2117,#2118);
#1769=AXIS2_PLACEMENT_3D('',#2606,#2120,#2121);
#1770=AXIS2_PLACEMENT_3D('',#2607,#2122,#2123);
#1771=AXIS2_PLACEMENT_3D('',#2616,#2129,#2130);
#1772=AXIS2_PLACEMENT_3D('',#2621,#2133,#2134);
#1773=AXIS2_PLACEMENT_3D('',#2622,#2135,#2136);
#1774=AXIS2_PLACEMENT_3D('',#2625,#2138,#2139);
#1775=AXIS2_PLACEMENT_3D('',#2626,#2140,#2141);
#1776=AXIS2_PLACEMENT_3D('',#2628,#2143,#2144);
#1777=AXIS2_PLACEMENT_3D('',#2630,#2145,#2146);
#1778=AXIS2_PLACEMENT_3D('',#2633,#2148,#2149);
#1779=AXIS2_PLACEMENT_3D('',#2634,#2150,#2151);
#1780=AXIS2_PLACEMENT_3D('',#2636,#2152,#2153);
#1781=AXIS2_PLACEMENT_3D('',#2639,#2155,#2156);
#1782=AXIS2_PLACEMENT_3D('',#2640,#2157,#2158);
#1783=AXIS2_PLACEMENT_3D('',#2650,#2166,#2167);
#1784=AXIS2_PLACEMENT_3D('',#2655,#2171,#2172);
#1785=AXIS2_PLACEMENT_3D('',#2660,#2176,#2177);
#1786=AXIS2_PLACEMENT_3D('',#2662,#2179,#2180);
#1787=AXIS2_PLACEMENT_3D('',#2668,#2185,#2186);
#1788=AXIS2_PLACEMENT_3D('',#2670,#2188,#2189);
#1789=AXIS2_PLACEMENT_3D('',#2671,#2190,#2191);
#1790=AXIS2_PLACEMENT_3D('',#2672,#2192,#2193);
#1791=AXIS2_PLACEMENT_3D('',#2673,#2194,#2195);
#1792=AXIS2_PLACEMENT_3D('',#2674,#2196,#2197);
#1793=AXIS2_PLACEMENT_3D('',#2675,#2198,#2199);
#1794=AXIS2_PLACEMENT_3D('',#2676,#2200,#2201);
#1795=AXIS2_PLACEMENT_3D('',#2677,#2202,#2203);
#1796=DIRECTION('axis',(0.,0.,1.));
#1797=DIRECTION('refdir',(1.,0.,0.));
#1798=DIRECTION('center_axis',(1.,0.,0.));
#1799=DIRECTION('ref_axis',(0.,0.,-1.));
#1800=DIRECTION('',(0.,1.,0.));
#1801=DIRECTION('',(0.,0.,-1.));
#1802=DIRECTION('',(0.,-1.,0.));
#1803=DIRECTION('',(0.,0.,1.));
#1804=DIRECTION('center_axis',(0.,0.,1.));
#1805=DIRECTION('ref_axis',(0.,-1.,0.));
#1806=DIRECTION('',(0.,-1.,0.));
#1807=DIRECTION('',(1.,0.,0.));
#1808=DIRECTION('',(1.,0.,0.));
#1809=DIRECTION('center_axis',(0.587785252292473,0.,-0.809016994374948));
#1810=DIRECTION('ref_axis',(-0.809016994374947,0.,-0.587785252292473));
#1811=DIRECTION('',(0.809016994374947,0.,0.587785252292473));
#1812=DIRECTION('',(-0.809016994374947,0.,-0.587785252292473));
#1813=DIRECTION('',(0.,1.,0.));
#1814=DIRECTION('',(-0.809016994374947,0.,-0.587785252292473));
#1815=DIRECTION('',(0.,1.,0.));
#1816=DIRECTION('',(-0.809016994374947,1.3051454412604E-16,-0.587785252292473));
#1817=DIRECTION('',(0.,-1.,0.));
#1818=DIRECTION('',(0.809016994374947,-1.3051454412604E-16,0.587785252292473));
#1819=DIRECTION('',(0.,1.,0.));
#1820=DIRECTION('',(-0.809016994374947,0.,-0.587785252292473));
#1821=DIRECTION('',(0.,1.,0.));
#1822=DIRECTION('center_axis',(-1.,0.,0.));
#1823=DIRECTION('ref_axis',(0.,0.,1.));
#1824=DIRECTION('',(0.,-1.,0.));
#1825=DIRECTION('',(0.,0.,-1.));
#1826=DIRECTION('',(0.,1.,0.));
#1827=DIRECTION('',(0.,0.,1.));
#1828=DIRECTION('center_axis',(0.,0.,1.));
#1829=DIRECTION('ref_axis',(0.,1.,0.));
#1830=DIRECTION('',(0.,1.,0.));
#1831=DIRECTION('',(-1.,0.,0.));
#1832=DIRECTION('',(-1.,0.,0.));
#1833=DIRECTION('center_axis',(-0.587785252292473,0.,-0.809016994374947));
#1834=DIRECTION('ref_axis',(-0.809016994374947,0.,0.587785252292473));
#1835=DIRECTION('',(-0.809016994374947,0.,0.587785252292473));
#1836=DIRECTION('',(-0.809016994374947,0.,0.587785252292473));
#1837=DIRECTION('',(0.,1.,0.));
#1838=DIRECTION('',(0.809016994374947,0.,-0.587785252292473));
#1839=DIRECTION('',(0.,-1.,0.));
#1840=DIRECTION('',(0.809016994374947,3.26286360315101E-16,-0.587785252292473));
#1841=DIRECTION('',(0.,1.,0.));
#1842=DIRECTION('',(-0.809016994374947,-3.26286360315101E-16,0.587785252292473));
#1843=DIRECTION('',(0.,-1.,0.));
#1844=DIRECTION('',(0.809016994374947,0.,-0.587785252292473));
#1845=DIRECTION('',(0.,1.,0.));
#1846=DIRECTION('center_axis',(-0.309016994374954,0.,0.951056516295152));
#1847=DIRECTION('ref_axis',(0.951056516295152,0.,0.309016994374954));
#1848=DIRECTION('',(0.,-1.,0.));
#1849=DIRECTION('',(-0.951056516295156,-5.55111512312578E-16,-0.309016994374941));
#1850=DIRECTION('',(5.14021164017087E-17,1.,1.58199447425505E-16));
#1851=DIRECTION('',(0.951056516295156,5.55111512312578E-16,0.309016994374941));
#1852=DIRECTION('center_axis',(0.951056516295152,-9.7772635510415E-17,0.309016994374954));
#1853=DIRECTION('ref_axis',(5.14021164017087E-17,1.,1.58199447425505E-16));
#1854=DIRECTION('',(5.14021164017087E-17,1.,1.58199447425505E-16));
#1855=DIRECTION('',(-0.309016994374954,0.,0.951056516295152));
#1856=DIRECTION('',(-0.309016994374954,0.,0.951056516295152));
#1857=DIRECTION('center_axis',(-0.951056516295154,0.,0.309016994374947));
#1858=DIRECTION('ref_axis',(0.309016994374947,0.,0.951056516295154));
#1859=DIRECTION('',(0.309016994374947,3.26286360315108E-16,0.951056516295154));
#1860=DIRECTION('',(-0.309016994374947,-3.26286360315108E-16,-0.951056516295154));
#1861=DIRECTION('',(0.,1.,0.));
#1862=DIRECTION('',(0.309016994374947,0.,0.951056516295154));
#1863=DIRECTION('',(0.,1.,0.));
#1864=DIRECTION('',(-0.309016994374947,-1.95771816189065E-16,-0.951056516295154));
#1865=DIRECTION('',(0.,1.,0.));
#1866=DIRECTION('',(0.309016994374947,1.95771816189065E-16,0.951056516295154));
#1867=DIRECTION('',(0.,1.,0.));
#1868=DIRECTION('',(0.309016994374947,0.,0.951056516295154));
#1869=DIRECTION('',(0.,1.,0.));
#1870=DIRECTION('center_axis',(0.309016994374957,0.,-0.951056516295151));
#1871=DIRECTION('ref_axis',(-0.95105651629515,0.,-0.309016994374957));
#1872=DIRECTION('',(-0.951056516295156,-5.55111512312578E-16,-0.309016994374941));
#1873=DIRECTION('',(6.72862439166765E-17,-1.,-4.88863177552075E-17));
#1874=DIRECTION('',(0.951056516295156,5.55111512312578E-16,0.309016994374941));
#1875=DIRECTION('center_axis',(0.951056516295151,4.88863177552068E-17,0.309016994374957));
#1876=DIRECTION('ref_axis',(6.72862439166765E-17,-1.,-4.88863177552074E-17));
#1877=DIRECTION('',(6.72862439166765E-17,-1.,-4.88863177552074E-17));
#1878=DIRECTION('',(0.309016994374957,0.,-0.95105651629515));
#1879=DIRECTION('',(0.309016994374957,0.,-0.95105651629515));
#1880=DIRECTION('center_axis',(-0.809016994374952,0.,-0.587785252292466));
#1881=DIRECTION('ref_axis',(-0.587785252292466,0.,0.809016994374952));
#1882=DIRECTION('',(-0.587785252292472,3.33066907387547E-16,0.809016994374948));
#1883=DIRECTION('',(-1.67056878305554E-16,-1.,-5.14148204132893E-16));
#1884=DIRECTION('',(0.587785252292472,-3.33066907387547E-16,-0.809016994374948));
#1885=DIRECTION('center_axis',(0.587785252292466,3.17761065408851E-16,-0.809016994374952));
#1886=DIRECTION('ref_axis',(-1.67056878305554E-16,-1.,-5.14148204132893E-16));
#1887=DIRECTION('',(-1.67056878305554E-16,-1.,-5.14148204132893E-16));
#1888=DIRECTION('',(-0.809016994374952,0.,-0.587785252292466));
#1889=DIRECTION('',(-0.809016994374952,0.,-0.587785252292466));
#1890=DIRECTION('center_axis',(0.809016994374952,0.,0.587785252292466));
#1891=DIRECTION('ref_axis',(0.587785252292466,0.,-0.809016994374952));
#1892=DIRECTION('',(0.,-1.,0.));
#1893=DIRECTION('',(-0.587785252292472,3.33066907387547E-16,0.809016994374948));
#1894=DIRECTION('',(-2.91096300010752E-16,1.,2.80466739302133E-32));
#1895=DIRECTION('',(0.587785252292472,-3.33066907387547E-16,-0.809016994374948));
#1896=DIRECTION('center_axis',(0.587785252292466,1.71102112143223E-16,-0.809016994374952));
#1897=DIRECTION('ref_axis',(-2.91096300010752E-16,1.,2.80466739302133E-32));
#1898=DIRECTION('',(-2.91096300010752E-16,1.,2.80466739302133E-32));
#1899=DIRECTION('',(0.809016994374952,0.,0.587785252292466));
#1900=DIRECTION('',(0.809016994374952,0.,0.587785252292466));
#1901=DIRECTION('center_axis',(9.63484384005478E-17,0.,1.));
#1902=DIRECTION('ref_axis',(1.,0.,-9.63484384005478E-17));
#1903=DIRECTION('',(1.,-1.95771816189061E-16,-9.63484384005478E-17));
#1904=DIRECTION('',(-1.,1.95771816189061E-16,9.63484384005478E-17));
#1905=DIRECTION('',(0.,1.,0.));
#1906=DIRECTION('',(1.,0.,-9.63484384005478E-17));
#1907=DIRECTION('',(0.,1.,0.));
#1908=DIRECTION('',(-1.,0.,9.63484384005478E-17));
#1909=DIRECTION('',(0.,1.,0.));
#1910=DIRECTION('',(1.,0.,-9.63484384005478E-17));
#1911=DIRECTION('',(0.,1.,0.));
#1912=DIRECTION('',(1.,0.,-9.63484384005478E-17));
#1913=DIRECTION('',(0.,1.,0.));
#1914=DIRECTION('center_axis',(0.809016994374952,0.,-0.587785252292466));
#1915=DIRECTION('ref_axis',(-0.587785252292466,0.,-0.809016994374952));
#1916=DIRECTION('',(0.,-1.,0.));
#1917=DIRECTION('',(0.587785252292474,0.,0.809016994374947));
#1918=DIRECTION('',(-5.14021164017089E-17,1.,1.58199447425505E-16));
#1919=DIRECTION('',(-0.587785252292474,0.,-0.809016994374947));
#1920=DIRECTION('center_axis',(-0.587785252292466,9.77726355104155E-17,
-0.809016994374952));
#1921=DIRECTION('ref_axis',(-5.14021164017089E-17,1.,1.58199447425505E-16));
#1922=DIRECTION('',(-5.14021164017089E-17,1.,1.58199447425505E-16));
#1923=DIRECTION('',(0.809016994374952,0.,-0.587785252292466));
#1924=DIRECTION('',(0.809016994374952,0.,-0.587785252292466));
#1925=DIRECTION('center_axis',(0.951056516295154,0.,0.309016994374948));
#1926=DIRECTION('ref_axis',(0.309016994374948,0.,-0.951056516295153));
#1927=DIRECTION('',(0.309016994374948,0.,-0.951056516295153));
#1928=DIRECTION('',(-0.309016994374948,0.,0.951056516295153));
#1929=DIRECTION('',(0.,1.,0.));
#1930=DIRECTION('',(0.309016994374948,0.,-0.951056516295153));
#1931=DIRECTION('',(0.,1.,0.));
#1932=DIRECTION('',(-0.309016994374948,1.30514544126043E-16,0.951056516295153));
#1933=DIRECTION('',(0.,1.,0.));
#1934=DIRECTION('',(0.309016994374948,-1.30514544126043E-16,-0.951056516295153));
#1935=DIRECTION('',(0.,1.,0.));
#1936=DIRECTION('',(0.309016994374948,0.,-0.951056516295153));
#1937=DIRECTION('',(0.,1.,0.));
#1938=DIRECTION('center_axis',(-0.809016994374952,0.,0.587785252292466));
#1939=DIRECTION('ref_axis',(0.587785252292466,0.,0.809016994374952));
#1940=DIRECTION('',(0.587785252292474,0.,0.809016994374947));
#1941=DIRECTION('',(-3.74266671442395E-16,-1.,3.60600093388457E-32));
#1942=DIRECTION('',(-0.587785252292474,0.,-0.809016994374947));
#1943=DIRECTION('center_axis',(-0.587785252292466,2.1998842989843E-16,-0.809016994374952));
#1944=DIRECTION('ref_axis',(-3.74266671442395E-16,-1.,3.60600093388457E-32));
#1945=DIRECTION('',(-3.74266671442395E-16,-1.,3.60600093388457E-32));
#1946=DIRECTION('',(-0.809016994374952,0.,0.587785252292466));
#1947=DIRECTION('',(-0.809016994374952,0.,0.587785252292466));
#1948=DIRECTION('center_axis',(0.309016994374954,0.,0.951056516295152));
#1949=DIRECTION('ref_axis',(0.951056516295152,0.,-0.309016994374954));
#1950=DIRECTION('',(0.951056516295153,-2.22044604925031E-16,-0.309016994374948));
#1951=DIRECTION('',(0.,-1.,0.));
#1952=DIRECTION('',(-0.951056516295153,2.22044604925031E-16,0.309016994374948));
#1953=DIRECTION('center_axis',(-0.951056516295152,0.,0.309016994374954));
#1954=DIRECTION('ref_axis',(0.,-1.,0.));
#1955=DIRECTION('',(0.,-1.,0.));
#1956=DIRECTION('',(0.309016994374954,0.,0.951056516295152));
#1957=DIRECTION('',(0.309016994374954,0.,0.951056516295152));
#1958=DIRECTION('center_axis',(-0.309016994374957,0.,-0.951056516295151));
#1959=DIRECTION('ref_axis',(-0.95105651629515,0.,0.309016994374957));
#1960=DIRECTION('',(0.951056516295153,-2.22044604925031E-16,-0.309016994374948));
#1961=DIRECTION('',(1.34572487833352E-16,1.,9.77726355104143E-17));
#1962=DIRECTION('',(-0.951056516295153,2.22044604925031E-16,0.309016994374948));
#1963=DIRECTION('center_axis',(-0.951056516295151,9.7772635510413E-17,0.309016994374957));
#1964=DIRECTION('ref_axis',(1.34572487833352E-16,1.,9.77726355104143E-17));
#1965=DIRECTION('',(1.34572487833352E-16,1.,9.77726355104143E-17));
#1966=DIRECTION('',(-0.309016994374957,0.,-0.95105651629515));
#1967=DIRECTION('',(-0.309016994374957,0.,-0.95105651629515));
#1968=DIRECTION('center_axis',(0.951056516295156,0.,0.309016994374941));
#1969=DIRECTION('ref_axis',(0.,-1.,0.));
#1970=DIRECTION('center_axis',(0.951056516295156,0.,0.309016994374941));
#1971=DIRECTION('ref_axis',(0.,-1.,0.));
#1972=DIRECTION('',(0.951056516295156,0.,0.309016994374941));
#1973=DIRECTION('center_axis',(-0.951056516295156,0.,-0.309016994374941));
#1974=DIRECTION('ref_axis',(-0.309016994374941,0.,0.951056516295156));
#1975=DIRECTION('center_axis',(0.951056516295156,0.,0.309016994374941));
#1976=DIRECTION('ref_axis',(0.,-1.,0.));
#1977=DIRECTION('center_axis',(0.951056516295156,0.,0.309016994374941));
#1978=DIRECTION('ref_axis',(0.,-1.,0.));
#1979=DIRECTION('',(0.951056516295156,0.,0.309016994374941));
#1980=DIRECTION('center_axis',(-0.951056516295156,0.,-0.309016994374941));
#1981=DIRECTION('ref_axis',(-0.309016994374941,0.,0.951056516295156));
#1982=DIRECTION('center_axis',(5.27942421055336E-16,-1.,1.71538891077761E-16));
#1983=DIRECTION('ref_axis',(0.309016994374941,0.,-0.951056516295156));
#1984=DIRECTION('',(-0.809016994374947,-3.26286360315108E-16,0.587785252292473));
#1985=DIRECTION('',(0.309016994374941,0.,-0.951056516295156));
#1986=DIRECTION('',(0.309016994374947,3.26286360315102E-16,0.951056516295154));
#1987=DIRECTION('',(-0.309016994374941,0.,0.951056516295156));
#1988=DIRECTION('center_axis',(-5.27942421055336E-16,1.,-1.71538891077761E-16));
#1989=DIRECTION('ref_axis',(-0.309016994374941,0.,0.951056516295156));
#1990=DIRECTION('',(0.809016994374947,3.26286360315108E-16,-0.587785252292473));
#1991=DIRECTION('',(0.309016994374941,0.,-0.951056516295156));
#1992=DIRECTION('',(-0.309016994374947,-3.26286360315102E-16,-0.951056516295154));
#1993=DIRECTION('',(-0.309016994374941,0.,0.951056516295156));
#1994=DIRECTION('center_axis',(0.951056516295156,0.,0.309016994374941));
#1995=DIRECTION('ref_axis',(0.309016994374941,0.,-0.951056516295156));
#1996=DIRECTION('',(-0.309016994374941,0.,0.951056516295156));
#1997=DIRECTION('center_axis',(0.951056516295156,0.,0.309016994374941));
#1998=DIRECTION('ref_axis',(0.309016994374941,0.,-0.951056516295156));
#1999=DIRECTION('',(0.309016994374941,0.,-0.951056516295156));
#2000=DIRECTION('center_axis',(-0.587785252292473,0.,-0.809016994374947));
#2001=DIRECTION('ref_axis',(-0.809016994374947,0.,0.587785252292473));
#2002=DIRECTION('',(0.,1.,0.));
#2003=DIRECTION('',(-0.809016994374947,0.,0.587785252292473));
#2004=DIRECTION('',(0.,1.,0.));
#2005=DIRECTION('',(-0.809016994374947,0.,0.587785252292473));
#2006=DIRECTION('',(0.809016994374947,0.,-0.587785252292473));
#2007=DIRECTION('',(0.,1.,0.));
#2008=DIRECTION('',(0.809016994374947,0.,-0.587785252292473));
#2009=DIRECTION('',(0.,1.,0.));
#2010=DIRECTION('center_axis',(-0.951056516295156,0.,-0.309016994374941));
#2011=DIRECTION('ref_axis',(-0.309016994374941,0.,0.951056516295156));
#2012=DIRECTION('',(0.,1.,0.));
#2013=DIRECTION('',(-0.309016994374941,0.,0.951056516295156));
#2014=DIRECTION('center_axis',(0.587785252292472,0.,-0.809016994374948));
#2015=DIRECTION('ref_axis',(0.809016994374948,0.,0.587785252292472));
#2016=DIRECTION('center_axis',(0.587785252292472,0.,-0.809016994374948));
#2017=DIRECTION('ref_axis',(0.809016994374948,0.,0.587785252292472));
#2018=DIRECTION('',(0.587785252292472,0.,-0.809016994374948));
#2019=DIRECTION('center_axis',(-0.587785252292472,0.,0.809016994374948));
#2020=DIRECTION('ref_axis',(0.809016994374949,0.,0.587785252292472));
#2021=DIRECTION('center_axis',(0.587785252292472,0.,-0.809016994374948));
#2022=DIRECTION('ref_axis',(0.809016994374948,0.,0.587785252292472));
#2023=DIRECTION('center_axis',(0.587785252292472,0.,-0.809016994374948));
#2024=DIRECTION('ref_axis',(0.809016994374948,0.,0.587785252292472));
#2025=DIRECTION('',(0.587785252292472,0.,-0.809016994374948));
#2026=DIRECTION('center_axis',(-0.587785252292472,0.,0.809016994374948));
#2027=DIRECTION('ref_axis',(0.809016994374948,0.,0.587785252292472));
#2028=DIRECTION('center_axis',(-1.95771816189063E-16,-1.,2.69456788340432E-16));
#2029=DIRECTION('ref_axis',(-0.809016994374948,0.,-0.587785252292472));
#2030=DIRECTION('',(0.309016994374947,1.95771816189063E-16,0.951056516295154));
#2031=DIRECTION('',(-0.809016994374948,-2.46519032881566E-32,-0.587785252292472));
#2032=DIRECTION('',(1.,-1.95771816189063E-16,-9.63484384005478E-17));
#2033=DIRECTION('',(0.809016994374948,2.46519032881566E-32,0.587785252292472));
#2034=DIRECTION('center_axis',(1.95771816189063E-16,1.,-2.69456788340432E-16));
#2035=DIRECTION('ref_axis',(0.809016994374948,0.,0.587785252292472));
#2036=DIRECTION('',(-0.309016994374947,-1.95771816189063E-16,-0.951056516295154));
#2037=DIRECTION('',(-0.809016994374948,-2.46519032881566E-32,-0.587785252292472));
#2038=DIRECTION('',(-1.,1.95771816189063E-16,9.63484384005478E-17));
#2039=DIRECTION('',(0.809016994374948,2.46519032881566E-32,0.587785252292472));
#2040=DIRECTION('center_axis',(0.587785252292472,0.,-0.809016994374948));
#2041=DIRECTION('ref_axis',(-0.809016994374948,0.,-0.587785252292472));
#2042=DIRECTION('',(0.809016994374948,0.,0.587785252292472));
#2043=DIRECTION('center_axis',(0.587785252292472,0.,-0.809016994374948));
#2044=DIRECTION('ref_axis',(-0.809016994374948,0.,-0.587785252292472));
#2045=DIRECTION('',(-0.809016994374948,0.,-0.587785252292472));
#2046=DIRECTION('center_axis',(-0.951056516295154,0.,0.309016994374947));
#2047=DIRECTION('ref_axis',(0.309016994374947,0.,0.951056516295154));
#2048=DIRECTION('',(0.,1.,0.));
#2049=DIRECTION('',(-0.309016994374947,0.,-0.951056516295154));
#2050=DIRECTION('',(0.,1.,0.));
#2051=DIRECTION('',(0.,1.,0.));
#2052=DIRECTION('',(0.309016994374947,0.,0.951056516295154));
#2053=DIRECTION('center_axis',(-0.587785252292472,0.,0.809016994374948));
#2054=DIRECTION('ref_axis',(0.809016994374948,0.,0.587785252292472));
#2055=DIRECTION('',(0.,1.,0.));
#2056=DIRECTION('',(0.809016994374948,0.,0.587785252292472));
#2057=DIRECTION('center_axis',(-0.587785252292473,0.,-0.809016994374947));
#2058=DIRECTION('ref_axis',(0.809016994374947,0.,-0.587785252292473));
#2059=DIRECTION('center_axis',(-0.587785252292473,0.,-0.809016994374947));
#2060=DIRECTION('ref_axis',(0.809016994374947,0.,-0.587785252292473));
#2061=DIRECTION('',(-0.587785252292473,0.,-0.809016994374947));
#2062=DIRECTION('center_axis',(0.587785252292473,0.,0.809016994374947));
#2063=DIRECTION('ref_axis',(0.809016994374947,0.,-0.587785252292474));
#2064=DIRECTION('center_axis',(-0.587785252292473,0.,-0.809016994374947));
#2065=DIRECTION('ref_axis',(0.809016994374947,0.,-0.587785252292473));
#2066=DIRECTION('center_axis',(-0.587785252292473,0.,-0.809016994374947));
#2067=DIRECTION('ref_axis',(0.809016994374947,0.,-0.587785252292473));
#2068=DIRECTION('',(-0.587785252292473,0.,-0.809016994374947));
#2069=DIRECTION('center_axis',(0.587785252292473,0.,0.809016994374947));
#2070=DIRECTION('ref_axis',(0.809016994374947,-1.40067632319072E-32,-0.587785252292474));
#2071=DIRECTION('center_axis',(0.,-1.,0.));
#2072=DIRECTION('ref_axis',(-0.809016994374947,0.,0.587785252292473));
#2073=DIRECTION('',(1.,0.,-9.63484384005478E-17));
#2074=DIRECTION('',(-0.809016994374947,0.,0.587785252292473));
#2075=DIRECTION('',(0.309016994374948,0.,-0.951056516295153));
#2076=DIRECTION('',(0.809016994374947,0.,-0.587785252292473));
#2077=DIRECTION('center_axis',(0.,1.,0.));
#2078=DIRECTION('ref_axis',(0.809016994374947,0.,-0.587785252292473));
#2079=DIRECTION('',(-1.,0.,9.63484384005478E-17));
#2080=DIRECTION('',(-0.809016994374947,0.,0.587785252292473));
#2081=DIRECTION('',(-0.309016994374948,0.,0.951056516295153));
#2082=DIRECTION('',(0.809016994374947,0.,-0.587785252292473));
#2083=DIRECTION('center_axis',(-0.587785252292473,0.,-0.809016994374947));
#2084=DIRECTION('ref_axis',(-0.809016994374947,0.,0.587785252292473));
#2085=DIRECTION('',(0.809016994374947,0.,-0.587785252292473));
#2086=DIRECTION('center_axis',(-0.587785252292473,0.,-0.809016994374947));
#2087=DIRECTION('ref_axis',(-0.809016994374947,0.,0.587785252292473));
#2088=DIRECTION('',(-0.809016994374947,0.,0.587785252292473));
#2089=DIRECTION('center_axis',(9.63484384005478E-17,0.,1.));
#2090=DIRECTION('ref_axis',(1.,0.,-9.63484384005478E-17));
#2091=DIRECTION('',(0.,1.,0.));
#2092=DIRECTION('',(-1.,0.,9.63484384005478E-17));
#2093=DIRECTION('',(0.,1.,0.));
#2094=DIRECTION('',(0.,1.,0.));
#2095=DIRECTION('',(1.,0.,-9.63484384005478E-17));
#2096=DIRECTION('center_axis',(0.587785252292473,0.,0.809016994374947));
#2097=DIRECTION('ref_axis',(0.809016994374947,0.,-0.587785252292473));
#2098=DIRECTION('',(0.,1.,0.));
#2099=DIRECTION('',(0.809016994374947,0.,-0.587785252292473));
#2100=DIRECTION('center_axis',(-2.11176968422134E-16,-1.,6.86155564311061E-17));
#2101=DIRECTION('ref_axis',(0.309016994374949,0.,0.951056516295153));
#2102=DIRECTION('',(0.309016994374948,-1.30514544126042E-16,-0.951056516295153));
#2103=DIRECTION('',(0.309016994374949,1.23259516440783E-32,0.951056516295153));
#2104=DIRECTION('',(-0.809016994374947,1.30514544126042E-16,-0.587785252292473));
#2105=DIRECTION('',(-0.309016994374949,-1.23259516440783E-32,-0.951056516295153));
#2106=DIRECTION('center_axis',(2.11176968422134E-16,1.,-6.86155564311061E-17));
#2107=DIRECTION('ref_axis',(-0.309016994374949,0.,-0.951056516295153));
#2108=DIRECTION('',(-0.309016994374948,1.30514544126042E-16,0.951056516295153));
#2109=DIRECTION('',(0.309016994374949,1.23259516440783E-32,0.951056516295153));
#2110=DIRECTION('',(0.809016994374947,-1.30514544126042E-16,0.587785252292473));
#2111=DIRECTION('',(-0.309016994374949,-1.23259516440783E-32,-0.951056516295153));
#2112=DIRECTION('center_axis',(-0.951056516295153,0.,0.309016994374949));
#2113=DIRECTION('ref_axis',(0.309016994374949,0.,0.951056516295153));
#2114=DIRECTION('',(-0.309016994374949,0.,-0.951056516295153));
#2115=DIRECTION('center_axis',(-0.951056516295153,0.,0.309016994374949));
#2116=DIRECTION('ref_axis',(0.,1.,0.));
#2117=DIRECTION('center_axis',(-0.951056516295153,0.,0.309016994374949));
#2118=DIRECTION('ref_axis',(0.309016994374949,0.,0.951056516295153));
#2119=DIRECTION('',(0.309016994374949,0.,0.951056516295153));
#2120=DIRECTION('center_axis',(-0.951056516295153,0.,0.309016994374949));
#2121=DIRECTION('ref_axis',(0.,1.,0.));
#2122=DIRECTION('center_axis',(0.951056516295154,0.,0.309016994374948));
#2123=DIRECTION('ref_axis',(0.309016994374948,0.,-0.951056516295153));
#2124=DIRECTION('',(0.,1.,0.));
#2125=DIRECTION('',(-0.309016994374948,0.,0.951056516295153));
#2126=DIRECTION('',(0.,1.,0.));
#2127=DIRECTION('',(0.,1.,0.));
#2128=DIRECTION('',(0.309016994374948,0.,-0.951056516295153));
#2129=DIRECTION('center_axis',(0.951056516295153,0.,-0.309016994374949));
#2130=DIRECTION('ref_axis',(-0.309016994374949,0.,-0.951056516295153));
#2131=DIRECTION('',(0.,1.,0.));
#2132=DIRECTION('',(-0.309016994374949,0.,-0.951056516295153));
#2133=DIRECTION('center_axis',(0.951056516295153,0.,-0.309016994374949));
#2134=DIRECTION('ref_axis',(-0.309016994374949,7.0033816159536E-33,-0.951056516295153));
#2135=DIRECTION('center_axis',(-0.951056516295153,0.,0.309016994374949));
#2136=DIRECTION('ref_axis',(0.,1.,0.));
#2137=DIRECTION('',(-0.951056516295153,0.,0.309016994374949));
#2138=DIRECTION('center_axis',(0.951056516295153,0.,-0.309016994374949));
#2139=DIRECTION('ref_axis',(-0.309016994374948,0.,-0.951056516295153));
#2140=DIRECTION('center_axis',(-0.951056516295153,0.,0.309016994374949));
#2141=DIRECTION('ref_axis',(0.,1.,0.));
#2142=DIRECTION('',(-0.951056516295153,0.,0.309016994374949));
#2143=DIRECTION('center_axis',(0.,0.,1.));
#2144=DIRECTION('ref_axis',(-1.,0.,0.));
#2145=DIRECTION('center_axis',(0.,0.,1.));
#2146=DIRECTION('ref_axis',(-1.,0.,0.));
#2147=DIRECTION('',(0.,0.,1.));
#2148=DIRECTION('center_axis',(0.,0.,-1.));
#2149=DIRECTION('ref_axis',(-1.,0.,0.));
#2150=DIRECTION('center_axis',(0.,0.,1.));
#2151=DIRECTION('ref_axis',(-1.,0.,0.));
#2152=DIRECTION('center_axis',(0.,0.,1.));
#2153=DIRECTION('ref_axis',(-1.,0.,0.));
#2154=DIRECTION('',(0.,0.,1.));
#2155=DIRECTION('center_axis',(0.,0.,-1.));
#2156=DIRECTION('ref_axis',(-1.,0.,0.));
#2157=DIRECTION('center_axis',(0.,1.,0.));
#2158=DIRECTION('ref_axis',(0.,0.,1.));
#2159=DIRECTION('',(-1.,0.,0.));
#2160=DIRECTION('',(-0.809016994374947,0.,0.587785252292473));
#2161=DIRECTION('',(-0.809016994374948,0.,-0.587785252292472));
#2162=DIRECTION('',(0.309016994374941,0.,-0.951056516295156));
#2163=DIRECTION('',(1.,0.,0.));
#2164=DIRECTION('',(0.809016994374947,0.,0.587785252292473));
#2165=DIRECTION('',(0.309016994374949,0.,0.951056516295153));
#2166=DIRECTION('center_axis',(0.,-1.,0.));
#2167=DIRECTION('ref_axis',(1.,0.,0.));
#2168=DIRECTION('',(-0.809016994374947,0.,-0.587785252292473));
#2169=DIRECTION('',(1.,0.,0.));
#2170=DIRECTION('',(-1.,0.,0.));
#2171=DIRECTION('center_axis',(0.,1.,0.));
#2172=DIRECTION('ref_axis',(-1.,0.,0.));
#2173=DIRECTION('',(0.809016994374947,0.,0.587785252292473));
#2174=DIRECTION('',(1.,0.,0.));
#2175=DIRECTION('',(-1.,0.,0.));
#2176=DIRECTION('center_axis',(0.,0.,1.));
#2177=DIRECTION('ref_axis',(1.,0.,0.));
#2178=DIRECTION('',(1.,0.,0.));
#2179=DIRECTION('center_axis',(0.587785252292473,0.,-0.809016994374948));
#2180=DIRECTION('ref_axis',(-0.809016994374947,0.,-0.587785252292473));
#2181=DIRECTION('',(0.,1.,0.));
#2182=DIRECTION('',(0.,1.,0.));
#2183=DIRECTION('',(0.,1.,0.));
#2184=DIRECTION('',(-0.809016994374947,0.,-0.587785252292473));
#2185=DIRECTION('center_axis',(0.,0.,-1.));
#2186=DIRECTION('ref_axis',(-1.,0.,0.));
#2187=DIRECTION('',(-1.,0.,0.));
#2188=DIRECTION('center_axis',(0.587785252292473,0.,0.809016994374947));
#2189=DIRECTION('ref_axis',(0.809016994374947,0.,-0.587785252292473));
#2190=DIRECTION('center_axis',(-0.587785252292472,0.,0.809016994374948));
#2191=DIRECTION('ref_axis',(0.809016994374948,0.,0.587785252292472));
#2192=DIRECTION('center_axis',(-0.951056516295156,0.,-0.309016994374941));
#2193=DIRECTION('ref_axis',(-0.309016994374941,0.,0.951056516295156));
#2194=DIRECTION('center_axis',(0.,0.,-1.));
#2195=DIRECTION('ref_axis',(-1.,0.,0.));
#2196=DIRECTION('center_axis',(0.951056516295153,0.,-0.309016994374949));
#2197=DIRECTION('ref_axis',(-0.309016994374949,0.,-0.951056516295153));
#2198=DIRECTION('center_axis',(0.,0.,1.));
#2199=DIRECTION('ref_axis',(1.,0.,0.));
#2200=DIRECTION('center_axis',(0.,-1.,0.));
#2201=DIRECTION('ref_axis',(0.,0.,-1.));
#2202=DIRECTION('center_axis',(0.,1.,0.));
#2203=DIRECTION('ref_axis',(1.,0.,0.));
#2204=CARTESIAN_POINT('',(0.,0.,0.));
#2205=CARTESIAN_POINT('Origin',(6.30054929305991,5.,-74.1293919230115));
#2206=CARTESIAN_POINT('',(6.30054929305991,5.,-73.8387749118093));
#2207=CARTESIAN_POINT('',(6.30054929305991,27.5,-73.8387749118093));
#2208=CARTESIAN_POINT('',(6.30054929305991,2.5,-73.8387749118093));
#2209=CARTESIAN_POINT('',(6.30054929305991,5.,-72.7480154399106));
#2210=CARTESIAN_POINT('',(6.30054929305991,5.,-74.1293919230115));
#2211=CARTESIAN_POINT('',(6.30054929305991,27.5,-72.7480154399106));
#2212=CARTESIAN_POINT('',(6.30054929305991,2.9,-72.7480154399106));
#2213=CARTESIAN_POINT('',(6.30054929305991,27.5,-74.1293919230115));
#2214=CARTESIAN_POINT('Origin',(6.10054929305991,27.5,-72.7480154399106));
#2215=CARTESIAN_POINT('',(6.10054929305991,27.5,-72.7480154399106));
#2216=CARTESIAN_POINT('',(6.10054929305991,5.,-72.7480154399106));
#2217=CARTESIAN_POINT('',(6.10054929305991,2.9,-72.7480154399106));
#2218=CARTESIAN_POINT('',(6.10054929305991,27.5,-72.7480154399106));
#2219=CARTESIAN_POINT('',(6.10054929305991,5.,-72.7480154399106));
#2220=CARTESIAN_POINT('Origin',(74.5784205227347,0.,-24.2319977417769));
#2221=CARTESIAN_POINT('',(5.90054929305991,5.,-74.1293919230115));
#2222=CARTESIAN_POINT('',(36.3124339247725,5.,-52.0338643812797));
#2223=CARTESIAN_POINT('',(5.90054929305991,27.5,-74.1293919230115));
#2224=CARTESIAN_POINT('',(40.3049357576161,27.5,-49.1331420065794));
#2225=CARTESIAN_POINT('',(5.90054929305991,33.,-74.1293919230115));
#2226=CARTESIAN_POINT('',(5.90054929305991,0.8,-74.1293919230115));
#2227=CARTESIAN_POINT('',(68.6778712296748,33.,-28.5189977417769));
#2228=CARTESIAN_POINT('',(54.1534140287759,33.,-39.0716335944237));
#2229=CARTESIAN_POINT('',(68.6778712296748,28.1,-28.5189977417769));
#2230=CARTESIAN_POINT('',(68.6778712296748,0.8,-28.5189977417769));
#2231=CARTESIAN_POINT('',(68.4778712296748,28.1,-28.664306247378));
#2232=CARTESIAN_POINT('',(71.3342532500586,28.1,-26.5890232333393));
#2233=CARTESIAN_POINT('',(68.4778712296748,4.9,-28.664306247378));
#2234=CARTESIAN_POINT('',(68.4778712296748,14.05,-28.664306247378));
#2235=CARTESIAN_POINT('',(68.6778712296748,4.9,-28.5189977417769));
#2236=CARTESIAN_POINT('',(71.6281458762048,4.9,-26.3754977417769));
#2237=CARTESIAN_POINT('',(68.6778712296748,0.,-28.5189977417769));
#2238=CARTESIAN_POINT('',(68.6778712296748,0.8,-28.5189977417769));
#2239=CARTESIAN_POINT('',(5.90054929305991,0.,-74.1293919230115));
#2240=CARTESIAN_POINT('',(74.5784205227347,0.,-24.2319977417769));
#2241=CARTESIAN_POINT('',(5.90054929305991,0.8,-74.1293919230115));
#2242=CARTESIAN_POINT('Origin',(-6.29945070694009,27.5,-74.1293919230115));
#2243=CARTESIAN_POINT('',(-6.29945070694009,27.5,-73.5923594858461));
#2244=CARTESIAN_POINT('',(-6.29945070694009,5.,-73.5923594858461));
#2245=CARTESIAN_POINT('',(-6.29945070694009,13.75,-73.5923594858461));
#2246=CARTESIAN_POINT('',(-6.29945070694009,27.5,-72.7488136094474));
#2247=CARTESIAN_POINT('',(-6.29945070694009,27.5,-74.1293919230115));
#2248=CARTESIAN_POINT('',(-6.29945070694009,5.,-72.7488136094474));
#2249=CARTESIAN_POINT('',(-6.29945070694009,14.15,-72.7488136094474));
#2250=CARTESIAN_POINT('',(-6.29945070694009,5.,-74.1293919230115));
#2251=CARTESIAN_POINT('Origin',(-6.09945070694009,5.,-72.7488136094474));
#2252=CARTESIAN_POINT('',(-6.09945070694009,5.,-72.7488136094474));
#2253=CARTESIAN_POINT('',(-6.09945070694009,27.5,-72.7488136094474));
#2254=CARTESIAN_POINT('',(-6.09945070694009,14.15,-72.7488136094474));
#2255=CARTESIAN_POINT('',(-6.09945070694009,5.,-72.7488136094474));
#2256=CARTESIAN_POINT('',(-6.09945070694009,27.5,-72.7488136094474));
#2257=CARTESIAN_POINT('Origin',(0.117557050458495,0.,-78.2545885241365));
#2258=CARTESIAN_POINT('',(-5.5602889697191,27.5,-74.1293919230115));
#2259=CARTESIAN_POINT('',(-3.22606092915778,27.5,-75.8253078645419));
#2260=CARTESIAN_POINT('',(-5.5602889697191,5.,-74.1293919230115));
#2261=CARTESIAN_POINT('',(-2.83271759607146,5.,-76.1110885241365));
#2262=CARTESIAN_POINT('',(-5.5602889697191,0.,-74.1293919230115));
#2263=CARTESIAN_POINT('',(-5.5602889697191,0.,-74.1293919230115));
#2264=CARTESIAN_POINT('',(-68.7830174520987,0.,-28.1953909440269));
#2265=CARTESIAN_POINT('',(-16.7466467169501,0.,-66.002027286166));
#2266=CARTESIAN_POINT('',(-68.7830174520987,4.9,-28.1953909440269));
#2267=CARTESIAN_POINT('',(-68.7830174520987,0.,-28.1953909440269));
#2268=CARTESIAN_POINT('',(-68.2427571287579,4.9,-28.5879130451279));
#2269=CARTESIAN_POINT('',(-33.9274859382327,4.90000000000001,-53.5194169250816));
#2270=CARTESIAN_POINT('',(-68.2427571287579,28.1,-28.5879130451279));
#2271=CARTESIAN_POINT('',(-68.2427571287579,2.45,-28.5879130451279));
#2272=CARTESIAN_POINT('',(-68.7830174520987,28.1,-28.1953909440269));
#2273=CARTESIAN_POINT('',(-34.1626000391497,28.1,-53.3485965318317));
#2274=CARTESIAN_POINT('',(-68.7830174520987,33.,-28.1953909440269));
#2275=CARTESIAN_POINT('',(-68.7830174520987,0.,-28.1953909440269));
#2276=CARTESIAN_POINT('',(-5.5602889697191,33.,-74.1293919230115));
#2277=CARTESIAN_POINT('',(-16.7466467169501,33.,-66.002027286166));
#2278=CARTESIAN_POINT('',(-5.5602889697191,0.,-74.1293919230115));
#2279=CARTESIAN_POINT('Origin',(-72.386414643955,28.1,-17.1052747287471));
#2280=CARTESIAN_POINT('',(-72.24821804283,28.1,-17.0603719310891));
#2281=CARTESIAN_POINT('',(-72.24821804283,4.9,-17.0603719310891));
#2282=CARTESIAN_POINT('',(-72.24821804283,14.05,-17.0603719310891));
#2283=CARTESIAN_POINT('',(-71.21084413937,28.1,-16.723308717497));
#2284=CARTESIAN_POINT('',(-72.386414643955,28.1,-17.1052747287471));
#2285=CARTESIAN_POINT('',(-71.21084413937,4.9,-16.723308717497));
#2286=CARTESIAN_POINT('',(-71.21084413937,14.45,-16.723308717497));
#2287=CARTESIAN_POINT('',(-72.386414643955,4.9,-17.1052747287471));
#2288=CARTESIAN_POINT('Origin',(-71.1490407404951,4.9,-16.913520020756));
#2289=CARTESIAN_POINT('',(-71.149040740495,4.9,-16.913520020756));
#2290=CARTESIAN_POINT('',(-71.149040740495,28.1,-16.913520020756));
#2291=CARTESIAN_POINT('',(-71.1490407404951,14.45,-16.913520020756));
#2292=CARTESIAN_POINT('',(-71.149040740495,4.9,-16.913520020756));
#2293=CARTESIAN_POINT('',(-71.149040740495,28.1,-16.913520020756));
#2294=CARTESIAN_POINT('Origin',(-74.5784205227347,0.,-24.2319977417769));
#2295=CARTESIAN_POINT('',(-72.32461124508,28.1,-17.2954860320061));
#2296=CARTESIAN_POINT('',(-73.3392588897625,28.1,-20.418250384079));
#2297=CARTESIAN_POINT('',(-72.32461124508,4.9,-17.2954860320061));
#2298=CARTESIAN_POINT('',(-73.4515158839074,4.9,-20.7637418868915));
#2299=CARTESIAN_POINT('',(-72.32461124508,0.,-17.2954860320061));
#2300=CARTESIAN_POINT('',(-72.32461124508,0.8,-17.2954860320061));
#2301=CARTESIAN_POINT('',(-48.3458079879875,0.,56.5036819935118));
#2302=CARTESIAN_POINT('',(-74.5784205227347,0.,-24.2319977417769));
#2303=CARTESIAN_POINT('',(-48.3458079879875,4.9,56.5036819935118));
#2304=CARTESIAN_POINT('',(-48.3458079879875,0.8,56.5036819935118));
#2305=CARTESIAN_POINT('',(-48.4222011902375,4.9,56.2685678925948));
#2306=CARTESIAN_POINT('',(-61.574371249506,4.89999999999999,15.7903506230549));
#2307=CARTESIAN_POINT('',(-48.4222011902375,28.1,56.2685678925948));
#2308=CARTESIAN_POINT('',(-48.4222011902375,2.45,56.2685678925948));
#2309=CARTESIAN_POINT('',(-48.3458079879875,28.1,56.5036819935118));
#2310=CARTESIAN_POINT('',(-61.4621142553611,28.1,16.1358421258674));
#2311=CARTESIAN_POINT('',(-48.3458079879875,33.,56.5036819935118));
#2312=CARTESIAN_POINT('',(-48.3458079879875,0.8,56.5036819935118));
#2313=CARTESIAN_POINT('',(-72.32461124508,33.,-17.2954860320061));
#2314=CARTESIAN_POINT('',(-68.5571636257549,33.,-5.70047451683918));
#2315=CARTESIAN_POINT('',(-72.32461124508,0.8,-17.2954860320061));
#2316=CARTESIAN_POINT('Origin',(-68.6160678307999,4.9,-28.7092090450359));
#2317=CARTESIAN_POINT('',(-67.4404973262149,4.9,-28.3272430337858));
#2318=CARTESIAN_POINT('',(-68.6160678307999,4.9,-28.7092090450359));
#2319=CARTESIAN_POINT('',(-67.440497326215,28.1,-28.3272430337858));
#2320=CARTESIAN_POINT('',(-67.440497326215,2.85,-28.3272430337858));
#2321=CARTESIAN_POINT('',(-68.6160678307999,28.1,-28.7092090450359));
#2322=CARTESIAN_POINT('Origin',(-67.50230072509,28.1,-28.1370317305267));
#2323=CARTESIAN_POINT('',(-67.50230072509,28.1,-28.1370317305267));
#2324=CARTESIAN_POINT('',(-67.5023007250899,4.9,-28.1370317305267));
#2325=CARTESIAN_POINT('',(-67.50230072509,2.85,-28.1370317305267));
#2326=CARTESIAN_POINT('',(-67.50230072509,28.1,-28.1370317305267));
#2327=CARTESIAN_POINT('',(-67.5023007250899,4.9,-28.1370317305267));
#2328=CARTESIAN_POINT('Origin',(-48.5076113868625,4.9,56.3861249430533));
#2329=CARTESIAN_POINT('',(-47.7810688588571,4.9,55.3861249430533));
#2330=CARTESIAN_POINT('',(-48.5076113868625,4.9,56.3861249430533));
#2331=CARTESIAN_POINT('',(-47.7810688588571,28.1,55.3861249430533));
#2332=CARTESIAN_POINT('',(-47.7810688588571,2.84999999999998,55.3861249430533));
#2333=CARTESIAN_POINT('',(-48.5076113868625,28.1,56.3861249430533));
#2334=CARTESIAN_POINT('Origin',(-47.6192654599821,28.1,55.5036819935118));
#2335=CARTESIAN_POINT('',(-47.6192654599821,28.1,55.5036819935118));
#2336=CARTESIAN_POINT('',(-47.6192654599821,4.9,55.5036819935118));
#2337=CARTESIAN_POINT('',(-47.6192654599821,2.84999999999998,55.5036819935118));
#2338=CARTESIAN_POINT('',(-47.6192654599821,28.1,55.5036819935118));
#2339=CARTESIAN_POINT('',(-47.6192654599821,4.9,55.5036819935118));
#2340=CARTESIAN_POINT('Origin',(-38.6367152806473,28.1,63.5577507537412));
#2341=CARTESIAN_POINT('',(-38.5513050840224,28.1,63.4401937032826));
#2342=CARTESIAN_POINT('',(-38.5513050840224,4.9,63.4401937032826));
#2343=CARTESIAN_POINT('',(-38.5513050840224,14.05,63.4401937032826));
#2344=CARTESIAN_POINT('',(-37.910172752642,28.1,62.5577507537411));
#2345=CARTESIAN_POINT('',(-38.6367152806473,28.1,63.5577507537411));
#2346=CARTESIAN_POINT('',(-37.910172752642,4.9,62.5577507537411));
#2347=CARTESIAN_POINT('',(-37.910172752642,14.45,62.5577507537411));
#2348=CARTESIAN_POINT('',(-38.6367152806473,4.9,63.5577507537411));
#2349=CARTESIAN_POINT('Origin',(-38.0719761515169,4.9,62.4401937032826));
#2350=CARTESIAN_POINT('',(-38.0719761515169,4.9,62.4401937032826));
#2351=CARTESIAN_POINT('',(-38.071976151517,28.1,62.4401937032826));
#2352=CARTESIAN_POINT('',(-38.071976151517,14.45,62.4401937032826));
#2353=CARTESIAN_POINT('',(-38.0719761515169,4.9,62.4401937032826));
#2354=CARTESIAN_POINT('',(-38.071976151517,28.1,62.4401937032826));
#2355=CARTESIAN_POINT('Origin',(-46.0919987103328,0.,63.4401937032826));
#2356=CARTESIAN_POINT('',(-38.7985186795223,28.1,63.4401937032827));
#2357=CARTESIAN_POINT('',(-42.0819874309249,28.1,63.4401937032826));
#2358=CARTESIAN_POINT('',(-38.7985186795223,4.9,63.4401937032827));
#2359=CARTESIAN_POINT('',(-42.4452586949275,4.9,63.4401937032826));
#2360=CARTESIAN_POINT('',(-38.7985186795223,0.,63.4401937032827));
#2361=CARTESIAN_POINT('',(-38.7985186795223,0.8,63.4401937032827));
#2362=CARTESIAN_POINT('',(38.7985186795224,0.,63.4401937032826));
#2363=CARTESIAN_POINT('',(-46.0919987103328,0.,63.4401937032826));
#2364=CARTESIAN_POINT('',(38.7985186795224,4.9,63.4401937032826));
#2365=CARTESIAN_POINT('',(38.7985186795224,0.8,63.4401937032826));
#2366=CARTESIAN_POINT('',(38.5513050840224,4.9,63.4401937032826));
#2367=CARTESIAN_POINT('',(-4.01001127940787,4.9,63.4401937032826));
#2368=CARTESIAN_POINT('',(38.5513050840224,28.1,63.4401937032826));
#2369=CARTESIAN_POINT('',(38.5513050840224,2.45,63.4401937032826));
#2370=CARTESIAN_POINT('',(38.7985186795224,28.1,63.4401937032826));
#2371=CARTESIAN_POINT('',(-3.64674001540519,28.1,63.4401937032826));
#2372=CARTESIAN_POINT('',(38.7985186795224,33.,63.4401937032826));
#2373=CARTESIAN_POINT('',(38.7985186795224,0.8,63.4401937032826));
#2374=CARTESIAN_POINT('',(-38.7985186795223,33.,63.4401937032826));
#2375=CARTESIAN_POINT('',(-23.0459993551664,33.,63.4401937032826));
#2376=CARTESIAN_POINT('',(-38.7985186795223,0.8,63.4401937032827));
#2377=CARTESIAN_POINT('Origin',(48.5076113868625,28.1,56.3861249430533));
#2378=CARTESIAN_POINT('',(48.4222011902375,28.1,56.2685678925948));
#2379=CARTESIAN_POINT('',(48.4222011902375,4.9,56.2685678925948));
#2380=CARTESIAN_POINT('',(48.4222011902375,14.05,56.2685678925948));
#2381=CARTESIAN_POINT('',(47.7810688588571,28.1,55.3861249430533));
#2382=CARTESIAN_POINT('',(48.5076113868625,28.1,56.3861249430533));
#2383=CARTESIAN_POINT('',(47.7810688588571,4.9,55.3861249430533));
#2384=CARTESIAN_POINT('',(47.7810688588571,14.45,55.3861249430533));
#2385=CARTESIAN_POINT('',(48.5076113868625,4.9,56.3861249430533));
#2386=CARTESIAN_POINT('Origin',(47.6192654599822,4.9,55.5036819935118));
#2387=CARTESIAN_POINT('',(47.6192654599822,4.9,55.5036819935118));
#2388=CARTESIAN_POINT('',(47.6192654599821,28.1,55.5036819935118));
#2389=CARTESIAN_POINT('',(47.6192654599822,14.45,55.5036819935118));
#2390=CARTESIAN_POINT('',(47.6192654599822,4.9,55.5036819935118));
#2391=CARTESIAN_POINT('',(47.6192654599821,28.1,55.5036819935118));
#2392=CARTESIAN_POINT('Origin',(46.0919987103328,0.,63.4401937032826));
#2393=CARTESIAN_POINT('',(48.3458079879875,28.1,56.5036819935118));
#2394=CARTESIAN_POINT('',(47.331160343305,28.1,59.6264463455847));
#2395=CARTESIAN_POINT('',(48.3458079879875,4.9,56.5036819935118));
#2396=CARTESIAN_POINT('',(47.2189033491601,4.9,59.9719378483972));
#2397=CARTESIAN_POINT('',(48.3458079879875,0.,56.5036819935118));
#2398=CARTESIAN_POINT('',(48.3458079879875,0.8,56.5036819935118));
#2399=CARTESIAN_POINT('',(72.32461124508,0.,-17.2954860320062));
#2400=CARTESIAN_POINT('',(46.0919987103328,0.,63.4401937032826));
#2401=CARTESIAN_POINT('',(72.32461124508,4.9,-17.2954860320062));
#2402=CARTESIAN_POINT('',(72.32461124508,0.8,-17.2954860320062));
#2403=CARTESIAN_POINT('',(72.24821804283,4.9,-17.0603719310892));
#2404=CARTESIAN_POINT('',(59.0960479835615,4.90000000000001,23.4178453384508));
#2405=CARTESIAN_POINT('',(72.24821804283,28.1,-17.0603719310892));
#2406=CARTESIAN_POINT('',(72.24821804283,2.45,-17.0603719310892));
#2407=CARTESIAN_POINT('',(72.32461124508,28.1,-17.2954860320062));
#2408=CARTESIAN_POINT('',(59.2083049777064,28.1,23.0723538356382));
#2409=CARTESIAN_POINT('',(72.32461124508,33.,-17.2954860320062));
#2410=CARTESIAN_POINT('',(72.32461124508,0.8,-17.2954860320062));
#2411=CARTESIAN_POINT('',(48.3458079879875,33.,56.5036819935118));
#2412=CARTESIAN_POINT('',(54.3139527195539,33.,38.1356212056906));
#2413=CARTESIAN_POINT('',(48.3458079879875,0.8,56.5036819935118));
#2414=CARTESIAN_POINT('Origin',(38.6367152806474,4.9,63.5577507537411));
#2415=CARTESIAN_POINT('',(37.910172752642,4.9,62.5577507537411));
#2416=CARTESIAN_POINT('',(38.6367152806474,4.9,63.5577507537411));
#2417=CARTESIAN_POINT('',(37.910172752642,28.1,62.5577507537411));
#2418=CARTESIAN_POINT('',(37.910172752642,2.84999999999999,62.5577507537411));
#2419=CARTESIAN_POINT('',(38.6367152806474,28.1,63.5577507537411));
#2420=CARTESIAN_POINT('Origin',(38.071976151517,28.1,62.4401937032826));
#2421=CARTESIAN_POINT('',(38.071976151517,28.1,62.4401937032826));
#2422=CARTESIAN_POINT('',(38.071976151517,4.9,62.4401937032826));
#2423=CARTESIAN_POINT('',(38.071976151517,2.84999999999999,62.4401937032826));
#2424=CARTESIAN_POINT('',(38.071976151517,28.1,62.4401937032826));
#2425=CARTESIAN_POINT('',(38.071976151517,4.9,62.4401937032826));
#2426=CARTESIAN_POINT('Origin',(72.386414643955,4.9,-17.1052747287471));
#2427=CARTESIAN_POINT('',(71.2108441393701,4.9,-16.723308717497));
#2428=CARTESIAN_POINT('',(72.386414643955,4.9,-17.1052747287471));
#2429=CARTESIAN_POINT('',(71.2108441393701,28.1,-16.723308717497));
#2430=CARTESIAN_POINT('',(71.2108441393701,2.85,-16.723308717497));
#2431=CARTESIAN_POINT('',(72.386414643955,28.1,-17.1052747287471));
#2432=CARTESIAN_POINT('Origin',(71.1490407404951,28.1,-16.9135200207561));
#2433=CARTESIAN_POINT('',(71.1490407404951,28.1,-16.9135200207561));
#2434=CARTESIAN_POINT('',(71.1490407404951,4.9,-16.9135200207561));
#2435=CARTESIAN_POINT('',(71.1490407404951,2.85,-16.9135200207561));
#2436=CARTESIAN_POINT('',(71.1490407404951,28.1,-16.9135200207561));
#2437=CARTESIAN_POINT('',(71.1490407404951,4.9,-16.9135200207561));
#2438=CARTESIAN_POINT('Origin',(68.6160678307998,28.1,-28.7092090450359));
#2439=CARTESIAN_POINT('',(67.4404973262149,28.1,-28.3272430337858));
#2440=CARTESIAN_POINT('',(68.6160678307998,28.1,-28.7092090450359));
#2441=CARTESIAN_POINT('',(67.4404973262149,4.9,-28.3272430337858));
#2442=CARTESIAN_POINT('',(67.4404973262149,14.45,-28.3272430337858));
#2443=CARTESIAN_POINT('',(68.6160678307998,4.9,-28.7092090450359));
#2444=CARTESIAN_POINT('Origin',(67.5023007250899,4.9,-28.1370317305268));
#2445=CARTESIAN_POINT('',(67.5023007250899,4.9,-28.1370317305268));
#2446=CARTESIAN_POINT('',(67.5023007250899,28.1,-28.1370317305268));
#2447=CARTESIAN_POINT('',(67.5023007250899,14.45,-28.1370317305268));
#2448=CARTESIAN_POINT('',(67.5023007250899,4.9,-28.1370317305268));
#2449=CARTESIAN_POINT('',(67.5023007250899,28.1,-28.1370317305268));
#2450=CARTESIAN_POINT('Origin',(-70.2634201999485,29.949729369594,-22.8301627842055));
#2451=CARTESIAN_POINT('',(-70.5011843290223,31.049729369594,-22.9074170327993));
#2452=CARTESIAN_POINT('Origin',(-70.5011843290223,29.949729369594,-22.9074170327993));
#2453=CARTESIAN_POINT('',(-69.5501278127271,31.049729369594,-22.5984000384243));
#2454=CARTESIAN_POINT('',(-70.2634201999485,31.049729369594,-22.8301627842055));
#2455=CARTESIAN_POINT('Origin',(-69.5501278127271,29.949729369594,-22.5984000384244));
#2456=CARTESIAN_POINT('Origin',(-70.2634201999485,2.14972936959395,-22.8301627842055));
#2457=CARTESIAN_POINT('',(-70.5011843290223,3.24972936959395,-22.9074170327993));
#2458=CARTESIAN_POINT('Origin',(-70.5011843290223,2.14972936959395,-22.9074170327993));
#2459=CARTESIAN_POINT('',(-69.5501278127271,3.24972936959395,-22.5984000384243));
#2460=CARTESIAN_POINT('',(-70.2634201999485,3.24972936959395,-22.8301627842055));
#2461=CARTESIAN_POINT('Origin',(-69.5501278127271,2.14972936959395,-22.5984000384244));
#2462=CARTESIAN_POINT('Origin',(-72.32461124508,4.9,-17.2954860320061));
#2463=CARTESIAN_POINT('',(-67.8272204213228,4.9,-27.900963753027));
#2464=CARTESIAN_POINT('',(-40.5633846594561,4.90000000000001,-47.7092999105766));
#2465=CARTESIAN_POINT('',(-72.32461124508,4.9,-17.2954860320061));
#2466=CARTESIAN_POINT('',(-71.2731490208417,4.9,-17.2954860320061));
#2467=CARTESIAN_POINT('',(-71.3735547287848,4.9,-17.6045030263811));
#2468=CARTESIAN_POINT('',(-69.5501847210823,4.9,-22.5982248925165));
#2469=CARTESIAN_POINT('Origin',(-68.6778712296749,28.1,-28.5189977417768));
#2470=CARTESIAN_POINT('',(-67.8272204213228,28.1,-27.900963753027));
#2471=CARTESIAN_POINT('',(-36.7014250090749,28.1,-50.5151778380192));
#2472=CARTESIAN_POINT('',(-71.2731490208417,28.1,-17.2954860320061));
#2473=CARTESIAN_POINT('',(-67.7268147133797,28.1,-28.2099807474019));
#2474=CARTESIAN_POINT('',(-72.8486920520498,28.1,-22.1445088812664));
#2475=CARTESIAN_POINT('',(-70.5012412373774,28.1,-22.9072418868915));
#2476=CARTESIAN_POINT('Origin',(-72.32461124508,0.,-17.2954860320061));
#2477=CARTESIAN_POINT('',(-70.3125776851081,33.,-23.4878885957758));
#2478=CARTESIAN_POINT('Origin',(-72.32461124508,0.,-17.2954860320061));
#2479=CARTESIAN_POINT('',(-70.3125776851081,0.,-23.4878885957758));
#2480=CARTESIAN_POINT('Origin',(-5.31276404076744,0.8,-73.3203749286365));
#2481=CARTESIAN_POINT('',(-67.8272204213228,0.8,-27.900963753027));
#2482=CARTESIAN_POINT('',(-67.8272204213228,16.8,-27.900963753027));
#2483=CARTESIAN_POINT('',(-5.575629596827,0.8,-73.1293919230115));
#2484=CARTESIAN_POINT('',(-19.226693161646,0.8,-63.211313690666));
#2485=CARTESIAN_POINT('',(-5.575629596827,5.,-73.1293919230115));
#2486=CARTESIAN_POINT('',(-5.575629596827,16.8,-73.1293919230115));
#2487=CARTESIAN_POINT('',(-5.31276404076744,5.,-73.3203749286365));
#2488=CARTESIAN_POINT('',(-5.575629596827,27.5,-73.1293919230115));
#2489=CARTESIAN_POINT('',(-1.38535354066744,27.5,-76.173805681894));
#2490=CARTESIAN_POINT('',(-5.575629596827,33.,-73.1293919230115));
#2491=CARTESIAN_POINT('',(-5.575629596827,16.8,-73.1293919230115));
#2492=CARTESIAN_POINT('',(-67.8272204213228,33.,-27.900963753027));
#2493=CARTESIAN_POINT('',(-19.226693161646,33.,-63.211313690666));
#2494=CARTESIAN_POINT('',(-67.8272204213228,16.8,-27.900963753027));
#2495=CARTESIAN_POINT('Origin',(-67.7268147133797,0.8,-28.2099807474019));
#2496=CARTESIAN_POINT('',(-71.2731490208417,0.8,-17.2954860320061));
#2497=CARTESIAN_POINT('',(-71.2731490208417,16.8,-17.2954860320061));
#2498=CARTESIAN_POINT('',(-67.5381511611104,0.8,-28.7906274562862));
#2499=CARTESIAN_POINT('Origin',(-43.4254842673386,2.14972936959401,59.7694894337418));
#2500=CARTESIAN_POINT('',(-44.4623492742242,2.14972936959401,59.3251799048139));
#2501=CARTESIAN_POINT('Origin',(-43.5724305804118,2.14972936959401,59.9717436823356));
#2502=CARTESIAN_POINT('',(-43.8745640219317,2.14972936959399,58.5161629104389));
#2503=CARTESIAN_POINT('',(-44.3154029611511,2.14972936959401,59.1229256562201));
#2504=CARTESIAN_POINT('Origin',(-42.9846453281193,2.14972936959399,59.1627266879606));
#2505=CARTESIAN_POINT('Origin',(-43.4254842673387,29.949729369594,59.7694894337419));
#2506=CARTESIAN_POINT('',(-44.4623492742242,29.949729369594,59.3251799048139));
#2507=CARTESIAN_POINT('Origin',(-43.5724305804118,29.949729369594,59.9717436823356));
#2508=CARTESIAN_POINT('',(-43.8745640219317,29.949729369594,58.5161629104389));
#2509=CARTESIAN_POINT('',(-44.3154029611511,29.949729369594,59.1229256562201));
#2510=CARTESIAN_POINT('Origin',(-42.9846453281193,29.949729369594,59.1627266879606));
#2511=CARTESIAN_POINT('Origin',(-38.7985186795223,4.9,63.4401937032827));
#2512=CARTESIAN_POINT('',(-47.4951571796355,4.9,55.8856480047619));
#2513=CARTESIAN_POINT('',(-57.9090157769736,4.89999999999999,23.8350868412633));
#2514=CARTESIAN_POINT('',(-38.7985186795223,4.9,63.4401937032827));
#2515=CARTESIAN_POINT('',(-38.4735989832894,4.9,62.4401937032826));
#2516=CARTESIAN_POINT('',(-38.7985186795223,4.9,62.4401937032826));
#2517=CARTESIAN_POINT('',(-42.9843780814625,4.9,59.1629208540223));
#2518=CARTESIAN_POINT('Origin',(-48.3458079879875,28.1,56.5036819935118));
#2519=CARTESIAN_POINT('',(-47.4951571796355,28.1,55.8856480047619));
#2520=CARTESIAN_POINT('',(-59.3841531002386,28.1,19.2950809863779));
#2521=CARTESIAN_POINT('',(-38.4735989832894,28.1,62.4401937032826));
#2522=CARTESIAN_POINT('',(-47.7580227356951,28.1,55.6946649991369));
#2523=CARTESIAN_POINT('',(-43.5721633337549,28.1,62.4401937032826));
#2524=CARTESIAN_POINT('',(-43.5721633337549,28.1,59.9719378483972));
#2525=CARTESIAN_POINT('Origin',(-38.7985186795223,0.,63.4401937032827));
#2526=CARTESIAN_POINT('',(-42.9657423699137,33.,60.4125284685019));
#2527=CARTESIAN_POINT('Origin',(-38.7985186795223,0.,63.4401937032827));
#2528=CARTESIAN_POINT('',(-42.9657423699137,0.,60.4125284685019));
#2529=CARTESIAN_POINT('Origin',(-71.3735547287848,0.8,-17.6045030263811));
#2530=CARTESIAN_POINT('',(-71.2731490208417,33.,-17.2954860320061));
#2531=CARTESIAN_POINT('',(-71.2731490208417,16.8,-17.2954860320061));
#2532=CARTESIAN_POINT('',(-47.4951571796355,33.,55.8856480047619));
#2533=CARTESIAN_POINT('',(-66.4792024706324,33.,-2.54123565632873));
#2534=CARTESIAN_POINT('',(-47.4951571796355,16.8,55.8856480047619));
#2535=CARTESIAN_POINT('',(-47.4951571796354,0.8,55.8856480047619));
#2536=CARTESIAN_POINT('',(-47.4951571796355,16.8,55.8856480047619));
#2537=CARTESIAN_POINT('',(-66.4792024706324,0.8,-2.54123565632873));
#2538=CARTESIAN_POINT('Origin',(-47.7580227356951,0.8,55.6946649991369));
#2539=CARTESIAN_POINT('',(-38.4735989832894,0.8,62.4401937032826));
#2540=CARTESIAN_POINT('',(-38.4735989832894,16.8,62.4401937032826));
#2541=CARTESIAN_POINT('',(-47.1516017718538,0.8,56.1352556192415));
#2542=CARTESIAN_POINT('Origin',(43.4253758449012,29.949729369594,59.7695682072536));
#2543=CARTESIAN_POINT('',(42.6824034641619,29.949729369594,60.6183862333691));
#2544=CARTESIAN_POINT('Origin',(43.5723221579743,29.949729369594,59.9718224558474));
#2545=CARTESIAN_POINT('',(42.0946182118694,29.949729369594,59.8093692389941));
#2546=CARTESIAN_POINT('',(42.5354571510888,29.949729369594,60.4161319847753));
#2547=CARTESIAN_POINT('Origin',(42.9845369056818,29.949729369594,59.1628054614724));
#2548=CARTESIAN_POINT('Origin',(43.4253758449012,2.14972936959398,59.7695682072536));
#2549=CARTESIAN_POINT('',(42.6824034641619,2.14972936959398,60.6183862333691));
#2550=CARTESIAN_POINT('Origin',(43.5723221579743,2.14972936959398,59.9718224558474));
#2551=CARTESIAN_POINT('',(42.0946182118694,2.14972936959398,59.8093692389941));
#2552=CARTESIAN_POINT('',(42.5354571510887,2.14972936959398,60.4161319847753));
#2553=CARTESIAN_POINT('Origin',(42.9845369056818,2.14972936959398,59.1628054614724));
#2554=CARTESIAN_POINT('Origin',(48.3458079879875,4.9,56.5036819935118));
#2555=CARTESIAN_POINT('',(38.4735989832895,4.9,62.4401937032826));
#2556=CARTESIAN_POINT('',(4.7736446542326,4.9,62.4401937032826));
#2557=CARTESIAN_POINT('',(48.3458079879875,4.9,56.5036819935118));
#2558=CARTESIAN_POINT('',(47.4951571796355,4.9,55.8856480047619));
#2559=CARTESIAN_POINT('',(47.3947514716924,4.9,56.1946649991369));
#2560=CARTESIAN_POINT('',(42.9843780814625,4.9,59.1629208540223));
#2561=CARTESIAN_POINT('Origin',(38.7985186795224,28.1,63.4401937032826));
#2562=CARTESIAN_POINT('',(38.4735989832895,28.1,62.4401937032826));
#2563=CARTESIAN_POINT('',(2.21562862733029E-14,28.1,62.4401937032826));
#2564=CARTESIAN_POINT('',(47.4951571796355,28.1,55.8856480047619));
#2565=CARTESIAN_POINT('',(38.2107334272299,28.1,62.6311767089077));
#2566=CARTESIAN_POINT('',(45.9196141484274,28.1,60.7346708540223));
#2567=CARTESIAN_POINT('',(43.5721633337549,28.1,59.9719378483972));
#2568=CARTESIAN_POINT('Origin',(48.3458079879875,0.,56.5036819935118));
#2569=CARTESIAN_POINT('',(47.7393870241463,33.,56.9442726136164));
#2570=CARTESIAN_POINT('Origin',(48.3458079879875,0.,56.5036819935118));
#2571=CARTESIAN_POINT('',(47.7393870241463,0.,56.9442726136164));
#2572=CARTESIAN_POINT('Origin',(-38.7985186795223,0.8,62.4401937032826));
#2573=CARTESIAN_POINT('',(-38.4735989832895,33.,62.4401937032826));
#2574=CARTESIAN_POINT('',(-38.4735989832894,16.8,62.4401937032826));
#2575=CARTESIAN_POINT('',(38.4735989832895,33.,62.4401937032826));
#2576=CARTESIAN_POINT('',(-19.3992593397612,33.,62.4401937032826));
#2577=CARTESIAN_POINT('',(38.4735989832895,16.8,62.4401937032826));
#2578=CARTESIAN_POINT('',(38.4735989832895,0.8,62.4401937032826));
#2579=CARTESIAN_POINT('',(38.4735989832895,16.8,62.4401937032826));
#2580=CARTESIAN_POINT('',(-19.3992593397612,0.8,62.4401937032826));
#2581=CARTESIAN_POINT('Origin',(38.2107334272299,0.8,62.6311767089077));
#2582=CARTESIAN_POINT('',(47.4951571796355,0.8,55.8856480047619));
#2583=CARTESIAN_POINT('',(47.4951571796355,16.8,55.8856480047619));
#2584=CARTESIAN_POINT('',(42.3779571176213,0.8,59.6035114741269));
#2585=CARTESIAN_POINT('Origin',(68.6778712296748,4.9,-28.5189977417769));
#2586=CARTESIAN_POINT('',(71.2731490208418,4.9,-17.2954860320062));
#2587=CARTESIAN_POINT('',(60.8592904235036,4.9,14.7550751314925));
#2588=CARTESIAN_POINT('',(68.6778712296748,4.9,-28.5189977417769));
#2589=CARTESIAN_POINT('',(67.8272204213228,4.9,-27.900963753027));
#2590=CARTESIAN_POINT('',(68.0900859773824,4.9,-27.7099807474019));
#2591=CARTESIAN_POINT('',(69.5501847210823,4.9,-22.5982248925166));
#2592=CARTESIAN_POINT('Origin',(72.32461124508,28.1,-17.2954860320062));
#2593=CARTESIAN_POINT('',(71.2731490208418,28.1,-17.2954860320062));
#2594=CARTESIAN_POINT('',(59.3841531002386,28.1,19.2950809863779));
#2595=CARTESIAN_POINT('',(67.8272204213228,28.1,-27.900963753027));
#2596=CARTESIAN_POINT('',(71.3735547287849,28.1,-16.9864690376312));
#2597=CARTESIAN_POINT('',(71.9520456277636,28.1,-24.9041028199593));
#2598=CARTESIAN_POINT('',(70.5012412373774,28.1,-22.9072418868915));
#2599=CARTESIAN_POINT('Origin',(68.6778712296748,0.,-28.5189977417769));
#2600=CARTESIAN_POINT('',(68.4892076774054,33.,-29.0996444506614));
#2601=CARTESIAN_POINT('',(70.5010941364141,28.849729369594,-22.9076946171046));
#2602=CARTESIAN_POINT('Origin',(70.5010941364141,29.949729369594,-22.9076946171046));
#2603=CARTESIAN_POINT('Origin',(68.6778712296748,0.,-28.5189977417769));
#2604=CARTESIAN_POINT('',(68.4892076774054,0.,-29.0996444506614));
#2605=CARTESIAN_POINT('',(70.5010941364141,1.04972936959398,-22.9076946171046));
#2606=CARTESIAN_POINT('Origin',(70.5010941364141,2.14972936959398,-22.9076946171046));
#2607=CARTESIAN_POINT('Origin',(47.3947514716924,0.8,56.1946649991368));
#2608=CARTESIAN_POINT('',(47.4951571796355,33.,55.8856480047619));
#2609=CARTESIAN_POINT('',(47.4951571796355,16.8,55.8856480047619));
#2610=CARTESIAN_POINT('',(71.2731490208418,33.,-17.2954860320062));
#2611=CARTESIAN_POINT('',(54.4898008420861,33.,34.3583483564302));
#2612=CARTESIAN_POINT('',(71.2731490208418,0.8,-17.2954860320062));
#2613=CARTESIAN_POINT('',(71.2731490208418,0.8,-17.2954860320062));
#2614=CARTESIAN_POINT('',(71.2731490208418,0.8,-17.2954860320062));
#2615=CARTESIAN_POINT('',(54.4898008420861,0.8,34.3583483564302));
#2616=CARTESIAN_POINT('Origin',(71.3735547287849,0.8,-16.9864690376312));
#2617=CARTESIAN_POINT('',(67.8272204213228,0.8,-27.900963753027));
#2618=CARTESIAN_POINT('',(67.8272204213228,16.8,-27.900963753027));
#2619=CARTESIAN_POINT('',(69.3615211688129,0.8,-23.1788716014011));
#2620=CARTESIAN_POINT('',(69.550037620119,1.04972936959398,-22.5986776227297));
#2621=CARTESIAN_POINT('Origin',(69.550037620119,2.14972936959398,-22.5986776227297));
#2622=CARTESIAN_POINT('Origin',(70.2633300073403,29.949729369594,-22.8304403685109));
#2623=CARTESIAN_POINT('',(69.550037620119,28.849729369594,-22.5986776227297));
#2624=CARTESIAN_POINT('',(70.2633300073403,28.849729369594,-22.8304403685109));
#2625=CARTESIAN_POINT('Origin',(69.550037620119,29.949729369594,-22.5986776227297));
#2626=CARTESIAN_POINT('Origin',(70.2633300073403,2.14972936959398,-22.8304403685109));
#2627=CARTESIAN_POINT('',(70.2633300073403,1.04972936959398,-22.8304403685109));
#2628=CARTESIAN_POINT('Origin',(0.000176850191116601,2.14972936959388,-73.8793919230115));
#2629=CARTESIAN_POINT('',(1.10017685019112,2.14972936959388,-74.1293919230115));
#2630=CARTESIAN_POINT('Origin',(0.000176850191116601,2.14972936959388,-74.1293919230115));
#2631=CARTESIAN_POINT('',(1.10017685019111,2.14972936959388,-73.1293919230115));
#2632=CARTESIAN_POINT('',(1.10017685019112,2.14972936959388,-73.8793919230115));
#2633=CARTESIAN_POINT('Origin',(0.000176850191116601,2.14972936959388,-73.1293919230115));
#2634=CARTESIAN_POINT('Origin',(0.000176850191125483,29.9497293695939,-73.8793919230115));
#2635=CARTESIAN_POINT('',(1.10017685019113,29.9497293695939,-74.1293919230115));
#2636=CARTESIAN_POINT('Origin',(0.000176850191125483,29.9497293695939,-74.1293919230115));
#2637=CARTESIAN_POINT('',(1.10017685019112,29.9497293695939,-73.1293919230115));
#2638=CARTESIAN_POINT('',(1.10017685019113,29.9497293695939,-73.8793919230115));
#2639=CARTESIAN_POINT('Origin',(0.000176850191125483,29.9497293695939,-73.1293919230115));
#2640=CARTESIAN_POINT('Origin',(8.88178419700125E-15,33.,-7.48809910986441));
#2641=CARTESIAN_POINT('',(-2.95027464652995,33.,-74.1293919230115));
#2642=CARTESIAN_POINT('',(42.3779571176213,33.,59.6035114741269));
#2643=CARTESIAN_POINT('',(-47.1516017718538,33.,56.1352556192415));
#2644=CARTESIAN_POINT('',(-67.5381511611104,33.,-28.7906274562862));
#2645=CARTESIAN_POINT('',(5.57562959682699,33.,-73.1293919230115));
#2646=CARTESIAN_POINT('',(2.95027464652996,33.,-73.1293919230115));
#2647=CARTESIAN_POINT('',(67.8272204213228,33.,-27.900963753027));
#2648=CARTESIAN_POINT('',(50.6153541299535,33.,-40.4061166000487));
#2649=CARTESIAN_POINT('',(69.3615211688129,33.,-23.1788716014011));
#2650=CARTESIAN_POINT('Origin',(-5.90054929305991,5.,-74.1293919230115));
#2651=CARTESIAN_POINT('',(5.57562959682699,5.,-73.1293919230115));
#2652=CARTESIAN_POINT('',(32.7743740259501,5.,-53.3683473869047));
#2653=CARTESIAN_POINT('',(-5.90054929305991,5.,-74.1293919230115));
#2654=CARTESIAN_POINT('',(-1.66533453693773E-15,5.,-73.1293919230115));
#2655=CARTESIAN_POINT('Origin',(5.90054929305991,27.5,-74.1293919230115));
#2656=CARTESIAN_POINT('',(5.57562959682699,27.5,-73.1293919230115));
#2657=CARTESIAN_POINT('',(36.7668758587937,27.5,-50.4676250122045));
#2658=CARTESIAN_POINT('',(5.90054929305991,27.5,-73.1293919230115));
#2659=CARTESIAN_POINT('',(-3.33066907387547E-15,27.5,-74.1293919230115));
#2660=CARTESIAN_POINT('Origin',(-5.90054929305991,0.,-74.1293919230115));
#2661=CARTESIAN_POINT('',(-2.95027464652995,0.,-74.1293919230115));
#2662=CARTESIAN_POINT('Origin',(68.0900859773824,0.8,-27.7099807474019));
#2663=CARTESIAN_POINT('',(67.8272204213228,16.8,-27.900963753027));
#2664=CARTESIAN_POINT('',(5.57562959682699,16.8,-73.1293919230115));
#2665=CARTESIAN_POINT('',(5.57562959682699,0.8,-73.1293919230115));
#2666=CARTESIAN_POINT('',(5.57562959682699,16.8,-73.1293919230115));
#2667=CARTESIAN_POINT('',(50.6153541299535,0.8,-40.4061166000487));
#2668=CARTESIAN_POINT('Origin',(5.90054929305991,0.8,-73.1293919230115));
#2669=CARTESIAN_POINT('',(2.95027464652996,0.8,-73.1293919230115));
#2670=CARTESIAN_POINT('Origin',(38.2107334272299,0.8,62.6311767089077));
#2671=CARTESIAN_POINT('Origin',(-47.7580227356951,0.8,55.6946649991369));
#2672=CARTESIAN_POINT('Origin',(-67.7268147133797,0.8,-28.2099807474019));
#2673=CARTESIAN_POINT('Origin',(5.90054929305991,0.8,-73.1293919230115));
#2674=CARTESIAN_POINT('Origin',(71.3735547287849,0.8,-16.9864690376312));
#2675=CARTESIAN_POINT('Origin',(-5.90054929305991,0.,-74.1293919230115));
#2676=CARTESIAN_POINT('Origin',(8.88178419700125E-15,0.8,-7.48809910986441));
#2677=CARTESIAN_POINT('Origin',(8.88178419700125E-15,0.,-7.48809910986441));
#2678=UNCERTAINTY_MEASURE_WITH_UNIT(LENGTH_MEASURE(0.01),#2682,
'DISTANCE_ACCURACY_VALUE',
'Maximum model space distance between geometric entities at asserted c
onnectivities');
#2679=UNCERTAINTY_MEASURE_WITH_UNIT(LENGTH_MEASURE(0.01),#2682,
'DISTANCE_ACCURACY_VALUE',
'Maximum model space distance between geometric entities at asserted c
onnectivities');
#2680=(
GEOMETRIC_REPRESENTATION_CONTEXT(3)
GLOBAL_UNCERTAINTY_ASSIGNED_CONTEXT((#2678))
GLOBAL_UNIT_ASSIGNED_CONTEXT((#2682,#2684,#2685))
REPRESENTATION_CONTEXT('','3D')
);
#2681=(
GEOMETRIC_REPRESENTATION_CONTEXT(3)
GLOBAL_UNCERTAINTY_ASSIGNED_CONTEXT((#2679))
GLOBAL_UNIT_ASSIGNED_CONTEXT((#2682,#2684,#2685))
REPRESENTATION_CONTEXT('','3D')
);
#2682=(
LENGTH_UNIT()
NAMED_UNIT(*)
SI_UNIT(.MILLI.,.METRE.)
);
#2683=(
LENGTH_UNIT()
NAMED_UNIT(*)
SI_UNIT($,.METRE.)
);
#2684=(
NAMED_UNIT(*)
PLANE_ANGLE_UNIT()
SI_UNIT($,.RADIAN.)
);
#2685=(
NAMED_UNIT(*)
SI_UNIT($,.STERADIAN.)
SOLID_ANGLE_UNIT()
);
#2686=SHAPE_DEFINITION_REPRESENTATION(#2687,#2688);
#2687=PRODUCT_DEFINITION_SHAPE('',$,#2690);
#2688=SHAPE_REPRESENTATION('',(#1702),#2680);
#2689=PRODUCT_DEFINITION_CONTEXT('part definition',#2694,'design');
#2690=PRODUCT_DEFINITION('base','base',#2691,#2689);
#2691=PRODUCT_DEFINITION_FORMATION('',$,#2696);
#2692=PRODUCT_RELATED_PRODUCT_CATEGORY('base','base',(#2696));
#2693=APPLICATION_PROTOCOL_DEFINITION('international standard',
'automotive_design',2009,#2694);
#2694=APPLICATION_CONTEXT(
'Core Data for Automotive Mechanical Design Process');
#2695=PRODUCT_CONTEXT('part definition',#2694,'mechanical');
#2696=PRODUCT('base','base',$,(#2695));
#2697=PRESENTATION_STYLE_ASSIGNMENT((#2699));
#2698=PRESENTATION_STYLE_ASSIGNMENT((#2700));
#2699=SURFACE_STYLE_USAGE(.BOTH.,#2701);
#2700=SURFACE_STYLE_USAGE(.BOTH.,#2702);
#2701=SURFACE_SIDE_STYLE('',(#2703));
#2702=SURFACE_SIDE_STYLE('',(#2704));
#2703=SURFACE_STYLE_FILL_AREA(#2705);
#2704=SURFACE_STYLE_FILL_AREA(#2706);
#2705=FILL_AREA_STYLE('Steel - Satin',(#2707));
#2706=FILL_AREA_STYLE('PLA (White)',(#2708));
#2707=FILL_AREA_STYLE_COLOUR('Steel - Satin',#2709);
#2708=FILL_AREA_STYLE_COLOUR('PLA (White)',#2710);
#2709=COLOUR_RGB('Steel - Satin',0.627450980392157,0.627450980392157,0.627450980392157);
#2710=COLOUR_RGB('PLA (White)',0.964705882352941,0.964705882352941,0.952941176470588);
ENDSEC;
END-ISO-10303-21;
