ISO-10303-21;
HEADER;
/* Generated by software containing ST-Developer
 * from STEP Tools, Inc. (www.steptools.com) 
 */

FILE_DESCRIPTION(
/* description */ (''),
/* implementation_level */ '2;1');

FILE_NAME(
/* name */ 'leg0.step',
/* time_stamp */ '2026-05-27T17:21:38-07:00',
/* author */ (''),
/* organization */ (''),
/* preprocessor_version */ 'ST-DEVELOPER v20.1',
/* originating_system */ 'Autodesk Translation Framework v15.8.0.0',
/* authorisation */ '');

FILE_SCHEMA (('AUTOMOTIVE_DESIGN { 1 0 10303 214 3 1 1 }'));
ENDSEC;

DATA;
#10=MECHANICAL_DESIGN_GEOMETRIC_PRESENTATION_REPRESENTATION('',(#13),#2692);
#11=SHAPE_REPRESENTATION_RELATIONSHIP('SRR','None',#2699,#12);
#12=ADVANCED_BREP_SHAPE_REPRESENTATION('',(#14),#2691);
#13=STYLED_ITEM('',(#2709),#14);
#14=MANIFOLD_SOLID_BREP('L0',#1576);
#15=FACE_BOUND('',#196,.T.);
#16=FACE_BOUND('',#200,.T.);
#17=FACE_BOUND('',#201,.T.);
#18=FACE_BOUND('',#202,.T.);
#19=FACE_BOUND('',#213,.T.);
#20=FACE_BOUND('',#216,.T.);
#21=FACE_BOUND('',#217,.T.);
#22=FACE_BOUND('',#218,.T.);
#23=FACE_BOUND('',#219,.T.);
#24=FACE_BOUND('',#220,.T.);
#25=FACE_BOUND('',#248,.T.);
#26=FACE_BOUND('',#254,.T.);
#27=FACE_BOUND('',#273,.T.);
#28=FACE_BOUND('',#274,.T.);
#29=FACE_BOUND('',#275,.T.);
#30=FACE_BOUND('',#276,.T.);
#31=FACE_BOUND('',#277,.T.);
#32=FACE_BOUND('',#278,.T.);
#33=FACE_BOUND('',#282,.T.);
#34=FACE_BOUND('',#283,.T.);
#35=FACE_BOUND('',#284,.T.);
#36=FACE_BOUND('',#285,.T.);
#37=FACE_BOUND('',#286,.T.);
#38=FACE_BOUND('',#287,.T.);
#39=FACE_BOUND('',#291,.T.);
#40=FACE_BOUND('',#292,.T.);
#41=FACE_BOUND('',#293,.T.);
#42=PLANE('',#1620);
#43=PLANE('',#1621);
#44=PLANE('',#1622);
#45=PLANE('',#1627);
#46=PLANE('',#1628);
#47=PLANE('',#1629);
#48=PLANE('',#1633);
#49=PLANE('',#1634);
#50=PLANE('',#1635);
#51=PLANE('',#1636);
#52=PLANE('',#1637);
#53=PLANE('',#1638);
#54=PLANE('',#1639);
#55=PLANE('',#1640);
#56=PLANE('',#1644);
#57=PLANE('',#1647);
#58=PLANE('',#1656);
#59=PLANE('',#1657);
#60=PLANE('',#1670);
#61=PLANE('',#1672);
#62=PLANE('',#1674);
#63=PLANE('',#1676);
#64=PLANE('',#1678);
#65=PLANE('',#1680);
#66=PLANE('',#1682);
#67=PLANE('',#1684);
#68=PLANE('',#1686);
#69=PLANE('',#1688);
#70=PLANE('',#1690);
#71=PLANE('',#1691);
#72=PLANE('',#1692);
#73=PLANE('',#1693);
#74=PLANE('',#1697);
#75=PLANE('',#1701);
#76=PLANE('',#1702);
#77=PLANE('',#1708);
#78=PLANE('',#1715);
#79=PLANE('',#1718);
#80=PLANE('',#1719);
#81=PLANE('',#1720);
#82=PLANE('',#1721);
#83=PLANE('',#1722);
#84=PLANE('',#1723);
#85=PLANE('',#1724);
#86=PLANE('',#1725);
#87=PLANE('',#1746);
#88=PLANE('',#1749);
#89=PLANE('',#1750);
#90=PLANE('',#1751);
#91=PLANE('',#1752);
#92=PLANE('',#1755);
#93=PLANE('',#1758);
#94=PLANE('',#1759);
#95=FACE_OUTER_BOUND('',#183,.T.);
#96=FACE_OUTER_BOUND('',#184,.T.);
#97=FACE_OUTER_BOUND('',#185,.T.);
#98=FACE_OUTER_BOUND('',#186,.T.);
#99=FACE_OUTER_BOUND('',#187,.T.);
#100=FACE_OUTER_BOUND('',#188,.T.);
#101=FACE_OUTER_BOUND('',#189,.T.);
#102=FACE_OUTER_BOUND('',#190,.T.);
#103=FACE_OUTER_BOUND('',#191,.T.);
#104=FACE_OUTER_BOUND('',#192,.T.);
#105=FACE_OUTER_BOUND('',#193,.T.);
#106=FACE_OUTER_BOUND('',#194,.T.);
#107=FACE_OUTER_BOUND('',#195,.T.);
#108=FACE_OUTER_BOUND('',#197,.T.);
#109=FACE_OUTER_BOUND('',#198,.T.);
#110=FACE_OUTER_BOUND('',#199,.T.);
#111=FACE_OUTER_BOUND('',#203,.T.);
#112=FACE_OUTER_BOUND('',#204,.T.);
#113=FACE_OUTER_BOUND('',#205,.T.);
#114=FACE_OUTER_BOUND('',#206,.T.);
#115=FACE_OUTER_BOUND('',#207,.T.);
#116=FACE_OUTER_BOUND('',#208,.T.);
#117=FACE_OUTER_BOUND('',#209,.T.);
#118=FACE_OUTER_BOUND('',#210,.T.);
#119=FACE_OUTER_BOUND('',#211,.T.);
#120=FACE_OUTER_BOUND('',#212,.T.);
#121=FACE_OUTER_BOUND('',#214,.T.);
#122=FACE_OUTER_BOUND('',#215,.T.);
#123=FACE_OUTER_BOUND('',#221,.T.);
#124=FACE_OUTER_BOUND('',#222,.T.);
#125=FACE_OUTER_BOUND('',#223,.T.);
#126=FACE_OUTER_BOUND('',#224,.T.);
#127=FACE_OUTER_BOUND('',#225,.T.);
#128=FACE_OUTER_BOUND('',#226,.T.);
#129=FACE_OUTER_BOUND('',#227,.T.);
#130=FACE_OUTER_BOUND('',#228,.T.);
#131=FACE_OUTER_BOUND('',#229,.T.);
#132=FACE_OUTER_BOUND('',#230,.T.);
#133=FACE_OUTER_BOUND('',#231,.T.);
#134=FACE_OUTER_BOUND('',#232,.T.);
#135=FACE_OUTER_BOUND('',#233,.T.);
#136=FACE_OUTER_BOUND('',#234,.T.);
#137=FACE_OUTER_BOUND('',#235,.T.);
#138=FACE_OUTER_BOUND('',#236,.T.);
#139=FACE_OUTER_BOUND('',#237,.T.);
#140=FACE_OUTER_BOUND('',#238,.T.);
#141=FACE_OUTER_BOUND('',#239,.T.);
#142=FACE_OUTER_BOUND('',#240,.T.);
#143=FACE_OUTER_BOUND('',#241,.T.);
#144=FACE_OUTER_BOUND('',#242,.T.);
#145=FACE_OUTER_BOUND('',#243,.T.);
#146=FACE_OUTER_BOUND('',#244,.T.);
#147=FACE_OUTER_BOUND('',#245,.T.);
#148=FACE_OUTER_BOUND('',#246,.T.);
#149=FACE_OUTER_BOUND('',#247,.T.);
#150=FACE_OUTER_BOUND('',#249,.T.);
#151=FACE_OUTER_BOUND('',#250,.T.);
#152=FACE_OUTER_BOUND('',#251,.T.);
#153=FACE_OUTER_BOUND('',#252,.T.);
#154=FACE_OUTER_BOUND('',#253,.T.);
#155=FACE_OUTER_BOUND('',#255,.T.);
#156=FACE_OUTER_BOUND('',#256,.T.);
#157=FACE_OUTER_BOUND('',#257,.T.);
#158=FACE_OUTER_BOUND('',#258,.T.);
#159=FACE_OUTER_BOUND('',#259,.T.);
#160=FACE_OUTER_BOUND('',#260,.T.);
#161=FACE_OUTER_BOUND('',#261,.T.);
#162=FACE_OUTER_BOUND('',#262,.T.);
#163=FACE_OUTER_BOUND('',#263,.T.);
#164=FACE_OUTER_BOUND('',#264,.T.);
#165=FACE_OUTER_BOUND('',#265,.T.);
#166=FACE_OUTER_BOUND('',#266,.T.);
#167=FACE_OUTER_BOUND('',#267,.T.);
#168=FACE_OUTER_BOUND('',#268,.T.);
#169=FACE_OUTER_BOUND('',#269,.T.);
#170=FACE_OUTER_BOUND('',#270,.T.);
#171=FACE_OUTER_BOUND('',#271,.T.);
#172=FACE_OUTER_BOUND('',#272,.T.);
#173=FACE_OUTER_BOUND('',#279,.T.);
#174=FACE_OUTER_BOUND('',#280,.T.);
#175=FACE_OUTER_BOUND('',#281,.T.);
#176=FACE_OUTER_BOUND('',#288,.T.);
#177=FACE_OUTER_BOUND('',#289,.T.);
#178=FACE_OUTER_BOUND('',#290,.T.);
#179=FACE_OUTER_BOUND('',#294,.T.);
#180=FACE_OUTER_BOUND('',#295,.T.);
#181=FACE_OUTER_BOUND('',#296,.T.);
#182=FACE_OUTER_BOUND('',#297,.T.);
#183=EDGE_LOOP('',(#1015,#1016,#1017,#1018));
#184=EDGE_LOOP('',(#1019,#1020,#1021,#1022));
#185=EDGE_LOOP('',(#1023,#1024,#1025,#1026));
#186=EDGE_LOOP('',(#1027,#1028,#1029,#1030));
#187=EDGE_LOOP('',(#1031,#1032,#1033,#1034));
#188=EDGE_LOOP('',(#1035,#1036,#1037,#1038));
#189=EDGE_LOOP('',(#1039,#1040,#1041,#1042));
#190=EDGE_LOOP('',(#1043,#1044,#1045,#1046));
#191=EDGE_LOOP('',(#1047,#1048,#1049,#1050));
#192=EDGE_LOOP('',(#1051,#1052,#1053,#1054));
#193=EDGE_LOOP('',(#1055,#1056,#1057,#1058));
#194=EDGE_LOOP('',(#1059,#1060,#1061,#1062));
#195=EDGE_LOOP('',(#1063,#1064,#1065,#1066,#1067,#1068,#1069,#1070));
#196=EDGE_LOOP('',(#1071,#1072,#1073,#1074,#1075,#1076,#1077,#1078,#1079,
#1080,#1081,#1082,#1083,#1084,#1085,#1086,#1087,#1088));
#197=EDGE_LOOP('',(#1089,#1090,#1091,#1092));
#198=EDGE_LOOP('',(#1093,#1094,#1095,#1096));
#199=EDGE_LOOP('',(#1097,#1098,#1099,#1100,#1101,#1102,#1103,#1104,#1105,
#1106,#1107,#1108,#1109,#1110));
#200=EDGE_LOOP('',(#1111));
#201=EDGE_LOOP('',(#1112));
#202=EDGE_LOOP('',(#1113));
#203=EDGE_LOOP('',(#1114,#1115,#1116,#1117));
#204=EDGE_LOOP('',(#1118,#1119,#1120,#1121));
#205=EDGE_LOOP('',(#1122,#1123,#1124,#1125));
#206=EDGE_LOOP('',(#1126,#1127,#1128,#1129));
#207=EDGE_LOOP('',(#1130,#1131,#1132,#1133));
#208=EDGE_LOOP('',(#1134,#1135,#1136,#1137));
#209=EDGE_LOOP('',(#1138,#1139,#1140,#1141));
#210=EDGE_LOOP('',(#1142,#1143,#1144,#1145));
#211=EDGE_LOOP('',(#1146,#1147,#1148,#1149,#1150,#1151,#1152,#1153,#1154,
#1155,#1156,#1157));
#212=EDGE_LOOP('',(#1158,#1159,#1160,#1161,#1162,#1163));
#213=EDGE_LOOP('',(#1164));
#214=EDGE_LOOP('',(#1165,#1166,#1167,#1168));
#215=EDGE_LOOP('',(#1169,#1170,#1171,#1172,#1173,#1174,#1175,#1176));
#216=EDGE_LOOP('',(#1177));
#217=EDGE_LOOP('',(#1178));
#218=EDGE_LOOP('',(#1179));
#219=EDGE_LOOP('',(#1180));
#220=EDGE_LOOP('',(#1181,#1182));
#221=EDGE_LOOP('',(#1183,#1184,#1185,#1186));
#222=EDGE_LOOP('',(#1187,#1188,#1189,#1190));
#223=EDGE_LOOP('',(#1191,#1192,#1193,#1194));
#224=EDGE_LOOP('',(#1195,#1196,#1197,#1198));
#225=EDGE_LOOP('',(#1199,#1200,#1201,#1202));
#226=EDGE_LOOP('',(#1203,#1204,#1205,#1206));
#227=EDGE_LOOP('',(#1207,#1208,#1209,#1210));
#228=EDGE_LOOP('',(#1211,#1212,#1213,#1214));
#229=EDGE_LOOP('',(#1215));
#230=EDGE_LOOP('',(#1216));
#231=EDGE_LOOP('',(#1217));
#232=EDGE_LOOP('',(#1218));
#233=EDGE_LOOP('',(#1219));
#234=EDGE_LOOP('',(#1220));
#235=EDGE_LOOP('',(#1221));
#236=EDGE_LOOP('',(#1222));
#237=EDGE_LOOP('',(#1223));
#238=EDGE_LOOP('',(#1224));
#239=EDGE_LOOP('',(#1225,#1226,#1227,#1228));
#240=EDGE_LOOP('',(#1229,#1230,#1231,#1232));
#241=EDGE_LOOP('',(#1233,#1234,#1235,#1236));
#242=EDGE_LOOP('',(#1237,#1238,#1239,#1240));
#243=EDGE_LOOP('',(#1241,#1242,#1243,#1244));
#244=EDGE_LOOP('',(#1245,#1246,#1247,#1248));
#245=EDGE_LOOP('',(#1249,#1250,#1251,#1252));
#246=EDGE_LOOP('',(#1253,#1254,#1255,#1256));
#247=EDGE_LOOP('',(#1257,#1258,#1259,#1260,#1261,#1262,#1263,#1264,#1265,
#1266,#1267,#1268,#1269,#1270));
#248=EDGE_LOOP('',(#1271,#1272,#1273,#1274,#1275,#1276,#1277,#1278,#1279,
#1280,#1281));
#249=EDGE_LOOP('',(#1282,#1283,#1284,#1285,#1286,#1287));
#250=EDGE_LOOP('',(#1288,#1289,#1290,#1291,#1292,#1293,#1294,#1295,#1296,
#1297,#1298,#1299,#1300,#1301,#1302,#1303));
#251=EDGE_LOOP('',(#1304,#1305,#1306,#1307));
#252=EDGE_LOOP('',(#1308,#1309,#1310,#1311));
#253=EDGE_LOOP('',(#1312,#1313,#1314,#1315));
#254=EDGE_LOOP('',(#1316,#1317,#1318,#1319,#1320,#1321,#1322,#1323));
#255=EDGE_LOOP('',(#1324,#1325,#1326));
#256=EDGE_LOOP('',(#1327,#1328,#1329));
#257=EDGE_LOOP('',(#1330,#1331,#1332));
#258=EDGE_LOOP('',(#1333,#1334,#1335,#1336));
#259=EDGE_LOOP('',(#1337,#1338,#1339,#1340));
#260=EDGE_LOOP('',(#1341,#1342,#1343,#1344));
#261=EDGE_LOOP('',(#1345,#1346,#1347,#1348));
#262=EDGE_LOOP('',(#1349,#1350,#1351,#1352));
#263=EDGE_LOOP('',(#1353,#1354,#1355,#1356));
#264=EDGE_LOOP('',(#1357,#1358,#1359,#1360));
#265=EDGE_LOOP('',(#1361,#1362,#1363,#1364));
#266=EDGE_LOOP('',(#1365,#1366,#1367,#1368));
#267=EDGE_LOOP('',(#1369,#1370,#1371,#1372));
#268=EDGE_LOOP('',(#1373,#1374,#1375,#1376));
#269=EDGE_LOOP('',(#1377,#1378,#1379,#1380));
#270=EDGE_LOOP('',(#1381,#1382,#1383,#1384));
#271=EDGE_LOOP('',(#1385,#1386,#1387,#1388));
#272=EDGE_LOOP('',(#1389,#1390,#1391,#1392));
#273=EDGE_LOOP('',(#1393));
#274=EDGE_LOOP('',(#1394));
#275=EDGE_LOOP('',(#1395));
#276=EDGE_LOOP('',(#1396));
#277=EDGE_LOOP('',(#1397));
#278=EDGE_LOOP('',(#1398));
#279=EDGE_LOOP('',(#1399,#1400,#1401,#1402));
#280=EDGE_LOOP('',(#1403,#1404,#1405,#1406,#1407,#1408));
#281=EDGE_LOOP('',(#1409,#1410,#1411,#1412));
#282=EDGE_LOOP('',(#1413));
#283=EDGE_LOOP('',(#1414));
#284=EDGE_LOOP('',(#1415));
#285=EDGE_LOOP('',(#1416));
#286=EDGE_LOOP('',(#1417));
#287=EDGE_LOOP('',(#1418));
#288=EDGE_LOOP('',(#1419,#1420,#1421));
#289=EDGE_LOOP('',(#1422,#1423,#1424,#1425));
#290=EDGE_LOOP('',(#1426,#1427,#1428,#1429));
#291=EDGE_LOOP('',(#1430));
#292=EDGE_LOOP('',(#1431));
#293=EDGE_LOOP('',(#1432));
#294=EDGE_LOOP('',(#1433,#1434,#1435,#1436,#1437,#1438));
#295=EDGE_LOOP('',(#1439,#1440,#1441,#1442,#1443,#1444));
#296=EDGE_LOOP('',(#1445,#1446,#1447,#1448));
#297=EDGE_LOOP('',(#1449,#1450,#1451,#1452));
#298=LINE('',#2244,#435);
#299=LINE('',#2250,#436);
#300=LINE('',#2256,#437);
#301=LINE('',#2262,#438);
#302=LINE('',#2268,#439);
#303=LINE('',#2274,#440);
#304=LINE('',#2279,#441);
#305=LINE('',#2283,#442);
#306=LINE('',#2290,#443);
#307=LINE('',#2293,#444);
#308=LINE('',#2299,#445);
#309=LINE('',#2302,#446);
#310=LINE('',#2308,#447);
#311=LINE('',#2311,#448);
#312=LINE('',#2315,#449);
#313=LINE('',#2317,#450);
#314=LINE('',#2319,#451);
#315=LINE('',#2320,#452);
#316=LINE('',#2322,#453);
#317=LINE('',#2323,#454);
#318=LINE('',#2327,#455);
#319=LINE('',#2329,#456);
#320=LINE('',#2333,#457);
#321=LINE('',#2337,#458);
#322=LINE('',#2339,#459);
#323=LINE('',#2340,#460);
#324=LINE('',#2342,#461);
#325=LINE('',#2344,#462);
#326=LINE('',#2347,#463);
#327=LINE('',#2348,#464);
#328=LINE('',#2350,#465);
#329=LINE('',#2351,#466);
#330=LINE('',#2353,#467);
#331=LINE('',#2355,#468);
#332=LINE('',#2359,#469);
#333=LINE('',#2360,#470);
#334=LINE('',#2363,#471);
#335=LINE('',#2364,#472);
#336=LINE('',#2366,#473);
#337=LINE('',#2369,#474);
#338=LINE('',#2371,#475);
#339=LINE('',#2372,#476);
#340=LINE('',#2379,#477);
#341=LINE('',#2381,#478);
#342=LINE('',#2384,#479);
#343=LINE('',#2385,#480);
#344=LINE('',#2389,#481);
#345=LINE('',#2391,#482);
#346=LINE('',#2392,#483);
#347=LINE('',#2394,#484);
#348=LINE('',#2397,#485);
#349=LINE('',#2399,#486);
#350=LINE('',#2400,#487);
#351=LINE('',#2402,#488);
#352=LINE('',#2405,#489);
#353=LINE('',#2408,#490);
#354=LINE('',#2416,#491);
#355=LINE('',#2418,#492);
#356=LINE('',#2420,#493);
#357=LINE('',#2422,#494);
#358=LINE('',#2426,#495);
#359=LINE('',#2429,#496);
#360=LINE('',#2435,#497);
#361=LINE('',#2438,#498);
#362=LINE('',#2444,#499);
#363=LINE('',#2447,#500);
#364=LINE('',#2450,#501);
#365=LINE('',#2452,#502);
#366=LINE('',#2453,#503);
#367=LINE('',#2455,#504);
#368=LINE('',#2456,#505);
#369=LINE('',#2457,#506);
#370=LINE('',#2463,#507);
#371=LINE('',#2469,#508);
#372=LINE('',#2472,#509);
#373=LINE('',#2476,#510);
#374=LINE('',#2480,#511);
#375=LINE('',#2485,#512);
#376=LINE('',#2489,#513);
#377=LINE('',#2522,#514);
#378=LINE('',#2523,#515);
#379=LINE('',#2524,#516);
#380=LINE('',#2526,#517);
#381=LINE('',#2527,#518);
#382=LINE('',#2529,#519);
#383=LINE('',#2530,#520);
#384=LINE('',#2533,#521);
#385=LINE('',#2535,#522);
#386=LINE('',#2536,#523);
#387=LINE('',#2541,#524);
#388=LINE('',#2545,#525);
#389=LINE('',#2547,#526);
#390=LINE('',#2548,#527);
#391=LINE('',#2553,#528);
#392=LINE('',#2556,#529);
#393=LINE('',#2557,#530);
#394=LINE('',#2560,#531);
#395=LINE('',#2563,#532);
#396=LINE('',#2567,#533);
#397=LINE('',#2571,#534);
#398=LINE('',#2577,#535);
#399=LINE('',#2579,#536);
#400=LINE('',#2581,#537);
#401=LINE('',#2582,#538);
#402=LINE('',#2586,#539);
#403=LINE('',#2588,#540);
#404=LINE('',#2591,#541);
#405=LINE('',#2595,#542);
#406=LINE('',#2600,#543);
#407=LINE('',#2601,#544);
#408=LINE('',#2604,#545);
#409=LINE('',#2608,#546);
#410=LINE('',#2610,#547);
#411=LINE('',#2611,#548);
#412=LINE('',#2614,#549);
#413=LINE('',#2617,#550);
#414=LINE('',#2618,#551);
#415=LINE('',#2620,#552);
#416=LINE('',#2622,#553);
#417=LINE('',#2624,#554);
#418=LINE('',#2627,#555);
#419=LINE('',#2631,#556);
#420=LINE('',#2635,#557);
#421=LINE('',#2639,#558);
#422=LINE('',#2643,#559);
#423=LINE('',#2647,#560);
#424=LINE('',#2651,#561);
#425=LINE('',#2655,#562);
#426=LINE('',#2659,#563);
#427=LINE('',#2663,#564);
#428=LINE('',#2669,#565);
#429=LINE('',#2671,#566);
#430=LINE('',#2678,#567);
#431=LINE('',#2681,#568);
#432=LINE('',#2682,#569);
#433=LINE('',#2684,#570);
#434=LINE('',#2686,#571);
#435=VECTOR('',#1766,0.600000000000014);
#436=VECTOR('',#1773,0.600000000000014);
#437=VECTOR('',#1780,0.600000000000014);
#438=VECTOR('',#1787,0.600000000000014);
#439=VECTOR('',#1794,0.600000000000014);
#440=VECTOR('',#1801,0.600000000000014);
#441=VECTOR('',#1806,1000.);
#442=VECTOR('',#1809,1000.);
#443=VECTOR('',#1816,1000.);
#444=VECTOR('',#1819,1000.);
#445=VECTOR('',#1824,1000.);
#446=VECTOR('',#1827,1000.);
#447=VECTOR('',#1832,1000.);
#448=VECTOR('',#1835,1000.);
#449=VECTOR('',#1838,1000.);
#450=VECTOR('',#1839,10.);
#451=VECTOR('',#1840,1000.);
#452=VECTOR('',#1841,10.);
#453=VECTOR('',#1844,1000.);
#454=VECTOR('',#1845,10.);
#455=VECTOR('',#1848,10.);
#456=VECTOR('',#1849,10.);
#457=VECTOR('',#1852,10.);
#458=VECTOR('',#1855,10.);
#459=VECTOR('',#1856,10.);
#460=VECTOR('',#1857,10.);
#461=VECTOR('',#1858,10.);
#462=VECTOR('',#1859,10.);
#463=VECTOR('',#1862,10.);
#464=VECTOR('',#1863,10.);
#465=VECTOR('',#1864,10.);
#466=VECTOR('',#1865,10.);
#467=VECTOR('',#1866,10.);
#468=VECTOR('',#1867,10.);
#469=VECTOR('',#1870,10.);
#470=VECTOR('',#1871,10.);
#471=VECTOR('',#1874,10.);
#472=VECTOR('',#1875,1000.);
#473=VECTOR('',#1878,1000.);
#474=VECTOR('',#1881,1000.);
#475=VECTOR('',#1882,1000.);
#476=VECTOR('',#1883,1000.);
#477=VECTOR('',#1890,10.);
#478=VECTOR('',#1893,10.);
#479=VECTOR('',#1898,1000.);
#480=VECTOR('',#1899,1000.);
#481=VECTOR('',#1904,1000.);
#482=VECTOR('',#1905,10.);
#483=VECTOR('',#1906,1000.);
#484=VECTOR('',#1909,1000.);
#485=VECTOR('',#1912,1000.);
#486=VECTOR('',#1913,1000.);
#487=VECTOR('',#1914,10.);
#488=VECTOR('',#1917,1000.);
#489=VECTOR('',#1920,10.);
#490=VECTOR('',#1923,10.);
#491=VECTOR('',#1934,10.);
#492=VECTOR('',#1935,10.);
#493=VECTOR('',#1936,10.);
#494=VECTOR('',#1937,10.);
#495=VECTOR('',#1940,10.);
#496=VECTOR('',#1943,10.);
#497=VECTOR('',#1948,10.);
#498=VECTOR('',#1951,10.);
#499=VECTOR('',#1956,10.);
#500=VECTOR('',#1959,10.);
#501=VECTOR('',#1962,10.);
#502=VECTOR('',#1963,1000.);
#503=VECTOR('',#1964,10.);
#504=VECTOR('',#1967,10.);
#505=VECTOR('',#1968,10.);
#506=VECTOR('',#1969,10.);
#507=VECTOR('',#1976,10.);
#508=VECTOR('',#1981,10.);
#509=VECTOR('',#1984,10.);
#510=VECTOR('',#1987,10.);
#511=VECTOR('',#1990,10.);
#512=VECTOR('',#1995,10.);
#513=VECTOR('',#1998,10.);
#514=VECTOR('',#2043,10.);
#515=VECTOR('',#2044,10.);
#516=VECTOR('',#2045,10.);
#517=VECTOR('',#2048,10.);
#518=VECTOR('',#2049,10.);
#519=VECTOR('',#2052,10.);
#520=VECTOR('',#2053,10.);
#521=VECTOR('',#2056,10.);
#522=VECTOR('',#2057,10.);
#523=VECTOR('',#2058,1000.);
#524=VECTOR('',#2063,10.);
#525=VECTOR('',#2068,10.);
#526=VECTOR('',#2069,10.);
#527=VECTOR('',#2070,1000.);
#528=VECTOR('',#2075,10.);
#529=VECTOR('',#2080,10.);
#530=VECTOR('',#2081,1000.);
#531=VECTOR('',#2084,10.);
#532=VECTOR('',#2087,10.);
#533=VECTOR('',#2090,10.);
#534=VECTOR('',#2093,10.);
#535=VECTOR('',#2100,10.);
#536=VECTOR('',#2101,1000.);
#537=VECTOR('',#2102,1000.);
#538=VECTOR('',#2103,1000.);
#539=VECTOR('',#2108,3.45);
#540=VECTOR('',#2109,1000.);
#541=VECTOR('',#2112,1000.);
#542=VECTOR('',#2115,1000.);
#543=VECTOR('',#2122,1000.);
#544=VECTOR('',#2123,1000.);
#545=VECTOR('',#2126,1000.);
#546=VECTOR('',#2131,10.);
#547=VECTOR('',#2132,10.);
#548=VECTOR('',#2133,10.);
#549=VECTOR('',#2138,10.);
#550=VECTOR('',#2143,10.);
#551=VECTOR('',#2144,10.);
#552=VECTOR('',#2147,10.);
#553=VECTOR('',#2150,10.);
#554=VECTOR('',#2153,1000.);
#555=VECTOR('',#2156,0.600000000000013);
#556=VECTOR('',#2161,0.600000000000014);
#557=VECTOR('',#2166,0.600000000000014);
#558=VECTOR('',#2171,0.600000000000014);
#559=VECTOR('',#2176,0.600000000000014);
#560=VECTOR('',#2181,0.600000000000014);
#561=VECTOR('',#2186,0.600000000000014);
#562=VECTOR('',#2191,0.600000000000014);
#563=VECTOR('',#2196,0.600000000000014);
#564=VECTOR('',#2201,0.600000000000014);
#565=VECTOR('',#2210,1000.);
#566=VECTOR('',#2213,1000.);
#567=VECTOR('',#2222,10.);
#568=VECTOR('',#2227,10.);
#569=VECTOR('',#2228,10.);
#570=VECTOR('',#2231,10.);
#571=VECTOR('',#2234,10.);
#572=CIRCLE('',#1591,0.800000000000014);
#573=CIRCLE('',#1592,0.800000000000014);
#574=CIRCLE('',#1594,0.800000000000014);
#575=CIRCLE('',#1595,0.800000000000014);
#576=CIRCLE('',#1597,0.800000000000014);
#577=CIRCLE('',#1598,0.800000000000014);
#578=CIRCLE('',#1600,0.800000000000014);
#579=CIRCLE('',#1601,0.800000000000014);
#580=CIRCLE('',#1603,0.800000000000014);
#581=CIRCLE('',#1604,0.800000000000014);
#582=CIRCLE('',#1606,0.800000000000014);
#583=CIRCLE('',#1607,0.800000000000014);
#584=CIRCLE('',#1609,2.2);
#585=CIRCLE('',#1610,2.2);
#586=CIRCLE('',#1612,2.09999999999997);
#587=CIRCLE('',#1613,2.09999999999997);
#588=CIRCLE('',#1615,2.1);
#589=CIRCLE('',#1616,2.1);
#590=CIRCLE('',#1618,2.19999999999995);
#591=CIRCLE('',#1619,2.19999999999995);
#592=CIRCLE('',#1623,24.7588);
#593=CIRCLE('',#1624,24.7588);
#594=CIRCLE('',#1625,3.45);
#595=CIRCLE('',#1626,3.45);
#596=CIRCLE('',#1630,3.45);
#597=CIRCLE('',#1631,3.45);
#598=CIRCLE('',#1632,3.45);
#599=CIRCLE('',#1642,3.45);
#600=CIRCLE('',#1643,3.45);
#601=CIRCLE('',#1646,3.45);
#602=CIRCLE('',#1648,24.7588);
#603=CIRCLE('',#1649,24.7588);
#604=CIRCLE('',#1651,3.70000000000001);
#605=CIRCLE('',#1652,3.70000000000001);
#606=CIRCLE('',#1654,2.);
#607=CIRCLE('',#1655,2.);
#608=CIRCLE('',#1659,2.20000000000001);
#609=CIRCLE('',#1660,2.20000000000001);
#610=CIRCLE('',#1662,2.);
#611=CIRCLE('',#1663,2.);
#612=CIRCLE('',#1665,3.45);
#613=CIRCLE('',#1666,3.45);
#614=CIRCLE('',#1668,3.45);
#615=CIRCLE('',#1669,3.45);
#616=CIRCLE('',#1671,0.600000000000014);
#617=CIRCLE('',#1673,0.600000000000014);
#618=CIRCLE('',#1675,0.600000000000014);
#619=CIRCLE('',#1677,0.600000000000014);
#620=CIRCLE('',#1679,0.600000000000014);
#621=CIRCLE('',#1681,0.600000000000014);
#622=CIRCLE('',#1683,0.600000000000014);
#623=CIRCLE('',#1685,0.600000000000013);
#624=CIRCLE('',#1687,0.600000000000014);
#625=CIRCLE('',#1689,0.600000000000013);
#626=CIRCLE('',#1695,2.20000000000001);
#627=CIRCLE('',#1696,2.20000000000001);
#628=CIRCLE('',#1699,3.70000000000001);
#629=CIRCLE('',#1700,3.70000000000001);
#630=CIRCLE('',#1703,2.);
#631=CIRCLE('',#1704,3.45);
#632=CIRCLE('',#1705,2.);
#633=CIRCLE('',#1706,3.45);
#634=CIRCLE('',#1707,3.45);
#635=CIRCLE('',#1710,3.45);
#636=CIRCLE('',#1711,3.45);
#637=CIRCLE('',#1712,3.45);
#638=CIRCLE('',#1713,3.45);
#639=CIRCLE('',#1714,3.45);
#640=CIRCLE('',#1717,2.);
#641=CIRCLE('',#1727,0.600000000000013);
#642=CIRCLE('',#1729,0.600000000000013);
#643=CIRCLE('',#1731,0.600000000000014);
#644=CIRCLE('',#1733,0.600000000000014);
#645=CIRCLE('',#1735,0.600000000000014);
#646=CIRCLE('',#1737,0.600000000000014);
#647=CIRCLE('',#1739,0.600000000000014);
#648=CIRCLE('',#1741,0.600000000000014);
#649=CIRCLE('',#1743,0.600000000000014);
#650=CIRCLE('',#1745,0.600000000000014);
#651=CIRCLE('',#1748,2.);
#652=CIRCLE('',#1753,24.7588);
#653=CIRCLE('',#1754,24.7588);
#654=VERTEX_POINT('',#2241);
#655=VERTEX_POINT('',#2243);
#656=VERTEX_POINT('',#2247);
#657=VERTEX_POINT('',#2249);
#658=VERTEX_POINT('',#2253);
#659=VERTEX_POINT('',#2255);
#660=VERTEX_POINT('',#2259);
#661=VERTEX_POINT('',#2261);
#662=VERTEX_POINT('',#2265);
#663=VERTEX_POINT('',#2267);
#664=VERTEX_POINT('',#2271);
#665=VERTEX_POINT('',#2273);
#666=VERTEX_POINT('',#2277);
#667=VERTEX_POINT('',#2278);
#668=VERTEX_POINT('',#2280);
#669=VERTEX_POINT('',#2282);
#670=VERTEX_POINT('',#2286);
#671=VERTEX_POINT('',#2287);
#672=VERTEX_POINT('',#2289);
#673=VERTEX_POINT('',#2291);
#674=VERTEX_POINT('',#2295);
#675=VERTEX_POINT('',#2296);
#676=VERTEX_POINT('',#2298);
#677=VERTEX_POINT('',#2300);
#678=VERTEX_POINT('',#2304);
#679=VERTEX_POINT('',#2305);
#680=VERTEX_POINT('',#2307);
#681=VERTEX_POINT('',#2309);
#682=VERTEX_POINT('',#2313);
#683=VERTEX_POINT('',#2314);
#684=VERTEX_POINT('',#2316);
#685=VERTEX_POINT('',#2318);
#686=VERTEX_POINT('',#2325);
#687=VERTEX_POINT('',#2326);
#688=VERTEX_POINT('',#2328);
#689=VERTEX_POINT('',#2330);
#690=VERTEX_POINT('',#2332);
#691=VERTEX_POINT('',#2334);
#692=VERTEX_POINT('',#2336);
#693=VERTEX_POINT('',#2338);
#694=VERTEX_POINT('',#2341);
#695=VERTEX_POINT('',#2343);
#696=VERTEX_POINT('',#2346);
#697=VERTEX_POINT('',#2349);
#698=VERTEX_POINT('',#2352);
#699=VERTEX_POINT('',#2354);
#700=VERTEX_POINT('',#2356);
#701=VERTEX_POINT('',#2358);
#702=VERTEX_POINT('',#2362);
#703=VERTEX_POINT('',#2368);
#704=VERTEX_POINT('',#2370);
#705=VERTEX_POINT('',#2373);
#706=VERTEX_POINT('',#2375);
#707=VERTEX_POINT('',#2377);
#708=VERTEX_POINT('',#2388);
#709=VERTEX_POINT('',#2390);
#710=VERTEX_POINT('',#2396);
#711=VERTEX_POINT('',#2398);
#712=VERTEX_POINT('',#2404);
#713=VERTEX_POINT('',#2406);
#714=VERTEX_POINT('',#2414);
#715=VERTEX_POINT('',#2415);
#716=VERTEX_POINT('',#2417);
#717=VERTEX_POINT('',#2419);
#718=VERTEX_POINT('',#2421);
#719=VERTEX_POINT('',#2423);
#720=VERTEX_POINT('',#2425);
#721=VERTEX_POINT('',#2427);
#722=VERTEX_POINT('',#2431);
#723=VERTEX_POINT('',#2432);
#724=VERTEX_POINT('',#2434);
#725=VERTEX_POINT('',#2436);
#726=VERTEX_POINT('',#2440);
#727=VERTEX_POINT('',#2441);
#728=VERTEX_POINT('',#2443);
#729=VERTEX_POINT('',#2445);
#730=VERTEX_POINT('',#2449);
#731=VERTEX_POINT('',#2451);
#732=VERTEX_POINT('',#2459);
#733=VERTEX_POINT('',#2461);
#734=VERTEX_POINT('',#2465);
#735=VERTEX_POINT('',#2466);
#736=VERTEX_POINT('',#2468);
#737=VERTEX_POINT('',#2470);
#738=VERTEX_POINT('',#2474);
#739=VERTEX_POINT('',#2475);
#740=VERTEX_POINT('',#2477);
#741=VERTEX_POINT('',#2479);
#742=VERTEX_POINT('',#2483);
#743=VERTEX_POINT('',#2484);
#744=VERTEX_POINT('',#2486);
#745=VERTEX_POINT('',#2488);
#746=VERTEX_POINT('',#2492);
#747=VERTEX_POINT('',#2495);
#748=VERTEX_POINT('',#2498);
#749=VERTEX_POINT('',#2501);
#750=VERTEX_POINT('',#2504);
#751=VERTEX_POINT('',#2507);
#752=VERTEX_POINT('',#2510);
#753=VERTEX_POINT('',#2513);
#754=VERTEX_POINT('',#2516);
#755=VERTEX_POINT('',#2519);
#756=VERTEX_POINT('',#2532);
#757=VERTEX_POINT('',#2534);
#758=VERTEX_POINT('',#2538);
#759=VERTEX_POINT('',#2540);
#760=VERTEX_POINT('',#2544);
#761=VERTEX_POINT('',#2546);
#762=VERTEX_POINT('',#2550);
#763=VERTEX_POINT('',#2552);
#764=VERTEX_POINT('',#2559);
#765=VERTEX_POINT('',#2561);
#766=VERTEX_POINT('',#2564);
#767=VERTEX_POINT('',#2566);
#768=VERTEX_POINT('',#2568);
#769=VERTEX_POINT('',#2570);
#770=VERTEX_POINT('',#2572);
#771=VERTEX_POINT('',#2576);
#772=VERTEX_POINT('',#2578);
#773=VERTEX_POINT('',#2580);
#774=VERTEX_POINT('',#2584);
#775=VERTEX_POINT('',#2587);
#776=VERTEX_POINT('',#2589);
#777=VERTEX_POINT('',#2592);
#778=VERTEX_POINT('',#2594);
#779=VERTEX_POINT('',#2599);
#780=VERTEX_POINT('',#2603);
#781=VERTEX_POINT('',#2607);
#782=VERTEX_POINT('',#2609);
#783=VERTEX_POINT('',#2626);
#784=VERTEX_POINT('',#2630);
#785=VERTEX_POINT('',#2634);
#786=VERTEX_POINT('',#2638);
#787=VERTEX_POINT('',#2642);
#788=VERTEX_POINT('',#2646);
#789=VERTEX_POINT('',#2650);
#790=VERTEX_POINT('',#2654);
#791=VERTEX_POINT('',#2658);
#792=VERTEX_POINT('',#2662);
#793=VERTEX_POINT('',#2667);
#794=VERTEX_POINT('',#2675);
#795=VERTEX_POINT('',#2677);
#796=EDGE_CURVE('',#654,#654,#572,.F.);
#797=EDGE_CURVE('',#654,#655,#298,.T.);
#798=EDGE_CURVE('',#655,#655,#573,.T.);
#799=EDGE_CURVE('',#656,#656,#574,.F.);
#800=EDGE_CURVE('',#656,#657,#299,.T.);
#801=EDGE_CURVE('',#657,#657,#575,.T.);
#802=EDGE_CURVE('',#658,#658,#576,.F.);
#803=EDGE_CURVE('',#658,#659,#300,.T.);
#804=EDGE_CURVE('',#659,#659,#577,.T.);
#805=EDGE_CURVE('',#660,#660,#578,.F.);
#806=EDGE_CURVE('',#660,#661,#301,.T.);
#807=EDGE_CURVE('',#661,#661,#579,.T.);
#808=EDGE_CURVE('',#662,#662,#580,.F.);
#809=EDGE_CURVE('',#662,#663,#302,.T.);
#810=EDGE_CURVE('',#663,#663,#581,.T.);
#811=EDGE_CURVE('',#664,#664,#582,.F.);
#812=EDGE_CURVE('',#664,#665,#303,.T.);
#813=EDGE_CURVE('',#665,#665,#583,.T.);
#814=EDGE_CURVE('',#666,#667,#304,.T.);
#815=EDGE_CURVE('',#668,#667,#584,.T.);
#816=EDGE_CURVE('',#668,#669,#305,.T.);
#817=EDGE_CURVE('',#666,#669,#585,.T.);
#818=EDGE_CURVE('',#670,#671,#586,.T.);
#819=EDGE_CURVE('',#670,#672,#306,.T.);
#820=EDGE_CURVE('',#673,#672,#587,.T.);
#821=EDGE_CURVE('',#673,#671,#307,.T.);
#822=EDGE_CURVE('',#674,#675,#588,.T.);
#823=EDGE_CURVE('',#674,#676,#308,.T.);
#824=EDGE_CURVE('',#677,#676,#589,.T.);
#825=EDGE_CURVE('',#677,#675,#309,.T.);
#826=EDGE_CURVE('',#678,#679,#590,.T.);
#827=EDGE_CURVE('',#678,#680,#310,.T.);
#828=EDGE_CURVE('',#681,#680,#591,.T.);
#829=EDGE_CURVE('',#681,#679,#311,.T.);
#830=EDGE_CURVE('',#682,#683,#312,.T.);
#831=EDGE_CURVE('',#682,#684,#313,.T.);
#832=EDGE_CURVE('',#684,#685,#314,.T.);
#833=EDGE_CURVE('',#683,#685,#315,.T.);
#834=EDGE_CURVE('',#672,#684,#316,.T.);
#835=EDGE_CURVE('',#685,#670,#317,.T.);
#836=EDGE_CURVE('',#686,#687,#318,.T.);
#837=EDGE_CURVE('',#687,#688,#319,.T.);
#838=EDGE_CURVE('',#688,#689,#592,.T.);
#839=EDGE_CURVE('',#689,#690,#320,.T.);
#840=EDGE_CURVE('',#690,#691,#593,.T.);
#841=EDGE_CURVE('',#691,#692,#321,.T.);
#842=EDGE_CURVE('',#692,#693,#322,.T.);
#843=EDGE_CURVE('',#693,#686,#323,.T.);
#844=EDGE_CURVE('',#667,#694,#324,.T.);
#845=EDGE_CURVE('',#694,#695,#325,.T.);
#846=EDGE_CURVE('',#695,#683,#594,.T.);
#847=EDGE_CURVE('',#671,#696,#326,.T.);
#848=EDGE_CURVE('',#696,#678,#327,.T.);
#849=EDGE_CURVE('',#679,#697,#328,.T.);
#850=EDGE_CURVE('',#697,#674,#329,.T.);
#851=EDGE_CURVE('',#675,#698,#330,.T.);
#852=EDGE_CURVE('',#698,#699,#331,.T.);
#853=EDGE_CURVE('',#699,#700,#595,.T.);
#854=EDGE_CURVE('',#700,#701,#332,.T.);
#855=EDGE_CURVE('',#701,#668,#333,.T.);
#856=EDGE_CURVE('',#696,#702,#334,.T.);
#857=EDGE_CURVE('',#702,#673,#335,.T.);
#858=EDGE_CURVE('',#680,#702,#336,.T.);
#859=EDGE_CURVE('',#703,#677,#337,.T.);
#860=EDGE_CURVE('',#676,#704,#338,.T.);
#861=EDGE_CURVE('',#704,#681,#339,.T.);
#862=EDGE_CURVE('',#705,#682,#596,.T.);
#863=EDGE_CURVE('',#706,#705,#597,.T.);
#864=EDGE_CURVE('',#707,#706,#598,.T.);
#865=EDGE_CURVE('',#707,#703,#340,.T.);
#866=EDGE_CURVE('',#697,#704,#341,.T.);
#867=EDGE_CURVE('',#699,#707,#342,.T.);
#868=EDGE_CURVE('',#698,#703,#343,.T.);
#869=EDGE_CURVE('',#708,#700,#344,.T.);
#870=EDGE_CURVE('',#708,#709,#345,.T.);
#871=EDGE_CURVE('',#709,#701,#346,.T.);
#872=EDGE_CURVE('',#669,#709,#347,.T.);
#873=EDGE_CURVE('',#710,#695,#348,.T.);
#874=EDGE_CURVE('',#694,#711,#349,.T.);
#875=EDGE_CURVE('',#710,#711,#350,.T.);
#876=EDGE_CURVE('',#711,#666,#351,.T.);
#877=EDGE_CURVE('',#712,#706,#352,.T.);
#878=EDGE_CURVE('',#713,#712,#599,.T.);
#879=EDGE_CURVE('',#705,#713,#353,.T.);
#880=EDGE_CURVE('',#708,#710,#600,.T.);
#881=EDGE_CURVE('',#712,#713,#601,.T.);
#882=EDGE_CURVE('',#714,#715,#354,.T.);
#883=EDGE_CURVE('',#715,#716,#355,.T.);
#884=EDGE_CURVE('',#716,#717,#356,.T.);
#885=EDGE_CURVE('',#717,#718,#357,.T.);
#886=EDGE_CURVE('',#718,#719,#602,.T.);
#887=EDGE_CURVE('',#719,#720,#358,.T.);
#888=EDGE_CURVE('',#720,#721,#603,.T.);
#889=EDGE_CURVE('',#721,#714,#359,.T.);
#890=EDGE_CURVE('',#722,#723,#604,.T.);
#891=EDGE_CURVE('',#722,#724,#360,.T.);
#892=EDGE_CURVE('',#724,#725,#605,.T.);
#893=EDGE_CURVE('',#723,#725,#361,.T.);
#894=EDGE_CURVE('',#726,#727,#606,.T.);
#895=EDGE_CURVE('',#726,#728,#362,.T.);
#896=EDGE_CURVE('',#728,#729,#607,.T.);
#897=EDGE_CURVE('',#727,#729,#363,.T.);
#898=EDGE_CURVE('',#723,#730,#364,.T.);
#899=EDGE_CURVE('',#725,#731,#365,.T.);
#900=EDGE_CURVE('',#730,#731,#366,.T.);
#901=EDGE_CURVE('',#727,#730,#367,.T.);
#902=EDGE_CURVE('',#729,#731,#368,.T.);
#903=EDGE_CURVE('',#730,#731,#369,.T.);
#904=EDGE_CURVE('',#730,#732,#608,.T.);
#905=EDGE_CURVE('',#731,#733,#609,.T.);
#906=EDGE_CURVE('',#732,#733,#370,.T.);
#907=EDGE_CURVE('',#734,#735,#610,.T.);
#908=EDGE_CURVE('',#734,#736,#371,.T.);
#909=EDGE_CURVE('',#736,#737,#611,.T.);
#910=EDGE_CURVE('',#735,#737,#372,.T.);
#911=EDGE_CURVE('',#738,#739,#373,.T.);
#912=EDGE_CURVE('',#740,#738,#612,.T.);
#913=EDGE_CURVE('',#741,#740,#374,.T.);
#914=EDGE_CURVE('',#741,#739,#613,.T.);
#915=EDGE_CURVE('',#742,#743,#375,.T.);
#916=EDGE_CURVE('',#742,#744,#614,.T.);
#917=EDGE_CURVE('',#745,#744,#376,.T.);
#918=EDGE_CURVE('',#743,#745,#615,.T.);
#919=EDGE_CURVE('',#746,#746,#616,.T.);
#920=EDGE_CURVE('',#747,#747,#617,.T.);
#921=EDGE_CURVE('',#748,#748,#618,.T.);
#922=EDGE_CURVE('',#749,#749,#619,.T.);
#923=EDGE_CURVE('',#750,#750,#620,.T.);
#924=EDGE_CURVE('',#751,#751,#621,.T.);
#925=EDGE_CURVE('',#752,#752,#622,.T.);
#926=EDGE_CURVE('',#753,#753,#623,.T.);
#927=EDGE_CURVE('',#754,#754,#624,.T.);
#928=EDGE_CURVE('',#755,#755,#625,.T.);
#929=EDGE_CURVE('',#735,#732,#377,.T.);
#930=EDGE_CURVE('',#737,#733,#378,.T.);
#931=EDGE_CURVE('',#732,#733,#379,.T.);
#932=EDGE_CURVE('',#732,#734,#380,.T.);
#933=EDGE_CURVE('',#733,#736,#381,.T.);
#934=EDGE_CURVE('',#730,#726,#382,.T.);
#935=EDGE_CURVE('',#731,#728,#383,.T.);
#936=EDGE_CURVE('',#756,#722,#384,.T.);
#937=EDGE_CURVE('',#756,#757,#385,.T.);
#938=EDGE_CURVE('',#757,#724,#386,.T.);
#939=EDGE_CURVE('',#758,#756,#626,.T.);
#940=EDGE_CURVE('',#758,#759,#387,.T.);
#941=EDGE_CURVE('',#759,#757,#627,.T.);
#942=EDGE_CURVE('',#760,#758,#388,.T.);
#943=EDGE_CURVE('',#760,#761,#389,.T.);
#944=EDGE_CURVE('',#761,#759,#390,.T.);
#945=EDGE_CURVE('',#762,#760,#628,.T.);
#946=EDGE_CURVE('',#762,#763,#391,.T.);
#947=EDGE_CURVE('',#763,#761,#629,.T.);
#948=EDGE_CURVE('',#732,#762,#392,.T.);
#949=EDGE_CURVE('',#733,#763,#393,.T.);
#950=EDGE_CURVE('',#764,#742,#394,.T.);
#951=EDGE_CURVE('',#765,#764,#630,.T.);
#952=EDGE_CURVE('',#739,#765,#395,.T.);
#953=EDGE_CURVE('',#766,#741,#631,.T.);
#954=EDGE_CURVE('',#767,#766,#396,.T.);
#955=EDGE_CURVE('',#768,#767,#632,.T.);
#956=EDGE_CURVE('',#769,#768,#397,.T.);
#957=EDGE_CURVE('',#770,#769,#633,.T.);
#958=EDGE_CURVE('',#744,#770,#634,.T.);
#959=EDGE_CURVE('',#771,#743,#398,.T.);
#960=EDGE_CURVE('',#772,#771,#399,.T.);
#961=EDGE_CURVE('',#773,#772,#400,.T.);
#962=EDGE_CURVE('',#773,#764,#401,.T.);
#963=EDGE_CURVE('',#774,#774,#635,.T.);
#964=EDGE_CURVE('',#774,#770,#402,.T.);
#965=EDGE_CURVE('',#775,#769,#403,.T.);
#966=EDGE_CURVE('',#776,#775,#636,.T.);
#967=EDGE_CURVE('',#776,#766,#404,.T.);
#968=EDGE_CURVE('',#777,#740,#637,.T.);
#969=EDGE_CURVE('',#778,#777,#405,.T.);
#970=EDGE_CURVE('',#772,#778,#638,.T.);
#971=EDGE_CURVE('',#745,#771,#639,.T.);
#972=EDGE_CURVE('',#779,#768,#406,.T.);
#973=EDGE_CURVE('',#775,#779,#407,.T.);
#974=EDGE_CURVE('',#780,#767,#408,.T.);
#975=EDGE_CURVE('',#779,#780,#640,.T.);
#976=EDGE_CURVE('',#781,#720,#409,.T.);
#977=EDGE_CURVE('',#719,#782,#410,.T.);
#978=EDGE_CURVE('',#781,#782,#411,.T.);
#979=EDGE_CURVE('',#738,#777,#412,.T.);
#980=EDGE_CURVE('',#686,#715,#413,.T.);
#981=EDGE_CURVE('',#693,#716,#414,.T.);
#982=EDGE_CURVE('',#717,#692,#415,.T.);
#983=EDGE_CURVE('',#687,#714,#416,.T.);
#984=EDGE_CURVE('',#780,#776,#417,.T.);
#985=EDGE_CURVE('',#755,#783,#418,.T.);
#986=EDGE_CURVE('',#783,#783,#641,.T.);
#987=EDGE_CURVE('',#753,#784,#419,.T.);
#988=EDGE_CURVE('',#784,#784,#642,.T.);
#989=EDGE_CURVE('',#752,#785,#420,.T.);
#990=EDGE_CURVE('',#785,#785,#643,.T.);
#991=EDGE_CURVE('',#751,#786,#421,.T.);
#992=EDGE_CURVE('',#786,#786,#644,.T.);
#993=EDGE_CURVE('',#750,#787,#422,.T.);
#994=EDGE_CURVE('',#787,#787,#645,.T.);
#995=EDGE_CURVE('',#754,#788,#423,.T.);
#996=EDGE_CURVE('',#788,#788,#646,.T.);
#997=EDGE_CURVE('',#749,#789,#424,.T.);
#998=EDGE_CURVE('',#789,#789,#647,.T.);
#999=EDGE_CURVE('',#748,#790,#425,.T.);
#1000=EDGE_CURVE('',#790,#790,#648,.T.);
#1001=EDGE_CURVE('',#747,#791,#426,.T.);
#1002=EDGE_CURVE('',#791,#791,#649,.T.);
#1003=EDGE_CURVE('',#746,#792,#427,.T.);
#1004=EDGE_CURVE('',#792,#792,#650,.T.);
#1005=EDGE_CURVE('',#793,#773,#651,.T.);
#1006=EDGE_CURVE('',#793,#765,#428,.T.);
#1007=EDGE_CURVE('',#778,#793,#429,.T.);
#1008=EDGE_CURVE('',#782,#794,#652,.T.);
#1009=EDGE_CURVE('',#794,#795,#430,.T.);
#1010=EDGE_CURVE('',#795,#781,#653,.T.);
#1011=EDGE_CURVE('',#689,#795,#431,.T.);
#1012=EDGE_CURVE('',#690,#794,#432,.T.);
#1013=EDGE_CURVE('',#691,#718,#433,.T.);
#1014=EDGE_CURVE('',#688,#721,#434,.T.);
#1015=ORIENTED_EDGE('',*,*,#796,.T.);
#1016=ORIENTED_EDGE('',*,*,#797,.T.);
#1017=ORIENTED_EDGE('',*,*,#798,.F.);
#1018=ORIENTED_EDGE('',*,*,#797,.F.);
#1019=ORIENTED_EDGE('',*,*,#799,.T.);
#1020=ORIENTED_EDGE('',*,*,#800,.T.);
#1021=ORIENTED_EDGE('',*,*,#801,.F.);
#1022=ORIENTED_EDGE('',*,*,#800,.F.);
#1023=ORIENTED_EDGE('',*,*,#802,.T.);
#1024=ORIENTED_EDGE('',*,*,#803,.T.);
#1025=ORIENTED_EDGE('',*,*,#804,.F.);
#1026=ORIENTED_EDGE('',*,*,#803,.F.);
#1027=ORIENTED_EDGE('',*,*,#805,.T.);
#1028=ORIENTED_EDGE('',*,*,#806,.T.);
#1029=ORIENTED_EDGE('',*,*,#807,.F.);
#1030=ORIENTED_EDGE('',*,*,#806,.F.);
#1031=ORIENTED_EDGE('',*,*,#808,.T.);
#1032=ORIENTED_EDGE('',*,*,#809,.T.);
#1033=ORIENTED_EDGE('',*,*,#810,.F.);
#1034=ORIENTED_EDGE('',*,*,#809,.F.);
#1035=ORIENTED_EDGE('',*,*,#811,.T.);
#1036=ORIENTED_EDGE('',*,*,#812,.T.);
#1037=ORIENTED_EDGE('',*,*,#813,.F.);
#1038=ORIENTED_EDGE('',*,*,#812,.F.);
#1039=ORIENTED_EDGE('',*,*,#814,.T.);
#1040=ORIENTED_EDGE('',*,*,#815,.F.);
#1041=ORIENTED_EDGE('',*,*,#816,.T.);
#1042=ORIENTED_EDGE('',*,*,#817,.F.);
#1043=ORIENTED_EDGE('',*,*,#818,.F.);
#1044=ORIENTED_EDGE('',*,*,#819,.T.);
#1045=ORIENTED_EDGE('',*,*,#820,.F.);
#1046=ORIENTED_EDGE('',*,*,#821,.T.);
#1047=ORIENTED_EDGE('',*,*,#822,.F.);
#1048=ORIENTED_EDGE('',*,*,#823,.T.);
#1049=ORIENTED_EDGE('',*,*,#824,.F.);
#1050=ORIENTED_EDGE('',*,*,#825,.T.);
#1051=ORIENTED_EDGE('',*,*,#826,.F.);
#1052=ORIENTED_EDGE('',*,*,#827,.T.);
#1053=ORIENTED_EDGE('',*,*,#828,.F.);
#1054=ORIENTED_EDGE('',*,*,#829,.T.);
#1055=ORIENTED_EDGE('',*,*,#830,.F.);
#1056=ORIENTED_EDGE('',*,*,#831,.T.);
#1057=ORIENTED_EDGE('',*,*,#832,.T.);
#1058=ORIENTED_EDGE('',*,*,#833,.F.);
#1059=ORIENTED_EDGE('',*,*,#834,.F.);
#1060=ORIENTED_EDGE('',*,*,#819,.F.);
#1061=ORIENTED_EDGE('',*,*,#835,.F.);
#1062=ORIENTED_EDGE('',*,*,#832,.F.);
#1063=ORIENTED_EDGE('',*,*,#836,.T.);
#1064=ORIENTED_EDGE('',*,*,#837,.T.);
#1065=ORIENTED_EDGE('',*,*,#838,.T.);
#1066=ORIENTED_EDGE('',*,*,#839,.T.);
#1067=ORIENTED_EDGE('',*,*,#840,.T.);
#1068=ORIENTED_EDGE('',*,*,#841,.T.);
#1069=ORIENTED_EDGE('',*,*,#842,.T.);
#1070=ORIENTED_EDGE('',*,*,#843,.T.);
#1071=ORIENTED_EDGE('',*,*,#815,.T.);
#1072=ORIENTED_EDGE('',*,*,#844,.T.);
#1073=ORIENTED_EDGE('',*,*,#845,.T.);
#1074=ORIENTED_EDGE('',*,*,#846,.T.);
#1075=ORIENTED_EDGE('',*,*,#833,.T.);
#1076=ORIENTED_EDGE('',*,*,#835,.T.);
#1077=ORIENTED_EDGE('',*,*,#818,.T.);
#1078=ORIENTED_EDGE('',*,*,#847,.T.);
#1079=ORIENTED_EDGE('',*,*,#848,.T.);
#1080=ORIENTED_EDGE('',*,*,#826,.T.);
#1081=ORIENTED_EDGE('',*,*,#849,.T.);
#1082=ORIENTED_EDGE('',*,*,#850,.T.);
#1083=ORIENTED_EDGE('',*,*,#822,.T.);
#1084=ORIENTED_EDGE('',*,*,#851,.T.);
#1085=ORIENTED_EDGE('',*,*,#852,.T.);
#1086=ORIENTED_EDGE('',*,*,#853,.T.);
#1087=ORIENTED_EDGE('',*,*,#854,.T.);
#1088=ORIENTED_EDGE('',*,*,#855,.T.);
#1089=ORIENTED_EDGE('',*,*,#856,.F.);
#1090=ORIENTED_EDGE('',*,*,#847,.F.);
#1091=ORIENTED_EDGE('',*,*,#821,.F.);
#1092=ORIENTED_EDGE('',*,*,#857,.F.);
#1093=ORIENTED_EDGE('',*,*,#856,.T.);
#1094=ORIENTED_EDGE('',*,*,#858,.F.);
#1095=ORIENTED_EDGE('',*,*,#827,.F.);
#1096=ORIENTED_EDGE('',*,*,#848,.F.);
#1097=ORIENTED_EDGE('',*,*,#859,.T.);
#1098=ORIENTED_EDGE('',*,*,#824,.T.);
#1099=ORIENTED_EDGE('',*,*,#860,.T.);
#1100=ORIENTED_EDGE('',*,*,#861,.T.);
#1101=ORIENTED_EDGE('',*,*,#828,.T.);
#1102=ORIENTED_EDGE('',*,*,#858,.T.);
#1103=ORIENTED_EDGE('',*,*,#857,.T.);
#1104=ORIENTED_EDGE('',*,*,#820,.T.);
#1105=ORIENTED_EDGE('',*,*,#834,.T.);
#1106=ORIENTED_EDGE('',*,*,#831,.F.);
#1107=ORIENTED_EDGE('',*,*,#862,.F.);
#1108=ORIENTED_EDGE('',*,*,#863,.F.);
#1109=ORIENTED_EDGE('',*,*,#864,.F.);
#1110=ORIENTED_EDGE('',*,*,#865,.T.);
#1111=ORIENTED_EDGE('',*,*,#802,.F.);
#1112=ORIENTED_EDGE('',*,*,#808,.F.);
#1113=ORIENTED_EDGE('',*,*,#805,.F.);
#1114=ORIENTED_EDGE('',*,*,#866,.F.);
#1115=ORIENTED_EDGE('',*,*,#849,.F.);
#1116=ORIENTED_EDGE('',*,*,#829,.F.);
#1117=ORIENTED_EDGE('',*,*,#861,.F.);
#1118=ORIENTED_EDGE('',*,*,#866,.T.);
#1119=ORIENTED_EDGE('',*,*,#860,.F.);
#1120=ORIENTED_EDGE('',*,*,#823,.F.);
#1121=ORIENTED_EDGE('',*,*,#850,.F.);
#1122=ORIENTED_EDGE('',*,*,#867,.F.);
#1123=ORIENTED_EDGE('',*,*,#852,.F.);
#1124=ORIENTED_EDGE('',*,*,#868,.T.);
#1125=ORIENTED_EDGE('',*,*,#865,.F.);
#1126=ORIENTED_EDGE('',*,*,#851,.F.);
#1127=ORIENTED_EDGE('',*,*,#825,.F.);
#1128=ORIENTED_EDGE('',*,*,#859,.F.);
#1129=ORIENTED_EDGE('',*,*,#868,.F.);
#1130=ORIENTED_EDGE('',*,*,#869,.F.);
#1131=ORIENTED_EDGE('',*,*,#870,.T.);
#1132=ORIENTED_EDGE('',*,*,#871,.T.);
#1133=ORIENTED_EDGE('',*,*,#854,.F.);
#1134=ORIENTED_EDGE('',*,*,#855,.F.);
#1135=ORIENTED_EDGE('',*,*,#871,.F.);
#1136=ORIENTED_EDGE('',*,*,#872,.F.);
#1137=ORIENTED_EDGE('',*,*,#816,.F.);
#1138=ORIENTED_EDGE('',*,*,#873,.T.);
#1139=ORIENTED_EDGE('',*,*,#845,.F.);
#1140=ORIENTED_EDGE('',*,*,#874,.T.);
#1141=ORIENTED_EDGE('',*,*,#875,.F.);
#1142=ORIENTED_EDGE('',*,*,#844,.F.);
#1143=ORIENTED_EDGE('',*,*,#814,.F.);
#1144=ORIENTED_EDGE('',*,*,#876,.F.);
#1145=ORIENTED_EDGE('',*,*,#874,.F.);
#1146=ORIENTED_EDGE('',*,*,#877,.F.);
#1147=ORIENTED_EDGE('',*,*,#878,.F.);
#1148=ORIENTED_EDGE('',*,*,#879,.F.);
#1149=ORIENTED_EDGE('',*,*,#862,.T.);
#1150=ORIENTED_EDGE('',*,*,#830,.T.);
#1151=ORIENTED_EDGE('',*,*,#846,.F.);
#1152=ORIENTED_EDGE('',*,*,#873,.F.);
#1153=ORIENTED_EDGE('',*,*,#880,.F.);
#1154=ORIENTED_EDGE('',*,*,#869,.T.);
#1155=ORIENTED_EDGE('',*,*,#853,.F.);
#1156=ORIENTED_EDGE('',*,*,#867,.T.);
#1157=ORIENTED_EDGE('',*,*,#864,.T.);
#1158=ORIENTED_EDGE('',*,*,#817,.T.);
#1159=ORIENTED_EDGE('',*,*,#872,.T.);
#1160=ORIENTED_EDGE('',*,*,#870,.F.);
#1161=ORIENTED_EDGE('',*,*,#880,.T.);
#1162=ORIENTED_EDGE('',*,*,#875,.T.);
#1163=ORIENTED_EDGE('',*,*,#876,.T.);
#1164=ORIENTED_EDGE('',*,*,#811,.F.);
#1165=ORIENTED_EDGE('',*,*,#877,.T.);
#1166=ORIENTED_EDGE('',*,*,#863,.T.);
#1167=ORIENTED_EDGE('',*,*,#879,.T.);
#1168=ORIENTED_EDGE('',*,*,#881,.F.);
#1169=ORIENTED_EDGE('',*,*,#882,.T.);
#1170=ORIENTED_EDGE('',*,*,#883,.T.);
#1171=ORIENTED_EDGE('',*,*,#884,.T.);
#1172=ORIENTED_EDGE('',*,*,#885,.T.);
#1173=ORIENTED_EDGE('',*,*,#886,.T.);
#1174=ORIENTED_EDGE('',*,*,#887,.T.);
#1175=ORIENTED_EDGE('',*,*,#888,.T.);
#1176=ORIENTED_EDGE('',*,*,#889,.T.);
#1177=ORIENTED_EDGE('',*,*,#804,.T.);
#1178=ORIENTED_EDGE('',*,*,#807,.T.);
#1179=ORIENTED_EDGE('',*,*,#810,.T.);
#1180=ORIENTED_EDGE('',*,*,#813,.T.);
#1181=ORIENTED_EDGE('',*,*,#878,.T.);
#1182=ORIENTED_EDGE('',*,*,#881,.T.);
#1183=ORIENTED_EDGE('',*,*,#890,.F.);
#1184=ORIENTED_EDGE('',*,*,#891,.T.);
#1185=ORIENTED_EDGE('',*,*,#892,.T.);
#1186=ORIENTED_EDGE('',*,*,#893,.F.);
#1187=ORIENTED_EDGE('',*,*,#894,.F.);
#1188=ORIENTED_EDGE('',*,*,#895,.T.);
#1189=ORIENTED_EDGE('',*,*,#896,.T.);
#1190=ORIENTED_EDGE('',*,*,#897,.F.);
#1191=ORIENTED_EDGE('',*,*,#898,.F.);
#1192=ORIENTED_EDGE('',*,*,#893,.T.);
#1193=ORIENTED_EDGE('',*,*,#899,.T.);
#1194=ORIENTED_EDGE('',*,*,#900,.F.);
#1195=ORIENTED_EDGE('',*,*,#901,.F.);
#1196=ORIENTED_EDGE('',*,*,#897,.T.);
#1197=ORIENTED_EDGE('',*,*,#902,.T.);
#1198=ORIENTED_EDGE('',*,*,#903,.F.);
#1199=ORIENTED_EDGE('',*,*,#904,.F.);
#1200=ORIENTED_EDGE('',*,*,#900,.T.);
#1201=ORIENTED_EDGE('',*,*,#905,.T.);
#1202=ORIENTED_EDGE('',*,*,#906,.F.);
#1203=ORIENTED_EDGE('',*,*,#907,.F.);
#1204=ORIENTED_EDGE('',*,*,#908,.T.);
#1205=ORIENTED_EDGE('',*,*,#909,.T.);
#1206=ORIENTED_EDGE('',*,*,#910,.F.);
#1207=ORIENTED_EDGE('',*,*,#911,.F.);
#1208=ORIENTED_EDGE('',*,*,#912,.F.);
#1209=ORIENTED_EDGE('',*,*,#913,.F.);
#1210=ORIENTED_EDGE('',*,*,#914,.T.);
#1211=ORIENTED_EDGE('',*,*,#915,.F.);
#1212=ORIENTED_EDGE('',*,*,#916,.T.);
#1213=ORIENTED_EDGE('',*,*,#917,.F.);
#1214=ORIENTED_EDGE('',*,*,#918,.F.);
#1215=ORIENTED_EDGE('',*,*,#919,.F.);
#1216=ORIENTED_EDGE('',*,*,#920,.F.);
#1217=ORIENTED_EDGE('',*,*,#921,.F.);
#1218=ORIENTED_EDGE('',*,*,#922,.F.);
#1219=ORIENTED_EDGE('',*,*,#923,.F.);
#1220=ORIENTED_EDGE('',*,*,#924,.F.);
#1221=ORIENTED_EDGE('',*,*,#925,.F.);
#1222=ORIENTED_EDGE('',*,*,#926,.F.);
#1223=ORIENTED_EDGE('',*,*,#927,.F.);
#1224=ORIENTED_EDGE('',*,*,#928,.F.);
#1225=ORIENTED_EDGE('',*,*,#929,.F.);
#1226=ORIENTED_EDGE('',*,*,#910,.T.);
#1227=ORIENTED_EDGE('',*,*,#930,.T.);
#1228=ORIENTED_EDGE('',*,*,#931,.F.);
#1229=ORIENTED_EDGE('',*,*,#932,.F.);
#1230=ORIENTED_EDGE('',*,*,#931,.T.);
#1231=ORIENTED_EDGE('',*,*,#933,.T.);
#1232=ORIENTED_EDGE('',*,*,#908,.F.);
#1233=ORIENTED_EDGE('',*,*,#934,.F.);
#1234=ORIENTED_EDGE('',*,*,#903,.T.);
#1235=ORIENTED_EDGE('',*,*,#935,.T.);
#1236=ORIENTED_EDGE('',*,*,#895,.F.);
#1237=ORIENTED_EDGE('',*,*,#936,.F.);
#1238=ORIENTED_EDGE('',*,*,#937,.T.);
#1239=ORIENTED_EDGE('',*,*,#938,.T.);
#1240=ORIENTED_EDGE('',*,*,#891,.F.);
#1241=ORIENTED_EDGE('',*,*,#939,.F.);
#1242=ORIENTED_EDGE('',*,*,#940,.T.);
#1243=ORIENTED_EDGE('',*,*,#941,.T.);
#1244=ORIENTED_EDGE('',*,*,#937,.F.);
#1245=ORIENTED_EDGE('',*,*,#942,.F.);
#1246=ORIENTED_EDGE('',*,*,#943,.T.);
#1247=ORIENTED_EDGE('',*,*,#944,.T.);
#1248=ORIENTED_EDGE('',*,*,#940,.F.);
#1249=ORIENTED_EDGE('',*,*,#945,.F.);
#1250=ORIENTED_EDGE('',*,*,#946,.T.);
#1251=ORIENTED_EDGE('',*,*,#947,.T.);
#1252=ORIENTED_EDGE('',*,*,#943,.F.);
#1253=ORIENTED_EDGE('',*,*,#948,.F.);
#1254=ORIENTED_EDGE('',*,*,#906,.T.);
#1255=ORIENTED_EDGE('',*,*,#949,.T.);
#1256=ORIENTED_EDGE('',*,*,#946,.F.);
#1257=ORIENTED_EDGE('',*,*,#949,.F.);
#1258=ORIENTED_EDGE('',*,*,#930,.F.);
#1259=ORIENTED_EDGE('',*,*,#909,.F.);
#1260=ORIENTED_EDGE('',*,*,#933,.F.);
#1261=ORIENTED_EDGE('',*,*,#905,.F.);
#1262=ORIENTED_EDGE('',*,*,#902,.F.);
#1263=ORIENTED_EDGE('',*,*,#896,.F.);
#1264=ORIENTED_EDGE('',*,*,#935,.F.);
#1265=ORIENTED_EDGE('',*,*,#899,.F.);
#1266=ORIENTED_EDGE('',*,*,#892,.F.);
#1267=ORIENTED_EDGE('',*,*,#938,.F.);
#1268=ORIENTED_EDGE('',*,*,#941,.F.);
#1269=ORIENTED_EDGE('',*,*,#944,.F.);
#1270=ORIENTED_EDGE('',*,*,#947,.F.);
#1271=ORIENTED_EDGE('',*,*,#950,.F.);
#1272=ORIENTED_EDGE('',*,*,#951,.F.);
#1273=ORIENTED_EDGE('',*,*,#952,.F.);
#1274=ORIENTED_EDGE('',*,*,#914,.F.);
#1275=ORIENTED_EDGE('',*,*,#953,.F.);
#1276=ORIENTED_EDGE('',*,*,#954,.F.);
#1277=ORIENTED_EDGE('',*,*,#955,.F.);
#1278=ORIENTED_EDGE('',*,*,#956,.F.);
#1279=ORIENTED_EDGE('',*,*,#957,.F.);
#1280=ORIENTED_EDGE('',*,*,#958,.F.);
#1281=ORIENTED_EDGE('',*,*,#916,.F.);
#1282=ORIENTED_EDGE('',*,*,#950,.T.);
#1283=ORIENTED_EDGE('',*,*,#915,.T.);
#1284=ORIENTED_EDGE('',*,*,#959,.F.);
#1285=ORIENTED_EDGE('',*,*,#960,.F.);
#1286=ORIENTED_EDGE('',*,*,#961,.F.);
#1287=ORIENTED_EDGE('',*,*,#962,.T.);
#1288=ORIENTED_EDGE('',*,*,#963,.F.);
#1289=ORIENTED_EDGE('',*,*,#964,.T.);
#1290=ORIENTED_EDGE('',*,*,#957,.T.);
#1291=ORIENTED_EDGE('',*,*,#965,.F.);
#1292=ORIENTED_EDGE('',*,*,#966,.F.);
#1293=ORIENTED_EDGE('',*,*,#967,.T.);
#1294=ORIENTED_EDGE('',*,*,#953,.T.);
#1295=ORIENTED_EDGE('',*,*,#913,.T.);
#1296=ORIENTED_EDGE('',*,*,#968,.F.);
#1297=ORIENTED_EDGE('',*,*,#969,.F.);
#1298=ORIENTED_EDGE('',*,*,#970,.F.);
#1299=ORIENTED_EDGE('',*,*,#960,.T.);
#1300=ORIENTED_EDGE('',*,*,#971,.F.);
#1301=ORIENTED_EDGE('',*,*,#917,.T.);
#1302=ORIENTED_EDGE('',*,*,#958,.T.);
#1303=ORIENTED_EDGE('',*,*,#964,.F.);
#1304=ORIENTED_EDGE('',*,*,#956,.T.);
#1305=ORIENTED_EDGE('',*,*,#972,.F.);
#1306=ORIENTED_EDGE('',*,*,#973,.F.);
#1307=ORIENTED_EDGE('',*,*,#965,.T.);
#1308=ORIENTED_EDGE('',*,*,#955,.T.);
#1309=ORIENTED_EDGE('',*,*,#974,.F.);
#1310=ORIENTED_EDGE('',*,*,#975,.F.);
#1311=ORIENTED_EDGE('',*,*,#972,.T.);
#1312=ORIENTED_EDGE('',*,*,#976,.T.);
#1313=ORIENTED_EDGE('',*,*,#887,.F.);
#1314=ORIENTED_EDGE('',*,*,#977,.T.);
#1315=ORIENTED_EDGE('',*,*,#978,.F.);
#1316=ORIENTED_EDGE('',*,*,#948,.T.);
#1317=ORIENTED_EDGE('',*,*,#945,.T.);
#1318=ORIENTED_EDGE('',*,*,#942,.T.);
#1319=ORIENTED_EDGE('',*,*,#939,.T.);
#1320=ORIENTED_EDGE('',*,*,#936,.T.);
#1321=ORIENTED_EDGE('',*,*,#890,.T.);
#1322=ORIENTED_EDGE('',*,*,#898,.T.);
#1323=ORIENTED_EDGE('',*,*,#904,.T.);
#1324=ORIENTED_EDGE('',*,*,#934,.T.);
#1325=ORIENTED_EDGE('',*,*,#894,.T.);
#1326=ORIENTED_EDGE('',*,*,#901,.T.);
#1327=ORIENTED_EDGE('',*,*,#912,.T.);
#1328=ORIENTED_EDGE('',*,*,#979,.T.);
#1329=ORIENTED_EDGE('',*,*,#968,.T.);
#1330=ORIENTED_EDGE('',*,*,#918,.T.);
#1331=ORIENTED_EDGE('',*,*,#971,.T.);
#1332=ORIENTED_EDGE('',*,*,#959,.T.);
#1333=ORIENTED_EDGE('',*,*,#980,.F.);
#1334=ORIENTED_EDGE('',*,*,#843,.F.);
#1335=ORIENTED_EDGE('',*,*,#981,.T.);
#1336=ORIENTED_EDGE('',*,*,#883,.F.);
#1337=ORIENTED_EDGE('',*,*,#981,.F.);
#1338=ORIENTED_EDGE('',*,*,#842,.F.);
#1339=ORIENTED_EDGE('',*,*,#982,.F.);
#1340=ORIENTED_EDGE('',*,*,#884,.F.);
#1341=ORIENTED_EDGE('',*,*,#983,.F.);
#1342=ORIENTED_EDGE('',*,*,#836,.F.);
#1343=ORIENTED_EDGE('',*,*,#980,.T.);
#1344=ORIENTED_EDGE('',*,*,#882,.F.);
#1345=ORIENTED_EDGE('',*,*,#954,.T.);
#1346=ORIENTED_EDGE('',*,*,#967,.F.);
#1347=ORIENTED_EDGE('',*,*,#984,.F.);
#1348=ORIENTED_EDGE('',*,*,#974,.T.);
#1349=ORIENTED_EDGE('',*,*,#928,.T.);
#1350=ORIENTED_EDGE('',*,*,#985,.T.);
#1351=ORIENTED_EDGE('',*,*,#986,.T.);
#1352=ORIENTED_EDGE('',*,*,#985,.F.);
#1353=ORIENTED_EDGE('',*,*,#926,.T.);
#1354=ORIENTED_EDGE('',*,*,#987,.T.);
#1355=ORIENTED_EDGE('',*,*,#988,.T.);
#1356=ORIENTED_EDGE('',*,*,#987,.F.);
#1357=ORIENTED_EDGE('',*,*,#925,.T.);
#1358=ORIENTED_EDGE('',*,*,#989,.T.);
#1359=ORIENTED_EDGE('',*,*,#990,.T.);
#1360=ORIENTED_EDGE('',*,*,#989,.F.);
#1361=ORIENTED_EDGE('',*,*,#924,.T.);
#1362=ORIENTED_EDGE('',*,*,#991,.T.);
#1363=ORIENTED_EDGE('',*,*,#992,.T.);
#1364=ORIENTED_EDGE('',*,*,#991,.F.);
#1365=ORIENTED_EDGE('',*,*,#923,.T.);
#1366=ORIENTED_EDGE('',*,*,#993,.T.);
#1367=ORIENTED_EDGE('',*,*,#994,.T.);
#1368=ORIENTED_EDGE('',*,*,#993,.F.);
#1369=ORIENTED_EDGE('',*,*,#927,.T.);
#1370=ORIENTED_EDGE('',*,*,#995,.T.);
#1371=ORIENTED_EDGE('',*,*,#996,.T.);
#1372=ORIENTED_EDGE('',*,*,#995,.F.);
#1373=ORIENTED_EDGE('',*,*,#922,.T.);
#1374=ORIENTED_EDGE('',*,*,#997,.T.);
#1375=ORIENTED_EDGE('',*,*,#998,.T.);
#1376=ORIENTED_EDGE('',*,*,#997,.F.);
#1377=ORIENTED_EDGE('',*,*,#921,.T.);
#1378=ORIENTED_EDGE('',*,*,#999,.T.);
#1379=ORIENTED_EDGE('',*,*,#1000,.T.);
#1380=ORIENTED_EDGE('',*,*,#999,.F.);
#1381=ORIENTED_EDGE('',*,*,#920,.T.);
#1382=ORIENTED_EDGE('',*,*,#1001,.T.);
#1383=ORIENTED_EDGE('',*,*,#1002,.T.);
#1384=ORIENTED_EDGE('',*,*,#1001,.F.);
#1385=ORIENTED_EDGE('',*,*,#919,.T.);
#1386=ORIENTED_EDGE('',*,*,#1003,.T.);
#1387=ORIENTED_EDGE('',*,*,#1004,.T.);
#1388=ORIENTED_EDGE('',*,*,#1003,.F.);
#1389=ORIENTED_EDGE('',*,*,#966,.T.);
#1390=ORIENTED_EDGE('',*,*,#973,.T.);
#1391=ORIENTED_EDGE('',*,*,#975,.T.);
#1392=ORIENTED_EDGE('',*,*,#984,.T.);
#1393=ORIENTED_EDGE('',*,*,#1002,.F.);
#1394=ORIENTED_EDGE('',*,*,#1000,.F.);
#1395=ORIENTED_EDGE('',*,*,#998,.F.);
#1396=ORIENTED_EDGE('',*,*,#996,.F.);
#1397=ORIENTED_EDGE('',*,*,#1004,.F.);
#1398=ORIENTED_EDGE('',*,*,#796,.F.);
#1399=ORIENTED_EDGE('',*,*,#951,.T.);
#1400=ORIENTED_EDGE('',*,*,#962,.F.);
#1401=ORIENTED_EDGE('',*,*,#1005,.F.);
#1402=ORIENTED_EDGE('',*,*,#1006,.T.);
#1403=ORIENTED_EDGE('',*,*,#952,.T.);
#1404=ORIENTED_EDGE('',*,*,#1006,.F.);
#1405=ORIENTED_EDGE('',*,*,#1007,.F.);
#1406=ORIENTED_EDGE('',*,*,#969,.T.);
#1407=ORIENTED_EDGE('',*,*,#979,.F.);
#1408=ORIENTED_EDGE('',*,*,#911,.T.);
#1409=ORIENTED_EDGE('',*,*,#970,.T.);
#1410=ORIENTED_EDGE('',*,*,#1007,.T.);
#1411=ORIENTED_EDGE('',*,*,#1005,.T.);
#1412=ORIENTED_EDGE('',*,*,#961,.T.);
#1413=ORIENTED_EDGE('',*,*,#986,.F.);
#1414=ORIENTED_EDGE('',*,*,#988,.F.);
#1415=ORIENTED_EDGE('',*,*,#990,.F.);
#1416=ORIENTED_EDGE('',*,*,#992,.F.);
#1417=ORIENTED_EDGE('',*,*,#994,.F.);
#1418=ORIENTED_EDGE('',*,*,#799,.F.);
#1419=ORIENTED_EDGE('',*,*,#929,.T.);
#1420=ORIENTED_EDGE('',*,*,#932,.T.);
#1421=ORIENTED_EDGE('',*,*,#907,.T.);
#1422=ORIENTED_EDGE('',*,*,#1008,.T.);
#1423=ORIENTED_EDGE('',*,*,#1009,.T.);
#1424=ORIENTED_EDGE('',*,*,#1010,.T.);
#1425=ORIENTED_EDGE('',*,*,#978,.T.);
#1426=ORIENTED_EDGE('',*,*,#839,.F.);
#1427=ORIENTED_EDGE('',*,*,#1011,.T.);
#1428=ORIENTED_EDGE('',*,*,#1009,.F.);
#1429=ORIENTED_EDGE('',*,*,#1012,.F.);
#1430=ORIENTED_EDGE('',*,*,#798,.T.);
#1431=ORIENTED_EDGE('',*,*,#801,.T.);
#1432=ORIENTED_EDGE('',*,*,#963,.T.);
#1433=ORIENTED_EDGE('',*,*,#977,.F.);
#1434=ORIENTED_EDGE('',*,*,#886,.F.);
#1435=ORIENTED_EDGE('',*,*,#1013,.F.);
#1436=ORIENTED_EDGE('',*,*,#840,.F.);
#1437=ORIENTED_EDGE('',*,*,#1012,.T.);
#1438=ORIENTED_EDGE('',*,*,#1008,.F.);
#1439=ORIENTED_EDGE('',*,*,#976,.F.);
#1440=ORIENTED_EDGE('',*,*,#1010,.F.);
#1441=ORIENTED_EDGE('',*,*,#1011,.F.);
#1442=ORIENTED_EDGE('',*,*,#838,.F.);
#1443=ORIENTED_EDGE('',*,*,#1014,.T.);
#1444=ORIENTED_EDGE('',*,*,#888,.F.);
#1445=ORIENTED_EDGE('',*,*,#983,.T.);
#1446=ORIENTED_EDGE('',*,*,#889,.F.);
#1447=ORIENTED_EDGE('',*,*,#1014,.F.);
#1448=ORIENTED_EDGE('',*,*,#837,.F.);
#1449=ORIENTED_EDGE('',*,*,#982,.T.);
#1450=ORIENTED_EDGE('',*,*,#841,.F.);
#1451=ORIENTED_EDGE('',*,*,#1013,.T.);
#1452=ORIENTED_EDGE('',*,*,#885,.F.);
#1453=CYLINDRICAL_SURFACE('',#1590,0.800000000000014);
#1454=CYLINDRICAL_SURFACE('',#1593,0.800000000000014);
#1455=CYLINDRICAL_SURFACE('',#1596,0.800000000000014);
#1456=CYLINDRICAL_SURFACE('',#1599,0.800000000000014);
#1457=CYLINDRICAL_SURFACE('',#1602,0.800000000000014);
#1458=CYLINDRICAL_SURFACE('',#1605,0.800000000000014);
#1459=CYLINDRICAL_SURFACE('',#1608,2.2);
#1460=CYLINDRICAL_SURFACE('',#1611,2.09999999999997);
#1461=CYLINDRICAL_SURFACE('',#1614,2.1);
#1462=CYLINDRICAL_SURFACE('',#1617,2.19999999999995);
#1463=CYLINDRICAL_SURFACE('',#1641,3.45);
#1464=CYLINDRICAL_SURFACE('',#1645,3.45);
#1465=CYLINDRICAL_SURFACE('',#1650,3.70000000000001);
#1466=CYLINDRICAL_SURFACE('',#1653,2.);
#1467=CYLINDRICAL_SURFACE('',#1658,2.20000000000001);
#1468=CYLINDRICAL_SURFACE('',#1661,2.);
#1469=CYLINDRICAL_SURFACE('',#1664,3.45);
#1470=CYLINDRICAL_SURFACE('',#1667,3.45);
#1471=CYLINDRICAL_SURFACE('',#1694,2.20000000000001);
#1472=CYLINDRICAL_SURFACE('',#1698,3.70000000000001);
#1473=CYLINDRICAL_SURFACE('',#1709,3.45);
#1474=CYLINDRICAL_SURFACE('',#1716,2.);
#1475=CYLINDRICAL_SURFACE('',#1726,0.600000000000013);
#1476=CYLINDRICAL_SURFACE('',#1728,0.600000000000013);
#1477=CYLINDRICAL_SURFACE('',#1730,0.600000000000014);
#1478=CYLINDRICAL_SURFACE('',#1732,0.600000000000014);
#1479=CYLINDRICAL_SURFACE('',#1734,0.600000000000014);
#1480=CYLINDRICAL_SURFACE('',#1736,0.600000000000014);
#1481=CYLINDRICAL_SURFACE('',#1738,0.600000000000014);
#1482=CYLINDRICAL_SURFACE('',#1740,0.600000000000014);
#1483=CYLINDRICAL_SURFACE('',#1742,0.600000000000014);
#1484=CYLINDRICAL_SURFACE('',#1744,0.600000000000014);
#1485=CYLINDRICAL_SURFACE('',#1747,2.);
#1486=CYLINDRICAL_SURFACE('',#1756,24.7588);
#1487=CYLINDRICAL_SURFACE('',#1757,24.7588);
#1488=ADVANCED_FACE('',(#95),#1453,.F.);
#1489=ADVANCED_FACE('',(#96),#1454,.F.);
#1490=ADVANCED_FACE('',(#97),#1455,.F.);
#1491=ADVANCED_FACE('',(#98),#1456,.F.);
#1492=ADVANCED_FACE('',(#99),#1457,.F.);
#1493=ADVANCED_FACE('',(#100),#1458,.F.);
#1494=ADVANCED_FACE('',(#101),#1459,.F.);
#1495=ADVANCED_FACE('',(#102),#1460,.F.);
#1496=ADVANCED_FACE('',(#103),#1461,.F.);
#1497=ADVANCED_FACE('',(#104),#1462,.F.);
#1498=ADVANCED_FACE('',(#105),#42,.F.);
#1499=ADVANCED_FACE('',(#106),#43,.F.);
#1500=ADVANCED_FACE('',(#107,#15),#44,.F.);
#1501=ADVANCED_FACE('',(#108),#45,.F.);
#1502=ADVANCED_FACE('',(#109),#46,.F.);
#1503=ADVANCED_FACE('',(#110,#16,#17,#18),#47,.T.);
#1504=ADVANCED_FACE('',(#111),#48,.F.);
#1505=ADVANCED_FACE('',(#112),#49,.F.);
#1506=ADVANCED_FACE('',(#113),#50,.F.);
#1507=ADVANCED_FACE('',(#114),#51,.F.);
#1508=ADVANCED_FACE('',(#115),#52,.F.);
#1509=ADVANCED_FACE('',(#116),#53,.F.);
#1510=ADVANCED_FACE('',(#117),#54,.F.);
#1511=ADVANCED_FACE('',(#118),#55,.F.);
#1512=ADVANCED_FACE('',(#119),#1463,.F.);
#1513=ADVANCED_FACE('',(#120,#19),#56,.T.);
#1514=ADVANCED_FACE('',(#121),#1464,.F.);
#1515=ADVANCED_FACE('',(#122,#20,#21,#22,#23,#24),#57,.T.);
#1516=ADVANCED_FACE('',(#123),#1465,.F.);
#1517=ADVANCED_FACE('',(#124),#1466,.F.);
#1518=ADVANCED_FACE('',(#125),#58,.F.);
#1519=ADVANCED_FACE('',(#126),#59,.F.);
#1520=ADVANCED_FACE('',(#127),#1467,.F.);
#1521=ADVANCED_FACE('',(#128),#1468,.F.);
#1522=ADVANCED_FACE('',(#129),#1469,.T.);
#1523=ADVANCED_FACE('',(#130),#1470,.T.);
#1524=ADVANCED_FACE('',(#131),#60,.T.);
#1525=ADVANCED_FACE('',(#132),#61,.T.);
#1526=ADVANCED_FACE('',(#133),#62,.T.);
#1527=ADVANCED_FACE('',(#134),#63,.T.);
#1528=ADVANCED_FACE('',(#135),#64,.T.);
#1529=ADVANCED_FACE('',(#136),#65,.T.);
#1530=ADVANCED_FACE('',(#137),#66,.T.);
#1531=ADVANCED_FACE('',(#138),#67,.T.);
#1532=ADVANCED_FACE('',(#139),#68,.T.);
#1533=ADVANCED_FACE('',(#140),#69,.T.);
#1534=ADVANCED_FACE('',(#141),#70,.F.);
#1535=ADVANCED_FACE('',(#142),#71,.F.);
#1536=ADVANCED_FACE('',(#143),#72,.F.);
#1537=ADVANCED_FACE('',(#144),#73,.F.);
#1538=ADVANCED_FACE('',(#145),#1471,.F.);
#1539=ADVANCED_FACE('',(#146),#74,.F.);
#1540=ADVANCED_FACE('',(#147),#1472,.F.);
#1541=ADVANCED_FACE('',(#148),#75,.F.);
#1542=ADVANCED_FACE('',(#149,#25),#76,.T.);
#1543=ADVANCED_FACE('',(#150),#77,.F.);
#1544=ADVANCED_FACE('',(#151),#1473,.F.);
#1545=ADVANCED_FACE('',(#152),#78,.F.);
#1546=ADVANCED_FACE('',(#153),#1474,.F.);
#1547=ADVANCED_FACE('',(#154,#26),#79,.T.);
#1548=ADVANCED_FACE('',(#155),#80,.T.);
#1549=ADVANCED_FACE('',(#156),#81,.T.);
#1550=ADVANCED_FACE('',(#157),#82,.T.);
#1551=ADVANCED_FACE('',(#158),#83,.F.);
#1552=ADVANCED_FACE('',(#159),#84,.F.);
#1553=ADVANCED_FACE('',(#160),#85,.F.);
#1554=ADVANCED_FACE('',(#161),#86,.F.);
#1555=ADVANCED_FACE('',(#162),#1475,.T.);
#1556=ADVANCED_FACE('',(#163),#1476,.T.);
#1557=ADVANCED_FACE('',(#164),#1477,.T.);
#1558=ADVANCED_FACE('',(#165),#1478,.T.);
#1559=ADVANCED_FACE('',(#166),#1479,.T.);
#1560=ADVANCED_FACE('',(#167),#1480,.T.);
#1561=ADVANCED_FACE('',(#168),#1481,.T.);
#1562=ADVANCED_FACE('',(#169),#1482,.T.);
#1563=ADVANCED_FACE('',(#170),#1483,.T.);
#1564=ADVANCED_FACE('',(#171),#1484,.T.);
#1565=ADVANCED_FACE('',(#172,#27,#28,#29,#30,#31,#32),#87,.T.);
#1566=ADVANCED_FACE('',(#173),#1485,.F.);
#1567=ADVANCED_FACE('',(#174),#88,.F.);
#1568=ADVANCED_FACE('',(#175,#33,#34,#35,#36,#37,#38),#89,.T.);
#1569=ADVANCED_FACE('',(#176),#90,.T.);
#1570=ADVANCED_FACE('',(#177),#91,.F.);
#1571=ADVANCED_FACE('',(#178,#39,#40,#41),#92,.T.);
#1572=ADVANCED_FACE('',(#179),#1486,.T.);
#1573=ADVANCED_FACE('',(#180),#1487,.T.);
#1574=ADVANCED_FACE('',(#181),#93,.T.);
#1575=ADVANCED_FACE('',(#182),#94,.T.);
#1576=CLOSED_SHELL('',(#1488,#1489,#1490,#1491,#1492,#1493,#1494,#1495,
#1496,#1497,#1498,#1499,#1500,#1501,#1502,#1503,#1504,#1505,#1506,#1507,
#1508,#1509,#1510,#1511,#1512,#1513,#1514,#1515,#1516,#1517,#1518,#1519,
#1520,#1521,#1522,#1523,#1524,#1525,#1526,#1527,#1528,#1529,#1530,#1531,
#1532,#1533,#1534,#1535,#1536,#1537,#1538,#1539,#1540,#1541,#1542,#1543,
#1544,#1545,#1546,#1547,#1548,#1549,#1550,#1551,#1552,#1553,#1554,#1555,
#1556,#1557,#1558,#1559,#1560,#1561,#1562,#1563,#1564,#1565,#1566,#1567,
#1568,#1569,#1570,#1571,#1572,#1573,#1574,#1575));
#1577=DERIVED_UNIT_ELEMENT(#1579,1.);
#1578=DERIVED_UNIT_ELEMENT(#2694,-3.);
#1579=(
MASS_UNIT()
NAMED_UNIT(*)
SI_UNIT(.KILO.,.GRAM.)
);
#1580=DERIVED_UNIT((#1577,#1578));
#1581=MEASURE_REPRESENTATION_ITEM('density measure',
POSITIVE_RATIO_MEASURE(7850.),#1580);
#1582=PROPERTY_DEFINITION_REPRESENTATION(#1587,#1584);
#1583=PROPERTY_DEFINITION_REPRESENTATION(#1588,#1585);
#1584=REPRESENTATION('material name',(#1586),#2691);
#1585=REPRESENTATION('density',(#1581),#2691);
#1586=DESCRIPTIVE_REPRESENTATION_ITEM('Steel','Steel');
#1587=PROPERTY_DEFINITION('material property','material name',#2701);
#1588=PROPERTY_DEFINITION('material property','density of part',#2701);
#1589=AXIS2_PLACEMENT_3D('',#2239,#1760,#1761);
#1590=AXIS2_PLACEMENT_3D('',#2240,#1762,#1763);
#1591=AXIS2_PLACEMENT_3D('',#2242,#1764,#1765);
#1592=AXIS2_PLACEMENT_3D('',#2245,#1767,#1768);
#1593=AXIS2_PLACEMENT_3D('',#2246,#1769,#1770);
#1594=AXIS2_PLACEMENT_3D('',#2248,#1771,#1772);
#1595=AXIS2_PLACEMENT_3D('',#2251,#1774,#1775);
#1596=AXIS2_PLACEMENT_3D('',#2252,#1776,#1777);
#1597=AXIS2_PLACEMENT_3D('',#2254,#1778,#1779);
#1598=AXIS2_PLACEMENT_3D('',#2257,#1781,#1782);
#1599=AXIS2_PLACEMENT_3D('',#2258,#1783,#1784);
#1600=AXIS2_PLACEMENT_3D('',#2260,#1785,#1786);
#1601=AXIS2_PLACEMENT_3D('',#2263,#1788,#1789);
#1602=AXIS2_PLACEMENT_3D('',#2264,#1790,#1791);
#1603=AXIS2_PLACEMENT_3D('',#2266,#1792,#1793);
#1604=AXIS2_PLACEMENT_3D('',#2269,#1795,#1796);
#1605=AXIS2_PLACEMENT_3D('',#2270,#1797,#1798);
#1606=AXIS2_PLACEMENT_3D('',#2272,#1799,#1800);
#1607=AXIS2_PLACEMENT_3D('',#2275,#1802,#1803);
#1608=AXIS2_PLACEMENT_3D('',#2276,#1804,#1805);
#1609=AXIS2_PLACEMENT_3D('',#2281,#1807,#1808);
#1610=AXIS2_PLACEMENT_3D('',#2284,#1810,#1811);
#1611=AXIS2_PLACEMENT_3D('',#2285,#1812,#1813);
#1612=AXIS2_PLACEMENT_3D('',#2288,#1814,#1815);
#1613=AXIS2_PLACEMENT_3D('',#2292,#1817,#1818);
#1614=AXIS2_PLACEMENT_3D('',#2294,#1820,#1821);
#1615=AXIS2_PLACEMENT_3D('',#2297,#1822,#1823);
#1616=AXIS2_PLACEMENT_3D('',#2301,#1825,#1826);
#1617=AXIS2_PLACEMENT_3D('',#2303,#1828,#1829);
#1618=AXIS2_PLACEMENT_3D('',#2306,#1830,#1831);
#1619=AXIS2_PLACEMENT_3D('',#2310,#1833,#1834);
#1620=AXIS2_PLACEMENT_3D('',#2312,#1836,#1837);
#1621=AXIS2_PLACEMENT_3D('',#2321,#1842,#1843);
#1622=AXIS2_PLACEMENT_3D('',#2324,#1846,#1847);
#1623=AXIS2_PLACEMENT_3D('',#2331,#1850,#1851);
#1624=AXIS2_PLACEMENT_3D('',#2335,#1853,#1854);
#1625=AXIS2_PLACEMENT_3D('',#2345,#1860,#1861);
#1626=AXIS2_PLACEMENT_3D('',#2357,#1868,#1869);
#1627=AXIS2_PLACEMENT_3D('',#2361,#1872,#1873);
#1628=AXIS2_PLACEMENT_3D('',#2365,#1876,#1877);
#1629=AXIS2_PLACEMENT_3D('',#2367,#1879,#1880);
#1630=AXIS2_PLACEMENT_3D('',#2374,#1884,#1885);
#1631=AXIS2_PLACEMENT_3D('',#2376,#1886,#1887);
#1632=AXIS2_PLACEMENT_3D('',#2378,#1888,#1889);
#1633=AXIS2_PLACEMENT_3D('',#2380,#1891,#1892);
#1634=AXIS2_PLACEMENT_3D('',#2382,#1894,#1895);
#1635=AXIS2_PLACEMENT_3D('',#2383,#1896,#1897);
#1636=AXIS2_PLACEMENT_3D('',#2386,#1900,#1901);
#1637=AXIS2_PLACEMENT_3D('',#2387,#1902,#1903);
#1638=AXIS2_PLACEMENT_3D('',#2393,#1907,#1908);
#1639=AXIS2_PLACEMENT_3D('',#2395,#1910,#1911);
#1640=AXIS2_PLACEMENT_3D('',#2401,#1915,#1916);
#1641=AXIS2_PLACEMENT_3D('',#2403,#1918,#1919);
#1642=AXIS2_PLACEMENT_3D('',#2407,#1921,#1922);
#1643=AXIS2_PLACEMENT_3D('',#2409,#1924,#1925);
#1644=AXIS2_PLACEMENT_3D('',#2410,#1926,#1927);
#1645=AXIS2_PLACEMENT_3D('',#2411,#1928,#1929);
#1646=AXIS2_PLACEMENT_3D('',#2412,#1930,#1931);
#1647=AXIS2_PLACEMENT_3D('',#2413,#1932,#1933);
#1648=AXIS2_PLACEMENT_3D('',#2424,#1938,#1939);
#1649=AXIS2_PLACEMENT_3D('',#2428,#1941,#1942);
#1650=AXIS2_PLACEMENT_3D('',#2430,#1944,#1945);
#1651=AXIS2_PLACEMENT_3D('',#2433,#1946,#1947);
#1652=AXIS2_PLACEMENT_3D('',#2437,#1949,#1950);
#1653=AXIS2_PLACEMENT_3D('',#2439,#1952,#1953);
#1654=AXIS2_PLACEMENT_3D('',#2442,#1954,#1955);
#1655=AXIS2_PLACEMENT_3D('',#2446,#1957,#1958);
#1656=AXIS2_PLACEMENT_3D('',#2448,#1960,#1961);
#1657=AXIS2_PLACEMENT_3D('',#2454,#1965,#1966);
#1658=AXIS2_PLACEMENT_3D('',#2458,#1970,#1971);
#1659=AXIS2_PLACEMENT_3D('',#2460,#1972,#1973);
#1660=AXIS2_PLACEMENT_3D('',#2462,#1974,#1975);
#1661=AXIS2_PLACEMENT_3D('',#2464,#1977,#1978);
#1662=AXIS2_PLACEMENT_3D('',#2467,#1979,#1980);
#1663=AXIS2_PLACEMENT_3D('',#2471,#1982,#1983);
#1664=AXIS2_PLACEMENT_3D('',#2473,#1985,#1986);
#1665=AXIS2_PLACEMENT_3D('',#2478,#1988,#1989);
#1666=AXIS2_PLACEMENT_3D('',#2481,#1991,#1992);
#1667=AXIS2_PLACEMENT_3D('',#2482,#1993,#1994);
#1668=AXIS2_PLACEMENT_3D('',#2487,#1996,#1997);
#1669=AXIS2_PLACEMENT_3D('',#2490,#1999,#2000);
#1670=AXIS2_PLACEMENT_3D('',#2491,#2001,#2002);
#1671=AXIS2_PLACEMENT_3D('',#2493,#2003,#2004);
#1672=AXIS2_PLACEMENT_3D('',#2494,#2005,#2006);
#1673=AXIS2_PLACEMENT_3D('',#2496,#2007,#2008);
#1674=AXIS2_PLACEMENT_3D('',#2497,#2009,#2010);
#1675=AXIS2_PLACEMENT_3D('',#2499,#2011,#2012);
#1676=AXIS2_PLACEMENT_3D('',#2500,#2013,#2014);
#1677=AXIS2_PLACEMENT_3D('',#2502,#2015,#2016);
#1678=AXIS2_PLACEMENT_3D('',#2503,#2017,#2018);
#1679=AXIS2_PLACEMENT_3D('',#2505,#2019,#2020);
#1680=AXIS2_PLACEMENT_3D('',#2506,#2021,#2022);
#1681=AXIS2_PLACEMENT_3D('',#2508,#2023,#2024);
#1682=AXIS2_PLACEMENT_3D('',#2509,#2025,#2026);
#1683=AXIS2_PLACEMENT_3D('',#2511,#2027,#2028);
#1684=AXIS2_PLACEMENT_3D('',#2512,#2029,#2030);
#1685=AXIS2_PLACEMENT_3D('',#2514,#2031,#2032);
#1686=AXIS2_PLACEMENT_3D('',#2515,#2033,#2034);
#1687=AXIS2_PLACEMENT_3D('',#2517,#2035,#2036);
#1688=AXIS2_PLACEMENT_3D('',#2518,#2037,#2038);
#1689=AXIS2_PLACEMENT_3D('',#2520,#2039,#2040);
#1690=AXIS2_PLACEMENT_3D('',#2521,#2041,#2042);
#1691=AXIS2_PLACEMENT_3D('',#2525,#2046,#2047);
#1692=AXIS2_PLACEMENT_3D('',#2528,#2050,#2051);
#1693=AXIS2_PLACEMENT_3D('',#2531,#2054,#2055);
#1694=AXIS2_PLACEMENT_3D('',#2537,#2059,#2060);
#1695=AXIS2_PLACEMENT_3D('',#2539,#2061,#2062);
#1696=AXIS2_PLACEMENT_3D('',#2542,#2064,#2065);
#1697=AXIS2_PLACEMENT_3D('',#2543,#2066,#2067);
#1698=AXIS2_PLACEMENT_3D('',#2549,#2071,#2072);
#1699=AXIS2_PLACEMENT_3D('',#2551,#2073,#2074);
#1700=AXIS2_PLACEMENT_3D('',#2554,#2076,#2077);
#1701=AXIS2_PLACEMENT_3D('',#2555,#2078,#2079);
#1702=AXIS2_PLACEMENT_3D('',#2558,#2082,#2083);
#1703=AXIS2_PLACEMENT_3D('',#2562,#2085,#2086);
#1704=AXIS2_PLACEMENT_3D('',#2565,#2088,#2089);
#1705=AXIS2_PLACEMENT_3D('',#2569,#2091,#2092);
#1706=AXIS2_PLACEMENT_3D('',#2573,#2094,#2095);
#1707=AXIS2_PLACEMENT_3D('',#2574,#2096,#2097);
#1708=AXIS2_PLACEMENT_3D('',#2575,#2098,#2099);
#1709=AXIS2_PLACEMENT_3D('',#2583,#2104,#2105);
#1710=AXIS2_PLACEMENT_3D('',#2585,#2106,#2107);
#1711=AXIS2_PLACEMENT_3D('',#2590,#2110,#2111);
#1712=AXIS2_PLACEMENT_3D('',#2593,#2113,#2114);
#1713=AXIS2_PLACEMENT_3D('',#2596,#2116,#2117);
#1714=AXIS2_PLACEMENT_3D('',#2597,#2118,#2119);
#1715=AXIS2_PLACEMENT_3D('',#2598,#2120,#2121);
#1716=AXIS2_PLACEMENT_3D('',#2602,#2124,#2125);
#1717=AXIS2_PLACEMENT_3D('',#2605,#2127,#2128);
#1718=AXIS2_PLACEMENT_3D('',#2606,#2129,#2130);
#1719=AXIS2_PLACEMENT_3D('',#2612,#2134,#2135);
#1720=AXIS2_PLACEMENT_3D('',#2613,#2136,#2137);
#1721=AXIS2_PLACEMENT_3D('',#2615,#2139,#2140);
#1722=AXIS2_PLACEMENT_3D('',#2616,#2141,#2142);
#1723=AXIS2_PLACEMENT_3D('',#2619,#2145,#2146);
#1724=AXIS2_PLACEMENT_3D('',#2621,#2148,#2149);
#1725=AXIS2_PLACEMENT_3D('',#2623,#2151,#2152);
#1726=AXIS2_PLACEMENT_3D('',#2625,#2154,#2155);
#1727=AXIS2_PLACEMENT_3D('',#2628,#2157,#2158);
#1728=AXIS2_PLACEMENT_3D('',#2629,#2159,#2160);
#1729=AXIS2_PLACEMENT_3D('',#2632,#2162,#2163);
#1730=AXIS2_PLACEMENT_3D('',#2633,#2164,#2165);
#1731=AXIS2_PLACEMENT_3D('',#2636,#2167,#2168);
#1732=AXIS2_PLACEMENT_3D('',#2637,#2169,#2170);
#1733=AXIS2_PLACEMENT_3D('',#2640,#2172,#2173);
#1734=AXIS2_PLACEMENT_3D('',#2641,#2174,#2175);
#1735=AXIS2_PLACEMENT_3D('',#2644,#2177,#2178);
#1736=AXIS2_PLACEMENT_3D('',#2645,#2179,#2180);
#1737=AXIS2_PLACEMENT_3D('',#2648,#2182,#2183);
#1738=AXIS2_PLACEMENT_3D('',#2649,#2184,#2185);
#1739=AXIS2_PLACEMENT_3D('',#2652,#2187,#2188);
#1740=AXIS2_PLACEMENT_3D('',#2653,#2189,#2190);
#1741=AXIS2_PLACEMENT_3D('',#2656,#2192,#2193);
#1742=AXIS2_PLACEMENT_3D('',#2657,#2194,#2195);
#1743=AXIS2_PLACEMENT_3D('',#2660,#2197,#2198);
#1744=AXIS2_PLACEMENT_3D('',#2661,#2199,#2200);
#1745=AXIS2_PLACEMENT_3D('',#2664,#2202,#2203);
#1746=AXIS2_PLACEMENT_3D('',#2665,#2204,#2205);
#1747=AXIS2_PLACEMENT_3D('',#2666,#2206,#2207);
#1748=AXIS2_PLACEMENT_3D('',#2668,#2208,#2209);
#1749=AXIS2_PLACEMENT_3D('',#2670,#2211,#2212);
#1750=AXIS2_PLACEMENT_3D('',#2672,#2214,#2215);
#1751=AXIS2_PLACEMENT_3D('',#2673,#2216,#2217);
#1752=AXIS2_PLACEMENT_3D('',#2674,#2218,#2219);
#1753=AXIS2_PLACEMENT_3D('',#2676,#2220,#2221);
#1754=AXIS2_PLACEMENT_3D('',#2679,#2223,#2224);
#1755=AXIS2_PLACEMENT_3D('',#2680,#2225,#2226);
#1756=AXIS2_PLACEMENT_3D('',#2683,#2229,#2230);
#1757=AXIS2_PLACEMENT_3D('',#2685,#2232,#2233);
#1758=AXIS2_PLACEMENT_3D('',#2687,#2235,#2236);
#1759=AXIS2_PLACEMENT_3D('',#2688,#2237,#2238);
#1760=DIRECTION('axis',(0.,0.,1.));
#1761=DIRECTION('refdir',(1.,0.,0.));
#1762=DIRECTION('center_axis',(0.999999560192588,-0.000937877726730374,
0.));
#1763=DIRECTION('ref_axis',(2.63776754444361E-20,2.81248430275666E-17,1.));
#1764=DIRECTION('center_axis',(0.999999560192588,-0.000937877726730834,
5.50951778113558E-16));
#1765=DIRECTION('ref_axis',(2.63776754444361E-20,2.81248430275666E-17,1.));
#1766=DIRECTION('',(0.999999560192588,-0.000937877726730373,0.));
#1767=DIRECTION('center_axis',(-0.999999560192588,0.000937877726731127,
-1.59045373303495E-17));
#1768=DIRECTION('ref_axis',(2.63776754444361E-20,2.81248430275666E-17,1.));
#1769=DIRECTION('center_axis',(0.999999560192588,-0.00093787772672993,0.));
#1770=DIRECTION('ref_axis',(2.63776754444361E-20,2.81248430275668E-17,1.));
#1771=DIRECTION('center_axis',(0.999999560192588,-0.000937877726730834,
5.50951778113558E-16));
#1772=DIRECTION('ref_axis',(2.63776754444361E-20,2.81248430275668E-17,1.));
#1773=DIRECTION('',(0.999999560192588,-0.00093787772672993,0.));
#1774=DIRECTION('center_axis',(-0.999999560192588,0.000937877726731127,
-1.59045373303495E-17));
#1775=DIRECTION('ref_axis',(2.63776754444361E-20,2.81248430275668E-17,1.));
#1776=DIRECTION('center_axis',(-2.77555756156289E-17,2.22044604925031E-16,
1.));
#1777=DIRECTION('ref_axis',(0.999992995914045,-0.00374274269133794,2.85864370354258E-17));
#1778=DIRECTION('center_axis',(3.89188102776028E-16,2.20201801927973E-16,
1.));
#1779=DIRECTION('ref_axis',(0.999992995914045,-0.00374274269133794,2.85864370354258E-17));
#1780=DIRECTION('',(-2.77555756156289E-17,2.22044604925031E-16,1.));
#1781=DIRECTION('center_axis',(2.45529625913627E-17,-2.22437010212673E-16,
-1.));
#1782=DIRECTION('ref_axis',(0.999992995914045,-0.00374274269133794,2.85864370354258E-17));
#1783=DIRECTION('center_axis',(0.,0.,1.));
#1784=DIRECTION('ref_axis',(0.999992995914045,-0.00374274269133794,0.));
#1785=DIRECTION('center_axis',(3.89188102776028E-16,2.20201801927973E-16,
1.));
#1786=DIRECTION('ref_axis',(0.999992995914045,-0.00374274269133794,0.));
#1787=DIRECTION('',(0.,0.,1.));
#1788=DIRECTION('center_axis',(2.45529625913627E-17,-2.22437010212673E-16,
-1.));
#1789=DIRECTION('ref_axis',(0.999992995914045,-0.00374274269133794,0.));
#1790=DIRECTION('center_axis',(0.,0.,1.));
#1791=DIRECTION('ref_axis',(0.999992995914045,-0.00374274269133794,0.));
#1792=DIRECTION('center_axis',(3.89188102776028E-16,2.20201801927973E-16,
1.));
#1793=DIRECTION('ref_axis',(0.999992995914045,-0.00374274269133794,0.));
#1794=DIRECTION('',(0.,0.,1.));
#1795=DIRECTION('center_axis',(2.45529625913627E-17,-2.22437010212673E-16,
-1.));
#1796=DIRECTION('ref_axis',(0.999992995914045,-0.00374274269133794,0.));
#1797=DIRECTION('center_axis',(-2.77555756156289E-17,0.,1.));
#1798=DIRECTION('ref_axis',(0.999992995914045,-0.00374274269133794,2.77553812131916E-17));
#1799=DIRECTION('center_axis',(3.89188102776028E-16,2.20201801927973E-16,
1.));
#1800=DIRECTION('ref_axis',(0.999992995914045,-0.00374274269133794,2.77553812131916E-17));
#1801=DIRECTION('',(-2.77555756156289E-17,0.,1.));
#1802=DIRECTION('center_axis',(2.45529625913627E-17,-2.22437010212673E-16,
-1.));
#1803=DIRECTION('ref_axis',(0.999992995914045,-0.00374274269133794,2.77553812131916E-17));
#1804=DIRECTION('center_axis',(0.,0.,-1.));
#1805=DIRECTION('ref_axis',(-0.999992995914033,0.00374274269453991,0.));
#1806=DIRECTION('',(-3.89188102776028E-16,-2.20201801927973E-16,-1.));
#1807=DIRECTION('center_axis',(-2.45529625913627E-17,2.22437010212673E-16,
1.));
#1808=DIRECTION('ref_axis',(-0.999992995914033,0.00374274269453991,0.));
#1809=DIRECTION('',(3.89188102776028E-16,2.20201801927973E-16,1.));
#1810=DIRECTION('center_axis',(4.9882511947545E-17,2.22247170416733E-16,
-1.));
#1811=DIRECTION('ref_axis',(-0.999992995914033,0.00374274269453991,-4.90503485926837E-17));
#1812=DIRECTION('center_axis',(0.,2.22044604925031E-16,-1.));
#1813=DIRECTION('ref_axis',(-0.999992995914033,0.00374274269453991,8.31055822945163E-19));
#1814=DIRECTION('center_axis',(-2.45529625913627E-17,2.22437010212673E-16,
1.));
#1815=DIRECTION('ref_axis',(-0.999992995914033,0.00374274269453991,8.31055822945163E-19));
#1816=DIRECTION('',(3.89188102776028E-16,2.20201801927973E-16,1.));
#1817=DIRECTION('center_axis',(4.9882511947545E-17,2.22247170416733E-16,
-1.));
#1818=DIRECTION('ref_axis',(-0.999992995914033,0.00374274269453991,-4.90503485926837E-17));
#1819=DIRECTION('',(-3.89188102776028E-16,-2.20201801927973E-16,-1.));
#1820=DIRECTION('center_axis',(0.,4.44089209850063E-16,-1.));
#1821=DIRECTION('ref_axis',(0.999992995914045,-0.00374274269133793,-1.66211164446836E-18));
#1822=DIRECTION('center_axis',(-2.45529625913627E-17,2.22437010212673E-16,
1.));
#1823=DIRECTION('ref_axis',(-0.999992995914033,0.00374274269453991,1.66211164589032E-18));
#1824=DIRECTION('',(3.89188102776028E-16,2.20201801927973E-16,1.));
#1825=DIRECTION('center_axis',(4.9882511947545E-17,2.22247170416733E-16,
-1.));
#1826=DIRECTION('ref_axis',(-0.999992995914033,0.00374274269453991,-4.90503485926837E-17));
#1827=DIRECTION('',(-3.89188102776028E-16,-2.20201801927973E-16,-1.));
#1828=DIRECTION('center_axis',(5.55111512312578E-17,2.22044604925031E-16,
-1.));
#1829=DIRECTION('ref_axis',(-0.999992995914033,0.00374274269453991,-5.46797066034373E-17));
#1830=DIRECTION('center_axis',(-2.45529625913627E-17,2.22437010212673E-16,
1.));
#1831=DIRECTION('ref_axis',(-0.999992995914033,0.00374274269453991,-5.46797066034373E-17));
#1832=DIRECTION('',(3.89188102776028E-16,2.20201801927973E-16,1.));
#1833=DIRECTION('center_axis',(4.9882511947545E-17,2.22247170416733E-16,
-1.));
#1834=DIRECTION('ref_axis',(-0.999992995914033,0.00374274269453991,-4.90503485926837E-17));
#1835=DIRECTION('',(-3.89188102776028E-16,-2.20201801927973E-16,-1.));
#1836=DIRECTION('center_axis',(0.999992995914045,-0.00374274269133723,-3.88361218184318E-16));
#1837=DIRECTION('ref_axis',(-3.89188102776028E-16,-2.20201801927973E-16,
-1.));
#1838=DIRECTION('',(-3.89188102776028E-16,-2.20201801927973E-16,-1.));
#1839=DIRECTION('',(0.00374274269133723,0.999992995914045,0.));
#1840=DIRECTION('',(-3.89188102776028E-16,-2.20201801927973E-16,-1.));
#1841=DIRECTION('',(0.00374274269133723,0.999992995914045,-2.22343556823444E-16));
#1842=DIRECTION('center_axis',(0.00374274269133723,0.999992995914045,0.));
#1843=DIRECTION('ref_axis',(0.,0.,1.));
#1844=DIRECTION('',(0.999992995914045,-0.00374274269133805,-3.88361218184318E-16));
#1845=DIRECTION('',(-0.999992995914045,0.00374274269133723,-2.53853151145587E-17));
#1846=DIRECTION('center_axis',(-2.45529625913627E-17,2.22437010212673E-16,
1.));
#1847=DIRECTION('ref_axis',(0.999999560192588,-0.000937877726731069,2.47615705102668E-17));
#1848=DIRECTION('',(-0.49559208158328,-0.868555403340484,1.8103061328343E-16));
#1849=DIRECTION('',(-0.999999560192588,0.000937877726861348,-2.47615705102957E-17));
#1850=DIRECTION('center_axis',(2.45529625913627E-17,-2.22437010212673E-16,
-1.));
#1851=DIRECTION('ref_axis',(0.999999560192588,-0.000937877726731069,2.47615705102669E-17));
#1852=DIRECTION('',(0.000937877726731127,0.999999560192588,-2.22413884706488E-16));
#1853=DIRECTION('center_axis',(2.45529625913627E-17,-2.22437010212673E-16,
-1.));
#1854=DIRECTION('ref_axis',(0.999999560192588,-0.000937877726731069,2.47615705102669E-17));
#1855=DIRECTION('',(0.999999560192588,-0.000937877726729538,2.47615705102665E-17));
#1856=DIRECTION('',(0.507100097035997,-0.861887168709503,2.04166414661009E-16));
#1857=DIRECTION('',(-0.000937877726847826,-0.999999560192588,2.22413884706485E-16));
#1858=DIRECTION('',(-0.0582977690233299,-0.998299238769069,2.20627315027389E-16));
#1859=DIRECTION('',(0.998299238769069,-0.0582977690233299,3.74787853081013E-17));
#1860=DIRECTION('center_axis',(-2.45529625913627E-17,2.22437010212673E-16,
1.));
#1861=DIRECTION('ref_axis',(0.999992995914045,-0.00374274269133793,-3.88361218184318E-16));
#1862=DIRECTION('',(0.999992995914045,-0.00374274269133723,2.53853151145587E-17));
#1863=DIRECTION('',(0.0844171049291132,-0.996430505552388,2.23715712559171E-16));
#1864=DIRECTION('',(0.0918734536210858,0.995770690731422,-2.19240489833808E-16));
#1865=DIRECTION('',(0.999992995914045,-0.00374274269133723,2.53853151145587E-17));
#1866=DIRECTION('',(-0.999992995914045,0.00374274269133723,-2.53853151145587E-17));
#1867=DIRECTION('',(-0.00374274269133723,-0.999992995914045,2.22343556823444E-16));
#1868=DIRECTION('center_axis',(-2.45529625913627E-17,2.22437010212673E-16,
1.));
#1869=DIRECTION('ref_axis',(0.999992995914045,-0.00374274269133793,-3.88361218184318E-16));
#1870=DIRECTION('',(0.99870765421368,0.0508234337191825,1.32162190283792E-17));
#1871=DIRECTION('',(-0.0508234337191825,0.99870765421368,-2.23397410546675E-16));
#1872=DIRECTION('center_axis',(-0.00374274269133723,-0.999992995914045,
0.));
#1873=DIRECTION('ref_axis',(0.,0.,-1.));
#1874=DIRECTION('',(0.,0.,1.));
#1875=DIRECTION('',(-0.999992995914045,0.00374274269133805,3.88361218184318E-16));
#1876=DIRECTION('center_axis',(-0.996430505552388,-0.0844171049291132,0.));
#1877=DIRECTION('ref_axis',(0.,0.,1.));
#1878=DIRECTION('',(-0.0844171049291115,0.996430505552388,-1.86561659909431E-16));
#1879=DIRECTION('center_axis',(-3.89188102776028E-16,-2.20201801927973E-16,
-1.));
#1880=DIRECTION('ref_axis',(0.999992995914045,-0.00374274269133794,-3.88361218184318E-16));
#1881=DIRECTION('',(0.999992995914045,-0.00374274269133805,-3.88361218184318E-16));
#1882=DIRECTION('',(-0.999992995914045,0.00374274269133805,3.88361218184318E-16));
#1883=DIRECTION('',(-0.0918734536210846,-0.995770690731423,2.55026555516393E-16));
#1884=DIRECTION('center_axis',(-3.89188102776028E-16,-2.20201801927973E-16,
-1.));
#1885=DIRECTION('ref_axis',(0.999992995914045,-0.00374274269133793,-3.88361218184318E-16));
#1886=DIRECTION('center_axis',(-3.89188102776028E-16,-2.20201801927973E-16,
-1.));
#1887=DIRECTION('ref_axis',(0.999999560192588,-0.000937877726731291,2.47615705102664E-17));
#1888=DIRECTION('center_axis',(-3.89188102776028E-16,-2.20201801927973E-16,
-1.));
#1889=DIRECTION('ref_axis',(0.999992995914045,-0.00374274269133793,-3.88361218184318E-16));
#1890=DIRECTION('',(0.00374274269133723,0.999992995914045,0.));
#1891=DIRECTION('center_axis',(0.995770690731422,-0.0918734536210858,0.));
#1892=DIRECTION('ref_axis',(0.,0.,-1.));
#1893=DIRECTION('',(0.,0.,1.));
#1894=DIRECTION('center_axis',(-0.00374274269133723,-0.999992995914045,
0.));
#1895=DIRECTION('ref_axis',(0.,0.,-1.));
#1896=DIRECTION('center_axis',(-0.999992995914045,0.00374274269133723,3.88361218184318E-16));
#1897=DIRECTION('ref_axis',(3.89188102776028E-16,2.20201801927973E-16,1.));
#1898=DIRECTION('',(3.89188102776028E-16,2.20201801927973E-16,1.));
#1899=DIRECTION('',(3.89188102776028E-16,2.20201801927973E-16,1.));
#1900=DIRECTION('center_axis',(0.00374274269133723,0.999992995914045,0.));
#1901=DIRECTION('ref_axis',(0.,0.,1.));
#1902=DIRECTION('center_axis',(0.0508234337191825,-0.99870765421368,2.00137349311379E-16));
#1903=DIRECTION('ref_axis',(-3.89188102776028E-16,-2.20201801927973E-16,
-1.));
#1904=DIRECTION('',(-3.89188102776028E-16,-2.20201801927973E-16,-1.));
#1905=DIRECTION('',(0.99870765421368,0.0508234337191825,0.));
#1906=DIRECTION('',(-3.89188102776028E-16,-2.20201801927973E-16,-1.));
#1907=DIRECTION('center_axis',(0.99870765421368,0.0508234337191825,0.));
#1908=DIRECTION('ref_axis',(0.,0.,-1.));
#1909=DIRECTION('',(0.0508234337191795,-0.99870765421368,2.00137349311381E-16));
#1910=DIRECTION('center_axis',(-0.0582977690233299,-0.998299238769069,2.42516089362538E-16));
#1911=DIRECTION('ref_axis',(3.89188102776028E-16,2.20201801927973E-16,1.));
#1912=DIRECTION('',(-3.89188102776028E-16,-2.20201801927973E-16,-1.));
#1913=DIRECTION('',(3.89188102776028E-16,2.20201801927973E-16,1.));
#1914=DIRECTION('',(-0.998299238769069,0.0582977690233299,0.));
#1915=DIRECTION('center_axis',(-0.998299238769069,0.0582977690233299,0.));
#1916=DIRECTION('ref_axis',(0.,0.,1.));
#1917=DIRECTION('',(0.0582977690233293,0.998299238769069,-2.42516089362537E-16));
#1918=DIRECTION('center_axis',(-3.89188102776028E-16,-2.20201801927973E-16,
-1.));
#1919=DIRECTION('ref_axis',(-0.00418587967779226,0.999991239167285,-2.18570778206574E-16));
#1920=DIRECTION('',(-3.89188102776028E-16,-2.20201801927973E-16,-1.));
#1921=DIRECTION('center_axis',(2.45529625913627E-17,-2.22437010212673E-16,
-1.));
#1922=DIRECTION('ref_axis',(0.999992995914045,-0.00374274269133793,-3.88361218184318E-16));
#1923=DIRECTION('',(3.89188102776028E-16,2.20201801927973E-16,1.));
#1924=DIRECTION('center_axis',(3.89188102776028E-16,2.20201801927973E-16,
1.));
#1925=DIRECTION('ref_axis',(-0.999992995914045,0.00374274269133793,3.88361218184318E-16));
#1926=DIRECTION('center_axis',(-3.89188102776028E-16,-2.20201801927973E-16,
-1.));
#1927=DIRECTION('ref_axis',(0.999992995914045,-0.00374274269133794,-3.88361218184318E-16));
#1928=DIRECTION('center_axis',(2.45529625913624E-17,-2.22437010212673E-16,
-1.));
#1929=DIRECTION('ref_axis',(0.999999560192588,-0.000937877726731291,2.47615705102664E-17));
#1930=DIRECTION('center_axis',(2.45529625913627E-17,-2.22437010212673E-16,
-1.));
#1931=DIRECTION('ref_axis',(0.999999560192588,-0.000937877726731291,2.47615705102664E-17));
#1932=DIRECTION('center_axis',(-2.45529625913627E-17,2.22437010212673E-16,
1.));
#1933=DIRECTION('ref_axis',(0.999999560192588,-0.000937877726731069,2.47615705102668E-17));
#1934=DIRECTION('',(0.49559208158328,0.868555403340484,-1.8103061328343E-16));
#1935=DIRECTION('',(0.000937877726847826,0.999999560192588,-2.22413884706485E-16));
#1936=DIRECTION('',(-0.507100097035997,0.861887168709503,-2.04166414661009E-16));
#1937=DIRECTION('',(-0.999999560192588,0.000937877726729538,-2.47615705102665E-17));
#1938=DIRECTION('center_axis',(-2.45529625913627E-17,2.22437010212673E-16,
1.));
#1939=DIRECTION('ref_axis',(0.999999560192588,-0.000937877726731069,2.47615705102669E-17));
#1940=DIRECTION('',(-0.000937877726731874,-0.999999560192588,2.22413884706488E-16));
#1941=DIRECTION('center_axis',(-2.45529625913627E-17,2.22437010212673E-16,
1.));
#1942=DIRECTION('ref_axis',(0.999999560192588,-0.000937877726731069,2.47615705102669E-17));
#1943=DIRECTION('',(0.999999560192588,-0.000937877726861348,2.47615705102957E-17));
#1944=DIRECTION('center_axis',(0.999999560192588,-0.00093787772672993,0.));
#1945=DIRECTION('ref_axis',(2.73353535650217E-15,2.91459544924261E-12,-1.));
#1946=DIRECTION('center_axis',(0.999999560192588,-0.000937877726731874,
8.83588511864082E-17));
#1947=DIRECTION('ref_axis',(-5.68167028062546E-19,-6.05800481219766E-16,
1.));
#1948=DIRECTION('',(0.999999560192588,-0.00093787772672993,0.));
#1949=DIRECTION('center_axis',(0.999999560192588,-0.000937877726738318,
-1.74530104218967E-15));
#1950=DIRECTION('ref_axis',(1.74473210756527E-15,-6.07437360193674E-16,
1.));
#1951=DIRECTION('',(0.999999560192588,-0.00093787772672993,0.));
#1952=DIRECTION('center_axis',(0.999999560192588,-0.00093787772672993,0.));
#1953=DIRECTION('ref_axis',(2.66267333491302E-15,2.83903976815124E-12,-1.));
#1954=DIRECTION('center_axis',(0.999999560192588,-0.000937877726731874,
8.83588511864082E-17));
#1955=DIRECTION('ref_axis',(2.66267333491302E-15,2.83903976815124E-12,-1.));
#1956=DIRECTION('',(0.999999560192588,-0.00093787772672993,0.));
#1957=DIRECTION('center_axis',(0.999999560192588,-0.000937877726730355,
1.58532498821477E-17));
#1958=DIRECTION('ref_axis',(2.678526577824E-15,2.83903975328283E-12,-1.));
#1959=DIRECTION('',(0.999999560192588,-0.00093787772672993,0.));
#1960=DIRECTION('center_axis',(5.11715311955515E-5,0.0545609595275825,-0.99851044014417));
#1961=DIRECTION('ref_axis',(0.000936480701718939,0.998510000991877,0.0545609835239075));
#1962=DIRECTION('',(0.000936480701720452,0.998510000991877,0.0545609835239075));
#1963=DIRECTION('',(0.000936480701718939,0.998510000991877,0.0545609835239075));
#1964=DIRECTION('',(0.999999560192588,-0.00093787772672993,0.));
#1965=DIRECTION('center_axis',(-0.00093787772672993,-0.999999560192588,
-2.84297344589235E-12));
#1966=DIRECTION('ref_axis',(9.21061198017596E-16,2.84297383241053E-12,-1.));
#1967=DIRECTION('',(2.75472028491813E-15,2.84297211266175E-12,-1.));
#1968=DIRECTION('',(9.21061198017596E-16,2.84297383241053E-12,-1.));
#1969=DIRECTION('',(0.999999560192588,-0.00093787772672993,0.));
#1970=DIRECTION('center_axis',(0.999999560192588,-0.00093787772672993,0.));
#1971=DIRECTION('ref_axis',(-5.68167028062346E-19,-6.0580048121953E-16,
1.));
#1972=DIRECTION('center_axis',(0.999999560192588,-0.000937877726731874,
8.83588511864082E-17));
#1973=DIRECTION('ref_axis',(-5.68167028062346E-19,-6.0580048121953E-16,
1.));
#1974=DIRECTION('center_axis',(0.999999560192588,-0.000937877726738318,
-1.74530104218967E-15));
#1975=DIRECTION('ref_axis',(1.74473210756526E-15,-6.07437360193438E-16,
1.));
#1976=DIRECTION('',(0.999999560192588,-0.00093787772672993,0.));
#1977=DIRECTION('center_axis',(0.999999560192588,-0.00093787772672993,0.));
#1978=DIRECTION('ref_axis',(2.66267333491302E-15,2.83903976815124E-12,-1.));
#1979=DIRECTION('center_axis',(0.999999560192588,-0.000937877726731874,
8.83588511864082E-17));
#1980=DIRECTION('ref_axis',(2.66267333491302E-15,2.83903976815124E-12,-1.));
#1981=DIRECTION('',(0.999999560192588,-0.00093787772672993,0.));
#1982=DIRECTION('center_axis',(0.999999560192588,-0.000937877726730355,
1.58532498821477E-17));
#1983=DIRECTION('ref_axis',(2.678526577824E-15,2.83903975328283E-12,-1.));
#1984=DIRECTION('',(0.999999560192588,-0.00093787772672993,0.));
#1985=DIRECTION('center_axis',(0.999999560192588,-0.00093787772672993,0.));
#1986=DIRECTION('ref_axis',(0.000318679574514679,0.339787826573268,0.940502063451188));
#1987=DIRECTION('',(0.999999560192588,-0.00093787772672993,0.));
#1988=DIRECTION('center_axis',(-0.999999560192588,0.000937877726731874,
-8.83588511864082E-17));
#1989=DIRECTION('ref_axis',(2.66184033215582E-15,2.83815159012217E-12,-1.));
#1990=DIRECTION('',(-0.999999560192588,0.00093787772672993,0.));
#1991=DIRECTION('center_axis',(-0.999999560192588,0.000937877726730355,
-1.58532498821477E-17));
#1992=DIRECTION('ref_axis',(2.6776935750668E-15,2.83815157525376E-12,-1.));
#1993=DIRECTION('center_axis',(0.999999560192588,-0.00093787772672993,0.));
#1994=DIRECTION('ref_axis',(2.66184033215582E-15,2.83815159012217E-12,-1.));
#1995=DIRECTION('',(-0.999999560192588,0.00093787772672993,0.));
#1996=DIRECTION('center_axis',(-0.999999560192588,0.000937877726730355,
-1.58532498821477E-17));
#1997=DIRECTION('ref_axis',(2.6776935750668E-15,2.83815157525376E-12,-1.));
#1998=DIRECTION('',(0.999999560192588,-0.00093787772672993,0.));
#1999=DIRECTION('center_axis',(-0.999999560192588,0.000937877726731874,
-8.83588511864082E-17));
#2000=DIRECTION('ref_axis',(2.66184033215582E-15,2.83815159012217E-12,-1.));
#2001=DIRECTION('center_axis',(-0.999999560192588,0.000937877726730355,
-1.58532498821477E-17));
#2002=DIRECTION('ref_axis',(2.678526577824E-15,2.83903975328283E-12,-1.));
#2003=DIRECTION('center_axis',(0.999999560192588,-0.000937877726730355,
1.58532498821477E-17));
#2004=DIRECTION('ref_axis',(-5.50925158125438E-16,2.86415684287618E-17,
1.));
#2005=DIRECTION('center_axis',(-0.999999560192588,0.000937877726730355,
-1.58532498821477E-17));
#2006=DIRECTION('ref_axis',(2.678526577824E-15,2.83903975328283E-12,-1.));
#2007=DIRECTION('center_axis',(0.999999560192588,-0.000937877726730355,
1.58532498821477E-17));
#2008=DIRECTION('ref_axis',(-5.50925158125438E-16,2.86415684287618E-17,
1.));
#2009=DIRECTION('center_axis',(-0.999999560192588,0.000937877726730355,
-1.58532498821477E-17));
#2010=DIRECTION('ref_axis',(2.678526577824E-15,2.83903975328283E-12,-1.));
#2011=DIRECTION('center_axis',(0.999999560192588,-0.000937877726730355,
1.58532498821477E-17));
#2012=DIRECTION('ref_axis',(-5.50925158125438E-16,2.86415684287618E-17,
1.));
#2013=DIRECTION('center_axis',(-0.999999560192588,0.000937877726730355,
-1.58532498821477E-17));
#2014=DIRECTION('ref_axis',(2.678526577824E-15,2.83903975328283E-12,-1.));
#2015=DIRECTION('center_axis',(0.999999560192588,-0.000937877726730355,
1.58532498821477E-17));
#2016=DIRECTION('ref_axis',(-5.50925158125438E-16,2.86415684287618E-17,
1.));
#2017=DIRECTION('center_axis',(-0.999999560192588,0.000937877726730355,
-1.58532498821477E-17));
#2018=DIRECTION('ref_axis',(2.678526577824E-15,2.83903975328283E-12,-1.));
#2019=DIRECTION('center_axis',(0.999999560192588,-0.000937877726730355,
1.58532498821477E-17));
#2020=DIRECTION('ref_axis',(-5.50925158125438E-16,2.86415684287618E-17,
1.));
#2021=DIRECTION('center_axis',(-0.999999560192588,0.000937877726730355,
-1.58532498821477E-17));
#2022=DIRECTION('ref_axis',(2.678526577824E-15,2.83903975328283E-12,-1.));
#2023=DIRECTION('center_axis',(0.999999560192588,-0.000937877726730355,
1.58532498821477E-17));
#2024=DIRECTION('ref_axis',(-5.50925158125438E-16,2.86415684287618E-17,
1.));
#2025=DIRECTION('center_axis',(-0.999999560192588,0.000937877726730355,
-1.58532498821477E-17));
#2026=DIRECTION('ref_axis',(2.678526577824E-15,2.83903975328283E-12,-1.));
#2027=DIRECTION('center_axis',(0.999999560192588,-0.000937877726730355,
1.58532498821477E-17));
#2028=DIRECTION('ref_axis',(-5.50925158125438E-16,2.86415684287618E-17,
1.));
#2029=DIRECTION('center_axis',(-0.999999560192588,0.000937877726730355,
-1.58532498821477E-17));
#2030=DIRECTION('ref_axis',(2.678526577824E-15,2.83903975328283E-12,-1.));
#2031=DIRECTION('center_axis',(0.999999560192588,-0.000937877726730355,
1.58532498821477E-17));
#2032=DIRECTION('ref_axis',(-5.50925158125438E-16,2.86415684287618E-17,
1.));
#2033=DIRECTION('center_axis',(-0.999999560192588,0.000937877726730355,
-1.58532498821477E-17));
#2034=DIRECTION('ref_axis',(2.678526577824E-15,2.83903975328283E-12,-1.));
#2035=DIRECTION('center_axis',(0.999999560192588,-0.000937877726730355,
1.58532498821477E-17));
#2036=DIRECTION('ref_axis',(-5.50925158125438E-16,2.86415684287618E-17,
1.));
#2037=DIRECTION('center_axis',(-0.999999560192588,0.000937877726730355,
-1.58532498821477E-17));
#2038=DIRECTION('ref_axis',(2.678526577824E-15,2.83903975328283E-12,-1.));
#2039=DIRECTION('center_axis',(0.999999560192588,-0.000937877726730355,
1.58532498821477E-17));
#2040=DIRECTION('ref_axis',(-5.50925158125438E-16,2.86415684287618E-17,
1.));
#2041=DIRECTION('center_axis',(0.000936480701718806,0.998510000992187,-0.0545609835182442));
#2042=DIRECTION('ref_axis',(5.11715311924404E-5,0.0545609595219192,0.998510440144479));
#2043=DIRECTION('',(5.11715311902579E-5,0.0545609595219192,0.998510440144479));
#2044=DIRECTION('',(5.11715311924404E-5,0.0545609595219192,0.998510440144479));
#2045=DIRECTION('',(0.999999560192588,-0.00093787772672993,0.));
#2046=DIRECTION('center_axis',(-0.00093787772672993,-0.999999560192588,
-2.84297344589235E-12));
#2047=DIRECTION('ref_axis',(9.21061198017596E-16,2.84297383241053E-12,-1.));
#2048=DIRECTION('',(2.75472028491813E-15,2.84297211266175E-12,-1.));
#2049=DIRECTION('',(9.21061198017596E-16,2.84297383241053E-12,-1.));
#2050=DIRECTION('center_axis',(0.000936480701718516,0.998510000991878,0.0545609835239026));
#2051=DIRECTION('ref_axis',(-5.11715311942619E-5,-0.0545609595275777,0.99851044014417));
#2052=DIRECTION('',(-5.11715311957413E-5,-0.0545609595275777,0.99851044014417));
#2053=DIRECTION('',(-5.11715311942619E-5,-0.0545609595275777,0.99851044014417));
#2054=DIRECTION('center_axis',(-5.11715311902343E-5,-0.0545609595219131,
-0.99851044014448));
#2055=DIRECTION('ref_axis',(0.000936480701719231,0.998510000992187,-0.0545609835182381));
#2056=DIRECTION('',(0.000936480701720752,0.998510000992187,-0.0545609835182381));
#2057=DIRECTION('',(0.999999560192588,-0.00093787772672993,0.));
#2058=DIRECTION('',(0.000936480701719231,0.998510000992187,-0.054560983518238));
#2059=DIRECTION('center_axis',(0.999999560192588,-0.00093787772672993,0.));
#2060=DIRECTION('ref_axis',(-5.68167028062346E-19,-6.0580048121953E-16,
1.));
#2061=DIRECTION('center_axis',(0.999999560192588,-0.000937877726731874,
8.83588511864082E-17));
#2062=DIRECTION('ref_axis',(-5.68167028062346E-19,-6.0580048121953E-16,
1.));
#2063=DIRECTION('',(0.999999560192588,-0.00093787772672993,0.));
#2064=DIRECTION('center_axis',(0.999999560192588,-0.000937877726738318,
-1.74530104218967E-15));
#2065=DIRECTION('ref_axis',(1.74473210756526E-15,-6.07437360193438E-16,
1.));
#2066=DIRECTION('center_axis',(-5.11715311955515E-5,-0.0545609595275825,
0.99851044014417));
#2067=DIRECTION('ref_axis',(-0.000936480701718939,-0.998510000991877,-0.0545609835239075));
#2068=DIRECTION('',(-0.000936480701720452,-0.998510000991877,-0.0545609835239075));
#2069=DIRECTION('',(0.999999560192588,-0.00093787772672993,0.));
#2070=DIRECTION('',(-0.000936480701718939,-0.998510000991877,-0.0545609835239075));
#2071=DIRECTION('center_axis',(0.999999560192588,-0.00093787772672993,0.));
#2072=DIRECTION('ref_axis',(-5.68167028062546E-19,-6.05800481219766E-16,
1.));
#2073=DIRECTION('center_axis',(0.999999560192588,-0.000937877726731874,
8.83588511864082E-17));
#2074=DIRECTION('ref_axis',(-5.68167028062546E-19,-6.05800481219766E-16,
1.));
#2075=DIRECTION('',(0.999999560192588,-0.00093787772672993,0.));
#2076=DIRECTION('center_axis',(0.999999560192588,-0.000937877726738318,
-1.74530104218967E-15));
#2077=DIRECTION('ref_axis',(1.74473210756527E-15,-6.07437360193674E-16,
1.));
#2078=DIRECTION('center_axis',(5.11715311902343E-5,0.0545609595219131,0.99851044014448));
#2079=DIRECTION('ref_axis',(-0.000936480701719231,-0.998510000992187,0.0545609835182381));
#2080=DIRECTION('',(-0.000936480701720752,-0.998510000992187,0.0545609835182381));
#2081=DIRECTION('',(-0.000936480701719231,-0.998510000992187,0.0545609835182381));
#2082=DIRECTION('center_axis',(-0.999999560192588,0.000937877726730355,
-1.58532498821477E-17));
#2083=DIRECTION('ref_axis',(2.678526577824E-15,2.83903975328283E-12,-1.));
#2084=DIRECTION('',(-0.000936480701719084,-0.998510000992032,-0.0545609835210726));
#2085=DIRECTION('center_axis',(-0.999999560192588,0.000937877726730355,
-1.58532498821477E-17));
#2086=DIRECTION('ref_axis',(-5.50925158125438E-16,2.86415684287618E-17,
1.));
#2087=DIRECTION('',(0.000936480701719086,0.998510000992032,-0.0545609835210729));
#2088=DIRECTION('center_axis',(-0.999999560192588,0.000937877726730355,
-1.58532498821477E-17));
#2089=DIRECTION('ref_axis',(-5.50925158125438E-16,2.86415684287618E-17,
1.));
#2090=DIRECTION('',(0.000936480701719084,0.998510000992032,0.0545609835210726));
#2091=DIRECTION('center_axis',(-0.999999560192588,0.000937877726730355,
-1.58532498821477E-17));
#2092=DIRECTION('ref_axis',(-5.50925158125438E-16,2.86415684287618E-17,
1.));
#2093=DIRECTION('',(-0.000936480701719086,-0.998510000992032,0.0545609835210729));
#2094=DIRECTION('center_axis',(-0.999999560192588,0.000937877726730355,
-1.58532498821477E-17));
#2095=DIRECTION('ref_axis',(-5.50925158125438E-16,2.86415684287618E-17,
1.));
#2096=DIRECTION('center_axis',(-0.999999560192588,0.000937877726730355,
-1.58532498821477E-17));
#2097=DIRECTION('ref_axis',(-5.50925158125438E-16,2.86415684287618E-17,
1.));
#2098=DIRECTION('center_axis',(5.11715311934922E-5,0.0545609595247477,-0.998510440144325));
#2099=DIRECTION('ref_axis',(-0.000936480701719533,-0.998510000992032,-0.0545609835210727));
#2100=DIRECTION('',(0.000936480701720598,0.998510000992032,0.0545609835210726));
#2101=DIRECTION('',(-0.999999560192588,0.000937877726730833,-5.50951778113557E-16));
#2102=DIRECTION('',(-0.000936480701719533,-0.998510000992032,-0.0545609835210726));
#2103=DIRECTION('',(-0.999999560192588,0.000937877726730833,-5.50951778113557E-16));
#2104=DIRECTION('center_axis',(-0.999999560192588,0.000937877726730834,
-5.50951778113558E-16));
#2105=DIRECTION('ref_axis',(-5.50925158125438E-16,2.86415684287618E-17,
1.));
#2106=DIRECTION('center_axis',(-0.999999560192588,0.000937877726731127,
-1.59045373303495E-17));
#2107=DIRECTION('ref_axis',(-5.50925158125438E-16,2.86415684287618E-17,
1.));
#2108=DIRECTION('',(-0.999999560192588,0.000937877726730834,-5.50951778113557E-16));
#2109=DIRECTION('',(-0.999999560192588,0.000937877726730833,-5.50951778113557E-16));
#2110=DIRECTION('center_axis',(0.999999560192588,-0.000937877726730834,
5.50951778113558E-16));
#2111=DIRECTION('ref_axis',(5.50925158125438E-16,-2.86415684287618E-17,
-1.));
#2112=DIRECTION('',(-0.999999560192588,0.000937877726730833,-5.50951778113557E-16));
#2113=DIRECTION('center_axis',(0.999999560192588,-0.000937877726731874,
8.83588511864082E-17));
#2114=DIRECTION('ref_axis',(-5.50925158125438E-16,2.86415684287618E-17,
1.));
#2115=DIRECTION('',(-0.999999560192588,0.000937877726730833,-5.50951778113557E-16));
#2116=DIRECTION('center_axis',(0.999999560192588,-0.000937877726730834,
5.50951778113558E-16));
#2117=DIRECTION('ref_axis',(-5.50092155368238E-16,9.16819597501435E-16,
1.));
#2118=DIRECTION('center_axis',(0.999999560192588,-0.000937877726731874,
8.83588511864082E-17));
#2119=DIRECTION('ref_axis',(-5.50925158125438E-16,2.86415684287618E-17,
1.));
#2120=DIRECTION('center_axis',(-5.11715311923922E-5,-0.054560959524748,
-0.998510440144325));
#2121=DIRECTION('ref_axis',(-0.000936480701719594,-0.998510000992032,0.0545609835210729));
#2122=DIRECTION('',(-0.999999560192588,0.000937877726730833,-5.50951778113557E-16));
#2123=DIRECTION('',(-0.000936480701719594,-0.998510000992032,0.0545609835210729));
#2124=DIRECTION('center_axis',(-0.999999560192588,0.000937877726730834,
-5.50951778113558E-16));
#2125=DIRECTION('ref_axis',(-5.50925158125438E-16,2.86415684287618E-17,
1.));
#2126=DIRECTION('',(-0.999999560192588,0.000937877726730833,-5.50951778113557E-16));
#2127=DIRECTION('center_axis',(-0.999999560192588,0.000937877726730834,
-5.50951778113558E-16));
#2128=DIRECTION('ref_axis',(-5.50925158125438E-16,2.86415684287618E-17,
1.));
#2129=DIRECTION('center_axis',(-0.999999560192588,0.000937877726731874,
-8.83588511864082E-17));
#2130=DIRECTION('ref_axis',(0.000937877726731874,0.999999560192588,-2.22413884706488E-16));
#2131=DIRECTION('',(0.,0.,1.));
#2132=DIRECTION('',(8.83584659862487E-17,-4.52149417532396E-19,-1.));
#2133=DIRECTION('',(0.000937877726731874,0.999999560192588,-2.22413884706488E-16));
#2134=DIRECTION('center_axis',(-0.999999560192588,0.000937877726731874,
-8.83588511864082E-17));
#2135=DIRECTION('ref_axis',(0.000937877726731874,0.999999560192588,-2.22413884706488E-16));
#2136=DIRECTION('center_axis',(-0.999999560192588,0.000937877726731874,
-8.83588511864082E-17));
#2137=DIRECTION('ref_axis',(0.000937877726731874,0.999999560192588,-2.22413884706488E-16));
#2138=DIRECTION('',(-0.000936480701720607,-0.998510000992032,0.0545609835210729));
#2139=DIRECTION('center_axis',(-0.999999560192588,0.000937877726731874,
-8.83588511864082E-17));
#2140=DIRECTION('ref_axis',(0.000937877726731874,0.999999560192588,-2.22413884706488E-16));
#2141=DIRECTION('center_axis',(-0.999999560192588,0.000937877726847826,
-5.50951778113558E-16));
#2142=DIRECTION('ref_axis',(-0.000937877726847826,-0.999999560192588,-2.21877890635346E-16));
#2143=DIRECTION('',(0.,0.,1.));
#2144=DIRECTION('',(0.,0.,1.));
#2145=DIRECTION('center_axis',(-0.861887168709503,-0.507100097035997,-4.74408467550453E-16));
#2146=DIRECTION('ref_axis',(0.507100097035997,-0.861887168709503,1.14040575854665E-16));
#2147=DIRECTION('',(5.509511894616E-16,-8.86005020239994E-19,-1.));
#2148=DIRECTION('center_axis',(-0.868555403340484,0.49559208158328,-4.78970729656014E-16));
#2149=DIRECTION('ref_axis',(-0.49559208158328,-0.868555403340484,-4.90095432604465E-16));
#2150=DIRECTION('',(0.,0.,1.));
#2151=DIRECTION('center_axis',(-5.11715311934922E-5,-0.0545609595247477,
0.998510440144325));
#2152=DIRECTION('ref_axis',(0.000936480701719533,0.998510000992032,0.0545609835210727));
#2153=DIRECTION('',(0.000936480701719533,0.998510000992032,0.0545609835210726));
#2154=DIRECTION('center_axis',(-0.999999560192588,0.000937877726730834,
-5.50951778113558E-16));
#2155=DIRECTION('ref_axis',(-5.50925158125438E-16,2.86415684287618E-17,
1.));
#2156=DIRECTION('',(0.999999560192588,-0.000937877726730833,5.50951778113557E-16));
#2157=DIRECTION('center_axis',(-0.999999560192588,0.000937877726730834,
-5.50951778113558E-16));
#2158=DIRECTION('ref_axis',(-5.50925158125438E-16,2.86415684287618E-17,
1.));
#2159=DIRECTION('center_axis',(-0.999999560192588,0.000937877726730834,
-5.50951778113558E-16));
#2160=DIRECTION('ref_axis',(-5.50925158125438E-16,2.86415684287618E-17,
1.));
#2161=DIRECTION('',(0.999999560192588,-0.000937877726730833,5.50951778113557E-16));
#2162=DIRECTION('center_axis',(-0.999999560192588,0.000937877726730834,
-5.50951778113558E-16));
#2163=DIRECTION('ref_axis',(-5.50925158125438E-16,2.86415684287618E-17,
1.));
#2164=DIRECTION('center_axis',(-0.999999560192588,0.000937877726730834,
-5.50951778113558E-16));
#2165=DIRECTION('ref_axis',(-5.50925158125438E-16,2.86415684287618E-17,
1.));
#2166=DIRECTION('',(0.999999560192588,-0.000937877726730833,5.50951778113557E-16));
#2167=DIRECTION('center_axis',(-0.999999560192588,0.000937877726730834,
-5.50951778113558E-16));
#2168=DIRECTION('ref_axis',(-5.50925158125438E-16,2.86415684287618E-17,
1.));
#2169=DIRECTION('center_axis',(-0.999999560192588,0.000937877726730834,
-5.50951778113558E-16));
#2170=DIRECTION('ref_axis',(-5.50925158125438E-16,2.86415684287618E-17,
1.));
#2171=DIRECTION('',(0.999999560192588,-0.000937877726730833,5.50951778113557E-16));
#2172=DIRECTION('center_axis',(-0.999999560192588,0.000937877726730834,
-5.50951778113558E-16));
#2173=DIRECTION('ref_axis',(-5.50925158125438E-16,2.86415684287618E-17,
1.));
#2174=DIRECTION('center_axis',(-0.999999560192588,0.000937877726730834,
-5.50951778113558E-16));
#2175=DIRECTION('ref_axis',(-5.50925158125438E-16,2.86415684287618E-17,
1.));
#2176=DIRECTION('',(0.999999560192588,-0.000937877726730833,5.50951778113557E-16));
#2177=DIRECTION('center_axis',(-0.999999560192588,0.000937877726730834,
-5.50951778113558E-16));
#2178=DIRECTION('ref_axis',(-5.50925158125438E-16,2.86415684287618E-17,
1.));
#2179=DIRECTION('center_axis',(-0.999999560192588,0.000937877726730834,
-5.50951778113558E-16));
#2180=DIRECTION('ref_axis',(-5.50925158125438E-16,2.86415684287618E-17,
1.));
#2181=DIRECTION('',(0.999999560192588,-0.000937877726730833,5.50951778113557E-16));
#2182=DIRECTION('center_axis',(-0.999999560192588,0.000937877726730834,
-5.50951778113558E-16));
#2183=DIRECTION('ref_axis',(-5.50925158125438E-16,2.86415684287618E-17,
1.));
#2184=DIRECTION('center_axis',(-0.999999560192588,0.000937877726730834,
-5.50951778113558E-16));
#2185=DIRECTION('ref_axis',(-5.50925158125438E-16,2.86415684287618E-17,
1.));
#2186=DIRECTION('',(0.999999560192588,-0.000937877726730833,5.50951778113557E-16));
#2187=DIRECTION('center_axis',(-0.999999560192588,0.000937877726730834,
-5.50951778113558E-16));
#2188=DIRECTION('ref_axis',(-5.50925158125438E-16,2.86415684287618E-17,
1.));
#2189=DIRECTION('center_axis',(-0.999999560192588,0.000937877726730834,
-5.50951778113558E-16));
#2190=DIRECTION('ref_axis',(-5.50925158125438E-16,2.86415684287618E-17,
1.));
#2191=DIRECTION('',(0.999999560192588,-0.000937877726730833,5.50951778113557E-16));
#2192=DIRECTION('center_axis',(-0.999999560192588,0.000937877726730834,
-5.50951778113558E-16));
#2193=DIRECTION('ref_axis',(-5.50925158125438E-16,2.86415684287618E-17,
1.));
#2194=DIRECTION('center_axis',(-0.999999560192588,0.000937877726730834,
-5.50951778113558E-16));
#2195=DIRECTION('ref_axis',(-5.50925158125438E-16,2.86415684287618E-17,
1.));
#2196=DIRECTION('',(0.999999560192588,-0.000937877726730833,5.50951778113557E-16));
#2197=DIRECTION('center_axis',(-0.999999560192588,0.000937877726730834,
-5.50951778113558E-16));
#2198=DIRECTION('ref_axis',(-5.50925158125438E-16,2.86415684287618E-17,
1.));
#2199=DIRECTION('center_axis',(-0.999999560192588,0.000937877726730834,
-5.50951778113558E-16));
#2200=DIRECTION('ref_axis',(-5.50925158125438E-16,2.86415684287618E-17,
1.));
#2201=DIRECTION('',(0.999999560192588,-0.000937877726730833,5.50951778113557E-16));
#2202=DIRECTION('center_axis',(-0.999999560192588,0.000937877726730834,
-5.50951778113558E-16));
#2203=DIRECTION('ref_axis',(-5.50925158125438E-16,2.86415684287618E-17,
1.));
#2204=DIRECTION('center_axis',(-0.999999560192588,0.000937877726730834,
-5.50951778113558E-16));
#2205=DIRECTION('ref_axis',(-5.50925158125437E-16,2.86415684287618E-17,
1.));
#2206=DIRECTION('center_axis',(-0.999999560192588,0.000937877726730834,
-5.50951778113558E-16));
#2207=DIRECTION('ref_axis',(-5.50925158125438E-16,2.86415684287618E-17,
1.));
#2208=DIRECTION('center_axis',(-0.999999560192588,0.000937877726730834,
-5.50951778113558E-16));
#2209=DIRECTION('ref_axis',(5.50925158125438E-16,-2.86415684287618E-17,
-1.));
#2210=DIRECTION('',(-0.999999560192588,0.000937877726730833,-5.50951778113557E-16));
#2211=DIRECTION('center_axis',(5.11715311923922E-5,0.054560959524748,0.998510440144325));
#2212=DIRECTION('ref_axis',(0.000936480701719594,0.998510000992032,-0.0545609835210729));
#2213=DIRECTION('',(0.000936480701719594,0.998510000992032,-0.0545609835210729));
#2214=DIRECTION('center_axis',(-0.999999560192588,0.000937877726730834,
-5.50951778113558E-16));
#2215=DIRECTION('ref_axis',(5.50925158125437E-16,-2.86415684287618E-17,
-1.));
#2216=DIRECTION('center_axis',(-0.999999560192588,0.000937877726731874,
-8.83588511864082E-17));
#2217=DIRECTION('ref_axis',(0.000937877726731874,0.999999560192588,-2.22413884706488E-16));
#2218=DIRECTION('center_axis',(-2.45529625913627E-17,2.22437010212673E-16,
1.));
#2219=DIRECTION('ref_axis',(0.999999560192588,-0.000937877726731069,2.47615705102668E-17));
#2220=DIRECTION('center_axis',(2.45529625913627E-17,-2.22437010212673E-16,
-1.));
#2221=DIRECTION('ref_axis',(0.999999560192588,-0.000937877726731069,2.47615705102669E-17));
#2222=DIRECTION('',(-0.000937877726731127,-0.999999560192588,2.22413884706488E-16));
#2223=DIRECTION('center_axis',(2.45529625913627E-17,-2.22437010212673E-16,
-1.));
#2224=DIRECTION('ref_axis',(0.999999560192588,-0.000937877726731069,2.47615705102669E-17));
#2225=DIRECTION('center_axis',(0.999999560192588,-0.000937877726731127,
1.59045373303495E-17));
#2226=DIRECTION('ref_axis',(-0.000937877726731127,-0.999999560192588,2.22413884706488E-16));
#2227=DIRECTION('',(1.59041839961343E-17,-3.84196130361216E-19,-1.));
#2228=DIRECTION('',(1.59041839961343E-17,-3.84196130361216E-19,-1.));
#2229=DIRECTION('center_axis',(8.83584659862487E-17,-4.52149417532396E-19,
-1.));
#2230=DIRECTION('ref_axis',(0.999999560192588,-0.000937877726731069,8.83588511864081E-17));
#2231=DIRECTION('',(0.,0.,1.));
#2232=DIRECTION('center_axis',(8.83584659862487E-17,-4.52149417532396E-19,
-1.));
#2233=DIRECTION('ref_axis',(0.999999560192588,-0.000937877726731069,8.83588511864081E-17));
#2234=DIRECTION('',(0.,0.,1.));
#2235=DIRECTION('center_axis',(-0.000937877726861348,-0.999999560192588,
3.69279781445592E-19));
#2236=DIRECTION('ref_axis',(-0.999999560192588,0.000937877726861348,-2.47615705102957E-17));
#2237=DIRECTION('center_axis',(0.000937877726729539,0.999999560192588,-3.69279781457239E-19));
#2238=DIRECTION('ref_axis',(0.999999560192588,-0.000937877726729538,2.47615705102665E-17));
#2239=CARTESIAN_POINT('',(0.,0.,0.));
#2240=CARTESIAN_POINT('Origin',(-17.2253140766289,6.75264476697507,-105.679772321824));
#2241=CARTESIAN_POINT('',(-17.2252486203678,6.75264470558507,-106.479772321824));
#2242=CARTESIAN_POINT('Origin',(-17.2252486203678,6.75264470558507,-105.679772321824));
#2243=CARTESIAN_POINT('',(-15.4253156599357,6.75095658780943,-106.479772321824));
#2244=CARTESIAN_POINT('',(-17.2253140766289,6.75264476697507,-106.479772321824));
#2245=CARTESIAN_POINT('Origin',(-15.4253156599357,6.75095658780943,-105.679772321824));
#2246=CARTESIAN_POINT('Origin',(-17.1982094103264,35.6526320565409,-105.679772321824));
#2247=CARTESIAN_POINT('',(-17.1981439540653,35.6526319951509,-106.479772321824));
#2248=CARTESIAN_POINT('Origin',(-17.1981439540653,35.6526319951509,-105.679772321824));
#2249=CARTESIAN_POINT('',(-15.3982109936332,35.6509438773752,-106.479772321824));
#2250=CARTESIAN_POINT('',(-17.1982094103264,35.6526320565409,-106.479772321824));
#2251=CARTESIAN_POINT('Origin',(-15.3982109936332,35.6509438773752,-105.679772321824));
#2252=CARTESIAN_POINT('Origin',(-0.0628883641579076,4.34984738844277,-89.8799026111389));
#2253=CARTESIAN_POINT('',(-0.862882760889157,4.35284158259584,-88.6799026111388));
#2254=CARTESIAN_POINT('Origin',(-0.0628883641579076,4.34984738844277,-88.6799026111388));
#2255=CARTESIAN_POINT('',(-0.862882760889157,4.35284158259584,-87.8799026111389));
#2256=CARTESIAN_POINT('',(-0.862882760889157,4.35284158259584,-89.8799026111389));
#2257=CARTESIAN_POINT('Origin',(-0.0628883641579076,4.34984738844277,-87.8799026111389));
#2258=CARTESIAN_POINT('Origin',(-6.44977797345445,21.2238700599536,-89.8799026111389));
#2259=CARTESIAN_POINT('',(-7.2497723701857,21.2268642541066,-88.6799026111388));
#2260=CARTESIAN_POINT('Origin',(-6.44977797345445,21.2238700599536,-88.6799026111388));
#2261=CARTESIAN_POINT('',(-7.2497723701857,21.2268642541066,-87.8799026111389));
#2262=CARTESIAN_POINT('',(-7.2497723701857,21.2268642541066,-89.8799026111389));
#2263=CARTESIAN_POINT('Origin',(-6.44977797345445,21.2238700599536,-87.8799026111389));
#2264=CARTESIAN_POINT('Origin',(6.45013167383673,21.1755886792353,-89.8799026111389));
#2265=CARTESIAN_POINT('',(5.65013727710548,21.1785828733884,-88.6799026111388));
#2266=CARTESIAN_POINT('Origin',(6.45013167383673,21.1755886792353,-88.6799026111388));
#2267=CARTESIAN_POINT('',(5.65013727710548,21.1785828733884,-87.8799026111389));
#2268=CARTESIAN_POINT('',(5.65013727710548,21.1785828733884,-89.8799026111389));
#2269=CARTESIAN_POINT('Origin',(6.45013167383673,21.1755886792353,-87.8799026111389));
#2270=CARTESIAN_POINT('Origin',(0.0542594820809698,35.6496281605524,-89.8799026111389));
#2271=CARTESIAN_POINT('',(-0.74573491465028,35.6526223547054,-88.6799026111388));
#2272=CARTESIAN_POINT('Origin',(0.0542594820809698,35.6496281605524,-88.6799026111388));
#2273=CARTESIAN_POINT('',(-0.74573491465028,35.6526223547054,-87.8799026111389));
#2274=CARTESIAN_POINT('',(-0.74573491465028,35.6526223547054,-89.8799026111389));
#2275=CARTESIAN_POINT('Origin',(0.0542594820809698,35.6496281605524,-87.8799026111389));
#2276=CARTESIAN_POINT('Origin',(0.052762385004436,35.2496309621861,-88.6799026111401));
#2277=CARTESIAN_POINT('',(-2.14349594028751,35.3778860540381,-88.6799026111388));
#2278=CARTESIAN_POINT('',(-2.14349594028752,35.3778860540381,-89.8799026111389));
#2279=CARTESIAN_POINT('',(-2.14349594028751,35.3778860540381,-88.6799026111388));
#2280=CARTESIAN_POINT('',(2.24991922427453,35.361442516369,-89.8799026111389));
#2281=CARTESIAN_POINT('Origin',(0.052762385004436,35.2496309621861,-89.8799026111389));
#2282=CARTESIAN_POINT('',(2.24991922427453,35.361442516369,-88.6799026111389));
#2283=CARTESIAN_POINT('',(2.24991922427453,35.361442516369,-88.6799026111389));
#2284=CARTESIAN_POINT('Origin',(0.052762385004436,35.2496309621861,-88.6799026111401));
#2285=CARTESIAN_POINT('Origin',(-6.4497779734543,21.2238700599532,-88.6799026111401));
#2286=CARTESIAN_POINT('',(-6.44191821380264,23.3238553513731,-89.8799026111389));
#2287=CARTESIAN_POINT('',(-6.45763773310626,19.1238847685341,-89.8799026111389));
#2288=CARTESIAN_POINT('Origin',(-6.4497779734543,21.2238700599532,-89.8799026111389));
#2289=CARTESIAN_POINT('',(-6.44191821380264,23.3238553513731,-88.6799026111388));
#2290=CARTESIAN_POINT('',(-6.44191821380264,23.3238553513731,-71.5530231522298));
#2291=CARTESIAN_POINT('',(-6.45763773310626,19.1238847685341,-88.6799026111388));
#2292=CARTESIAN_POINT('Origin',(-6.4497779734543,21.2238700599532,-88.6799026111401));
#2293=CARTESIAN_POINT('',(-6.45763773310625,19.1238847685341,-71.5530231522298));
#2294=CARTESIAN_POINT('Origin',(6.45013167383657,21.1755886792349,-88.6799026111401));
#2295=CARTESIAN_POINT('',(6.44227191418492,19.0756033878158,-89.8799026111389));
#2296=CARTESIAN_POINT('',(6.45799143348854,23.2755739706548,-89.8799026111389));
#2297=CARTESIAN_POINT('Origin',(6.45013167383657,21.1755886792349,-89.8799026111389));
#2298=CARTESIAN_POINT('',(6.44227191418492,19.0756033878158,-88.6799026111389));
#2299=CARTESIAN_POINT('',(6.44227191418492,19.0756033878158,-71.5530231522298));
#2300=CARTESIAN_POINT('',(6.45799143348854,23.2755739706548,-88.6799026111389));
#2301=CARTESIAN_POINT('Origin',(6.45013167383657,21.1755886792349,-88.6799026111401));
#2302=CARTESIAN_POINT('',(6.45799143348854,23.2755739706548,-71.5530231522298));
#2303=CARTESIAN_POINT('Origin',(-0.0613912670813791,4.74984458680828,-88.6799026111401));
#2304=CARTESIAN_POINT('',(-2.25353837929663,4.56412695596434,-89.8799026111389));
#2305=CARTESIAN_POINT('',(2.12930425252776,4.547722988842,-89.8799026111389));
#2306=CARTESIAN_POINT('Origin',(-0.061391267081379,4.74984458680828,-89.8799026111389));
#2307=CARTESIAN_POINT('',(-2.25353837929663,4.56412695596434,-88.6799026111388));
#2308=CARTESIAN_POINT('',(-2.25353837929662,4.56412695596435,-69.2759429612215));
#2309=CARTESIAN_POINT('',(2.12930425252776,4.547722988842,-88.6799026111388));
#2310=CARTESIAN_POINT('Origin',(-0.0613912670813791,4.74984458680828,-88.6799026111401));
#2311=CARTESIAN_POINT('',(2.12930425252777,4.54772298884201,-69.2759429612215));
#2312=CARTESIAN_POINT('Origin',(-2.87236188923466,23.1104939261262,-88.6799026111388));
#2313=CARTESIAN_POINT('',(-2.87236188923466,23.1104939261262,-88.6799026111388));
#2314=CARTESIAN_POINT('',(-2.87236188923466,23.1104939261262,-89.8799026111389));
#2315=CARTESIAN_POINT('',(-2.87236188923466,23.1104939261262,-88.6799026111388));
#2316=CARTESIAN_POINT('',(-2.8716133406964,23.310492525309,-88.6799026111388));
#2317=CARTESIAN_POINT('',(-2.87236188923466,23.1104939261262,-88.6799026111388));
#2318=CARTESIAN_POINT('',(-2.8716133406964,23.310492525309,-89.8799026111389));
#2319=CARTESIAN_POINT('',(-2.8716133406964,23.310492525309,-88.6799026111388));
#2320=CARTESIAN_POINT('',(-2.87686282729433,21.9079248729213,-89.8799026111389));
#2321=CARTESIAN_POINT('Origin',(6.45799143348854,23.2755739706548,-71.5530231522298));
#2322=CARTESIAN_POINT('',(6.45799143348854,23.2755739706548,-88.6799026111389));
#2323=CARTESIAN_POINT('',(3.23375519449796,23.2876415417957,-89.8799026111389));
#2324=CARTESIAN_POINT('Origin',(-0.000231469150235308,20.6945724073441,
-89.8799026111389));
#2325=CARTESIAN_POINT('',(12.9823023673212,16.91391449476,-89.8799026111401));
#2326=CARTESIAN_POINT('',(3.40724341331738,0.13303864776332,-89.8799026111401));
#2327=CARTESIAN_POINT('',(12.2016630388553,15.5457963750496,-89.8799026111389));
#2328=CARTESIAN_POINT('',(-13.052762028952,0.148476127040937,-89.8799026111389));
#2329=CARTESIAN_POINT('',(13.0137366930273,0.124028927720273,-89.8799026111389));
#2330=CARTESIAN_POINT('',(-15.4299361606217,1.82440963802689,-89.8799026111388));
#2331=CARTESIAN_POINT('Origin',(0.000230325145004207,21.1869544000545,-89.8799026111389));
#2332=CARTESIAN_POINT('',(-15.3935896324646,40.5784083051308,-89.8799026111389));
#2333=CARTESIAN_POINT('',(-15.4029071616574,30.6437176419996,-89.8799026111389));
#2334=CARTESIAN_POINT('',(-14.4845972235538,41.2664949407256,-89.8799026111389));
#2335=CARTESIAN_POINT('Origin',(0.000230325145004207,21.1869544000545,-89.8799026111389));
#2336=CARTESIAN_POINT('',(3.59969589185113,41.2495340775487,-89.8799026111401));
#2337=CARTESIAN_POINT('',(-14.4845972235538,41.2664949407256,-89.8799026111389));
#2338=CARTESIAN_POINT('',(12.9901573067248,25.289138390291,-89.8799026111401));
#2339=CARTESIAN_POINT('',(7.62874160994257,34.4016103108915,-89.8799026111389));
#2340=CARTESIAN_POINT('',(12.9879970238544,22.9857657240724,-89.8799026111389));
#2341=CARTESIAN_POINT('',(-2.84119644789084,23.430363922437,-89.8799026111389));
#2342=CARTESIAN_POINT('',(-2.5671281431229,28.1235483204726,-89.8799026111389));
#2343=CARTESIAN_POINT('',(-2.64153660013703,23.4187043686323,-89.8799026111389));
#2344=CARTESIAN_POINT('',(-1.24610208560991,23.3372150557532,-89.8799026111389));
#2345=CARTESIAN_POINT('Origin',(0.000176850191136663,21.1997293695944,-89.8799026111389));
#2346=CARTESIAN_POINT('',(-3.48609170354134,19.1127629584518,-89.8799026111389));
#2347=CARTESIAN_POINT('',(3.21803567519434,19.0876709589568,-89.8799026111389));
#2348=CARTESIAN_POINT('',(-3.6155501143847,20.6408455653237,-89.8799026111389));
#2349=CARTESIAN_POINT('',(3.47072588461999,19.0867251978981,-89.8799026111389));
#2350=CARTESIAN_POINT('',(2.85891322352609,12.4555919148459,-89.8799026111389));
#2351=CARTESIAN_POINT('',(3.21803567519434,19.0876709589567,-89.8799026111389));
#2352=CARTESIAN_POINT('',(2.88768656038229,23.2889367967189,-89.8799026111389));
#2353=CARTESIAN_POINT('',(3.23375519449796,23.2876415417957,-89.8799026111389));
#2354=CARTESIAN_POINT('',(2.88693801184402,23.088938197536,-89.8799026111389));
#2355=CARTESIAN_POINT('',(2.88243707378435,21.8863691443312,-89.8799026111389));
#2356=CARTESIAN_POINT('',(2.65842627820741,23.3988678323682,-89.8799026111389));
#2357=CARTESIAN_POINT('Origin',(0.000176850191136663,21.1997293695944,-89.8799026111389));
#2358=CARTESIAN_POINT('',(2.85816780905015,23.4090325191121,-89.8799026111389));
#2359=CARTESIAN_POINT('',(1.26389911085442,23.3279014602167,-89.8799026111389));
#2360=CARTESIAN_POINT('',(2.92336610272431,22.1278511787516,-89.8799026111389));
#2361=CARTESIAN_POINT('Origin',(6.44227191418492,19.0756033878158,-71.5530231522298));
#2362=CARTESIAN_POINT('',(-3.48609170354134,19.1127629584518,-88.6799026111389));
#2363=CARTESIAN_POINT('',(-3.48609170354134,19.1127629584518,-70.4144830567257));
#2364=CARTESIAN_POINT('',(6.44227191418492,19.0756033878158,-88.6799026111389));
#2365=CARTESIAN_POINT('Origin',(-3.63679449507508,20.8916069366032,-69.2759429612215));
#2366=CARTESIAN_POINT('',(-3.63679449507508,20.8916069366032,-88.6799026111388));
#2367=CARTESIAN_POINT('Origin',(0.00017685019113713,21.1997293695944,-88.6799026111388));
#2368=CARTESIAN_POINT('',(2.88768656038229,23.2889367967189,-88.6799026111388));
#2369=CARTESIAN_POINT('',(6.45799143348854,23.2755739706548,-88.6799026111389));
#2370=CARTESIAN_POINT('',(3.47072588461999,19.0867251978981,-88.6799026111388));
#2371=CARTESIAN_POINT('',(6.44227191418492,19.0756033878158,-88.6799026111389));
#2372=CARTESIAN_POINT('',(2.12930425252776,4.547722988842,-88.6799026111388));
#2373=CARTESIAN_POINT('',(-3.44976027436427,21.1789006246877,-88.6799026111388));
#2374=CARTESIAN_POINT('Origin',(0.00017685019113713,21.1997293695944,-88.6799026111388));
#2375=CARTESIAN_POINT('',(3.45016744970041,21.2077831449612,-88.6799026111388));
#2376=CARTESIAN_POINT('Origin',(0.000230325145004207,21.1869544000545,-88.6799026111388));
#2377=CARTESIAN_POINT('',(2.88693801184402,23.088938197536,-88.6799026111388));
#2378=CARTESIAN_POINT('Origin',(0.00017685019113713,21.1997293695944,-88.6799026111388));
#2379=CARTESIAN_POINT('',(2.88693801184402,23.088938197536,-88.6799026111388));
#2380=CARTESIAN_POINT('Origin',(2.12930425252776,4.54772298884201,-69.2759429612215));
#2381=CARTESIAN_POINT('',(3.47072588462001,19.0867251978981,-70.4144830567257));
#2382=CARTESIAN_POINT('Origin',(6.44227191418492,19.0756033878158,-71.5530231522298));
#2383=CARTESIAN_POINT('Origin',(2.88693801184402,23.088938197536,-89.8799026111389));
#2384=CARTESIAN_POINT('',(2.88693801184402,23.088938197536,-88.6799026111388));
#2385=CARTESIAN_POINT('',(2.88768656038229,23.2889367967188,-88.6799026111388));
#2386=CARTESIAN_POINT('Origin',(6.45799143348854,23.2755739706548,-71.5530231522298));
#2387=CARTESIAN_POINT('Origin',(2.65842627820741,23.3988678323682,-88.6799026111388));
#2388=CARTESIAN_POINT('',(2.65842627820741,23.3988678323682,-88.6799026111388));
#2389=CARTESIAN_POINT('',(2.65842627820741,23.3988678323682,-88.6799026111388));
#2390=CARTESIAN_POINT('',(2.85816780905015,23.4090325191121,-88.6799026111388));
#2391=CARTESIAN_POINT('',(2.65842627820741,23.3988678323682,-88.6799026111388));
#2392=CARTESIAN_POINT('',(2.85816780905015,23.4090325191121,-88.6799026111388));
#2393=CARTESIAN_POINT('Origin',(2.85816780905015,23.4090325191121,-88.6799026111388));
#2394=CARTESIAN_POINT('',(2.85816780905015,23.4090325191121,-88.6799026111388));
#2395=CARTESIAN_POINT('Origin',(-2.64153660013703,23.4187043686323,-89.8799026111389));
#2396=CARTESIAN_POINT('',(-2.64153660013703,23.4187043686323,-88.6799026111388));
#2397=CARTESIAN_POINT('',(-2.64153660013703,23.4187043686323,-88.6799026111388));
#2398=CARTESIAN_POINT('',(-2.84119644789084,23.430363922437,-88.6799026111388));
#2399=CARTESIAN_POINT('',(-2.84119644789084,23.430363922437,-88.6799026111388));
#2400=CARTESIAN_POINT('',(-2.64153660013703,23.4187043686323,-88.6799026111388));
#2401=CARTESIAN_POINT('Origin',(-2.14349594028752,35.3778860540381,-88.6799026111388));
#2402=CARTESIAN_POINT('',(-2.14349594028751,35.3778860540381,-88.6799026111388));
#2403=CARTESIAN_POINT('Origin',(0.00017685019113713,21.1997293695944,-88.6799026111388));
#2404=CARTESIAN_POINT('',(3.45016744970041,21.2077831449611,-87.8799026111389));
#2405=CARTESIAN_POINT('',(3.45016744970041,21.2077831449612,-88.6799026111388));
#2406=CARTESIAN_POINT('',(-3.44976027436427,21.1789006246878,-87.8799026111389));
#2407=CARTESIAN_POINT('Origin',(0.000176850191137441,21.1997293695944,-87.8799026111389));
#2408=CARTESIAN_POINT('',(-3.44976027436427,21.1789006246877,-88.6799026111388));
#2409=CARTESIAN_POINT('Origin',(0.00017685019113713,21.1997293695944,-88.6799026111388));
#2410=CARTESIAN_POINT('Origin',(0.00017685019113713,21.1997293695944,-88.6799026111388));
#2411=CARTESIAN_POINT('Origin',(0.000230325145004207,21.1869544000545,-88.6799026111389));
#2412=CARTESIAN_POINT('Origin',(0.000230325145004207,21.1869544000545,-87.8799026111389));
#2413=CARTESIAN_POINT('Origin',(-0.000231469150235586,20.6945724073441,
-87.8799026111389));
#2414=CARTESIAN_POINT('',(3.40724341331738,0.133038647763319,-87.8799026111389));
#2415=CARTESIAN_POINT('',(12.9823023673212,16.91391449476,-87.8799026111389));
#2416=CARTESIAN_POINT('',(12.2016630388553,15.5457963750496,-87.8799026111389));
#2417=CARTESIAN_POINT('',(12.9901573067248,25.289138390291,-87.8799026111389));
#2418=CARTESIAN_POINT('',(12.9879970238544,22.9857657240724,-87.8799026111389));
#2419=CARTESIAN_POINT('',(3.59969589185112,41.2495340775487,-87.8799026111389));
#2420=CARTESIAN_POINT('',(7.62874160994257,34.4016103108915,-87.8799026111389));
#2421=CARTESIAN_POINT('',(-14.4845972235538,41.2664949407256,-87.8799026111389));
#2422=CARTESIAN_POINT('',(-14.4845972235538,41.2664949407256,-87.8799026111389));
#2423=CARTESIAN_POINT('',(-18.3962370393982,37.75705294971,-87.8799026111389));
#2424=CARTESIAN_POINT('Origin',(0.000230325145003929,21.1869544000545,-87.8799026111389));
#2425=CARTESIAN_POINT('',(-18.4272861148436,4.65139225980812,-87.8799026111389));
#2426=CARTESIAN_POINT('',(-18.3962370393982,37.75705294971,-87.8799026111389));
#2427=CARTESIAN_POINT('',(-13.052762028952,0.148476127040937,-87.8799026111389));
#2428=CARTESIAN_POINT('Origin',(0.000230325145003929,21.1869544000545,-87.8799026111389));
#2429=CARTESIAN_POINT('',(13.0137366930273,0.124028927720273,-87.8799026111389));
#2430=CARTESIAN_POINT('Origin',(-22.2117475112989,21.2201579763735,-105.679772321863));
#2431=CARTESIAN_POINT('',(-18.4139725221029,18.8468321406245,-108.521290154332));
#2432=CARTESIAN_POINT('',(-18.4095274263384,23.5863559429008,-108.521290154318));
#2433=CARTESIAN_POINT('Origin',(-18.4117499742207,21.2165940417544,-105.679772321863));
#2434=CARTESIAN_POINT('',(-17.2139722582182,18.8457066866099,-108.521290154332));
#2435=CARTESIAN_POINT('',(-22.2139700591811,18.8503960752436,-108.521290154332));
#2436=CARTESIAN_POINT('',(-17.2095271624537,23.5852304888863,-108.521290154318));
#2437=CARTESIAN_POINT('Origin',(-17.2117497103359,21.2154685877398,-105.679772321863));
#2438=CARTESIAN_POINT('',(-22.2095249634166,23.5899198775199,-108.521290154318));
#2439=CARTESIAN_POINT('Origin',(-22.1985703292385,35.2701517970794,-105.679772321824));
#2440=CARTESIAN_POINT('',(-18.3984704490977,35.3757097815155,-107.676793202112));
#2441=CARTESIAN_POINT('',(-18.3984602147914,35.3866219734203,-107.67616702216));
#2442=CARTESIAN_POINT('Origin',(-18.3985727921601,35.2665878624603,-105.679772321824));
#2443=CARTESIAN_POINT('',(-17.1984701852131,35.3745843275009,-107.676793202112));
#2444=CARTESIAN_POINT('',(-22.1984679861761,35.3792737161346,-107.676793202112));
#2445=CARTESIAN_POINT('',(-17.1984599509066,35.3854965194058,-107.67616702216));
#2446=CARTESIAN_POINT('Origin',(-17.1985725282755,35.2654624084458,-105.679772321824));
#2447=CARTESIAN_POINT('',(-22.1984577518696,35.3901859080394,-107.67616702216));
#2448=CARTESIAN_POINT('Origin',(-22.2095249634168,23.5899198775199,-108.521290154318));
#2449=CARTESIAN_POINT('',(-18.3984602147914,35.386621973421,-107.876495290141));
#2450=CARTESIAN_POINT('',(-18.4178581081653,14.70387806167,-109.00665006944));
#2451=CARTESIAN_POINT('',(-17.1984599509069,35.3854965194065,-107.876495290141));
#2452=CARTESIAN_POINT('',(-17.2096676364135,23.4354520115241,-108.529474409886));
#2453=CARTESIAN_POINT('',(-22.1984577518698,35.3901859080401,-107.876495290141));
#2454=CARTESIAN_POINT('Origin',(-22.1984577518696,35.3901859080394,-107.67616702216));
#2455=CARTESIAN_POINT('',(-18.3984602147914,35.3866219733925,-97.8780348166059));
#2456=CARTESIAN_POINT('',(-17.1984599509066,35.3854965194063,-107.876495290141));
#2457=CARTESIAN_POINT('',(-22.1984577518698,35.3901859080401,-107.876495290141));
#2458=CARTESIAN_POINT('Origin',(-22.1985703292382,35.2701517970793,-105.679772321824));
#2459=CARTESIAN_POINT('',(-18.3984602147914,35.3866219734085,-103.483049353506));
#2460=CARTESIAN_POINT('Origin',(-18.3985727921601,35.2665878624602,-105.679772321824));
#2461=CARTESIAN_POINT('',(-17.1984599509069,35.385496519394,-103.483049353506));
#2462=CARTESIAN_POINT('Origin',(-17.1985725282753,35.2654624084456,-105.679772321824));
#2463=CARTESIAN_POINT('',(-22.1984577518698,35.3901859080276,-103.483049353506));
#2464=CARTESIAN_POINT('Origin',(-22.1985703292385,35.2701517970794,-105.679772321824));
#2465=CARTESIAN_POINT('',(-18.3984602147914,35.386621973409,-103.683377621486));
#2466=CARTESIAN_POINT('',(-18.3984704490977,35.3757097815042,-103.682751441535));
#2467=CARTESIAN_POINT('Origin',(-18.3985727921601,35.2665878624603,-105.679772321824));
#2468=CARTESIAN_POINT('',(-17.1984599509067,35.3854965193944,-103.683377621486));
#2469=CARTESIAN_POINT('',(-22.1984577518696,35.3901859080281,-103.683377621486));
#2470=CARTESIAN_POINT('',(-17.1984701852131,35.3745843274896,-103.682751441535));
#2471=CARTESIAN_POINT('Origin',(-17.1985725282755,35.2654624084458,-105.679772321824));
#2472=CARTESIAN_POINT('',(-22.1984679861761,35.3792737161233,-103.682751441535));
#2473=CARTESIAN_POINT('Origin',(-22.211747511299,21.2201579763736,-105.679772321864));
#2474=CARTESIAN_POINT('',(-18.4096772908275,23.4265649392805,-103.030522553331));
#2475=CARTESIAN_POINT('',(-17.209677026943,23.425439485266,-103.030522553331));
#2476=CARTESIAN_POINT('',(-22.2096748279059,23.4301288738996,-103.030522553331));
#2477=CARTESIAN_POINT('',(-18.4117559907813,21.2101789646109,-102.229778286108));
#2478=CARTESIAN_POINT('Origin',(-18.4117499742207,21.2165940417545,-105.679772321864));
#2479=CARTESIAN_POINT('',(-17.2117557268967,21.2090535105963,-102.229778286108));
#2480=CARTESIAN_POINT('',(-22.2117535278596,21.21374289923,-102.229778286108));
#2481=CARTESIAN_POINT('Origin',(-17.2117497103361,21.2154685877399,-105.679772321864));
#2482=CARTESIAN_POINT('Origin',(-22.211747511299,21.2201579763736,-105.679772321864));
#2483=CARTESIAN_POINT('',(-17.2096770269429,23.4254394853695,-108.32902209031));
#2484=CARTESIAN_POINT('',(-18.4096772908274,23.4265649393841,-108.32902209031));
#2485=CARTESIAN_POINT('',(-22.2096748279058,23.4301288740031,-108.32902209031));
#2486=CARTESIAN_POINT('',(-17.211755726917,21.2090534889012,-109.129766357579));
#2487=CARTESIAN_POINT('Origin',(-17.2117497103361,21.2154685877399,-105.679772321864));
#2488=CARTESIAN_POINT('',(-18.4117559908016,21.2101789429158,-109.129766357579));
#2489=CARTESIAN_POINT('',(-22.21175352788,21.2137428775348,-109.129766357579));
#2490=CARTESIAN_POINT('Origin',(-18.4117499742207,21.2165940417545,-105.679772321864));
#2491=CARTESIAN_POINT('Origin',(-17.2117497103361,21.2154685877399,-105.679772321864));
#2492=CARTESIAN_POINT('',(-17.2234383211755,8.75264388736024,-106.279772321824));
#2493=CARTESIAN_POINT('Origin',(-17.2234383211755,8.75264388736024,-105.679772321824));
#2494=CARTESIAN_POINT('Origin',(-17.2117497103361,21.2154685877399,-105.679772321864));
#2495=CARTESIAN_POINT('',(-17.221562565722,10.7526430077454,-106.279772321824));
#2496=CARTESIAN_POINT('Origin',(-17.221562565722,10.7526430077454,-105.679772321824));
#2497=CARTESIAN_POINT('Origin',(-17.2117497103361,21.2154685877399,-105.679772321864));
#2498=CARTESIAN_POINT('',(-17.2196868102685,12.7526421281306,-106.279772321824));
#2499=CARTESIAN_POINT('Origin',(-17.2196868102685,12.7526421281306,-105.679772321824));
#2500=CARTESIAN_POINT('Origin',(-17.2117497103361,21.2154685877399,-105.679772321864));
#2501=CARTESIAN_POINT('',(-17.2178110548151,14.7526412485158,-106.279772321824));
#2502=CARTESIAN_POINT('Origin',(-17.2178110548151,14.7526412485158,-105.679772321824));
#2503=CARTESIAN_POINT('Origin',(-17.2117497103361,21.2154685877399,-105.679772321864));
#2504=CARTESIAN_POINT('',(-17.2000851657799,33.6526329361557,-106.279772321824));
#2505=CARTESIAN_POINT('Origin',(-17.2000851657799,33.6526329361557,-105.679772321824));
#2506=CARTESIAN_POINT('Origin',(-17.2117497103361,21.2154685877399,-105.679772321864));
#2507=CARTESIAN_POINT('',(-17.2019609212333,31.6526338157705,-106.279772321824));
#2508=CARTESIAN_POINT('Origin',(-17.2019609212333,31.6526338157705,-105.679772321824));
#2509=CARTESIAN_POINT('Origin',(-17.2117497103361,21.2154685877399,-105.679772321864));
#2510=CARTESIAN_POINT('',(-17.2038366766868,29.6526346953853,-106.279772321824));
#2511=CARTESIAN_POINT('Origin',(-17.2038366766868,29.6526346953853,-105.679772321824));
#2512=CARTESIAN_POINT('Origin',(-17.2117497103361,21.2154685877399,-105.679772321864));
#2513=CARTESIAN_POINT('',(-17.2057124321402,27.6526355750002,-106.279772321824));
#2514=CARTESIAN_POINT('Origin',(-17.2057124321402,27.6526355750002,-105.679772321824));
#2515=CARTESIAN_POINT('Origin',(-17.2117497103361,21.2154685877399,-105.679772321864));
#2516=CARTESIAN_POINT('',(-17.2159352993616,16.752640368901,-106.279772321824));
#2517=CARTESIAN_POINT('Origin',(-17.2159352993616,16.752640368901,-105.679772321824));
#2518=CARTESIAN_POINT('Origin',(-17.2117497103361,21.2154685877399,-105.679772321864));
#2519=CARTESIAN_POINT('',(-17.2075881875937,25.652636454615,-106.279772321824));
#2520=CARTESIAN_POINT('Origin',(-17.2075881875937,25.652636454615,-105.679772321824));
#2521=CARTESIAN_POINT('Origin',(-22.1984679861761,35.3792737161233,-103.682751441535));
#2522=CARTESIAN_POINT('',(-18.3981147236043,35.754997322727,-96.7414774418432));
#2523=CARTESIAN_POINT('',(-17.1984701852131,35.3745843274896,-103.682751441535));
#2524=CARTESIAN_POINT('',(-22.1984577518698,35.3901859080276,-103.483049353506));
#2525=CARTESIAN_POINT('Origin',(-22.1984577518696,35.3901859080275,-103.483049353506));
#2526=CARTESIAN_POINT('',(-18.3984602147915,35.3866219733865,-95.7814759822786));
#2527=CARTESIAN_POINT('',(-17.1984599509066,35.3854965194063,-107.876495290141));
#2528=CARTESIAN_POINT('Origin',(-22.1984577518698,35.3901859080401,-107.876495290141));
#2529=CARTESIAN_POINT('',(-18.3990088772172,34.8016180131055,-97.1704416034301));
#2530=CARTESIAN_POINT('',(-17.1984701852131,35.3745843275009,-107.676793202112));
#2531=CARTESIAN_POINT('Origin',(-22.2250372707282,7.05013004471948,-107.876495290222));
#2532=CARTESIAN_POINT('',(-18.4250397336498,7.04656611010038,-107.876495290222));
#2533=CARTESIAN_POINT('',(-18.4266653371211,5.3132881891676,-107.781784823644));
#2534=CARTESIAN_POINT('',(-17.2250394697653,7.04544065608583,-107.876495290222));
#2535=CARTESIAN_POINT('',(-22.2250372707282,7.05013004471948,-107.876495290222));
#2536=CARTESIAN_POINT('',(-17.2250394697653,7.04544065608583,-107.876495290222));
#2537=CARTESIAN_POINT('Origin',(-22.2249246933596,7.17016415566764,-105.679772321903));
#2538=CARTESIAN_POINT('',(-18.4250397336498,7.04656611008791,-103.483049353587));
#2539=CARTESIAN_POINT('Origin',(-18.4249271562812,7.16660022104854,-105.679772321903));
#2540=CARTESIAN_POINT('',(-17.2250394697653,7.04544065607336,-103.483049353587));
#2541=CARTESIAN_POINT('',(-22.2250372707282,7.05013004470701,-103.483049353587));
#2542=CARTESIAN_POINT('Origin',(-17.2249268923966,7.16547476703399,-105.679772321903));
#2543=CARTESIAN_POINT('Origin',(-22.2139700591813,18.8503960752266,-102.83825448941));
#2544=CARTESIAN_POINT('',(-18.4139725221029,18.8468321406075,-102.83825448941));
#2545=CARTESIAN_POINT('',(-18.4202324605816,12.1722566099905,-103.2029693197));
#2546=CARTESIAN_POINT('',(-17.2139722582182,18.8457066865929,-102.83825448941));
#2547=CARTESIAN_POINT('',(-22.2139700591811,18.8503960752266,-102.83825448941));
#2548=CARTESIAN_POINT('',(-17.2138317842587,18.9954851639557,-102.830070233841));
#2549=CARTESIAN_POINT('Origin',(-22.2117475112989,21.2201579763735,-105.679772321863));
#2550=CARTESIAN_POINT('',(-18.4095274263384,23.5863559428847,-102.838254489396));
#2551=CARTESIAN_POINT('Origin',(-18.4117499742207,21.2165940417544,-105.679772321863));
#2552=CARTESIAN_POINT('',(-17.2095271624537,23.5852304888702,-102.838254489396));
#2553=CARTESIAN_POINT('',(-22.2095249634167,23.5899198775038,-102.838254489396));
#2554=CARTESIAN_POINT('Origin',(-17.2117497103359,21.2154685877398,-105.679772321863));
#2555=CARTESIAN_POINT('Origin',(-22.1984577518698,35.3901859080276,-103.483049353506));
#2556=CARTESIAN_POINT('',(-18.4132237731578,19.6451756713377,-102.622898938));
#2557=CARTESIAN_POINT('',(-17.1984599509069,35.385496519394,-103.483049353506));
#2558=CARTESIAN_POINT('Origin',(-17.2117497103361,21.2154685877399,-105.679772321864));
#2559=CARTESIAN_POINT('',(-17.1984822183547,35.3617541515133,-107.676793202112));
#2560=CARTESIAN_POINT('',(-17.2106490398955,22.3890436979118,-108.385653244154));
#2561=CARTESIAN_POINT('',(-17.1984822183547,35.3617541515133,-103.682751441535));
#2562=CARTESIAN_POINT('Origin',(-17.1985845614171,35.2526322324638,-105.679772321824));
#2563=CARTESIAN_POINT('',(-17.2050451971422,28.3640659518561,-103.300380959349));
#2564=CARTESIAN_POINT('',(-17.213833583094,18.9935671798868,-103.029772321824));
#2565=CARTESIAN_POINT('Origin',(-17.2117617434777,21.202638411758,-105.679772321824));
#2566=CARTESIAN_POINT('',(-17.2250412686006,7.04352267200261,-103.682751441535));
#2567=CARTESIAN_POINT('',(-17.2128624497397,20.0290251074212,-102.973192414897));
#2568=CARTESIAN_POINT('',(-17.2250412686006,7.04352267200261,-107.676793202112));
#2569=CARTESIAN_POINT('Origin',(-17.2249389255382,7.1526445910521,-105.679772321824));
#2570=CARTESIAN_POINT('',(-17.213833583094,18.9935671798868,-108.329772321824));
#2571=CARTESIAN_POINT('',(-17.218466292493,14.0540028534812,-108.059862668894));
#2572=CARTESIAN_POINT('',(-17.2117617434777,21.202638411758,-109.129772321824));
#2573=CARTESIAN_POINT('Origin',(-17.2117617434777,21.202638411758,-105.679772321824));
#2574=CARTESIAN_POINT('Origin',(-17.2117617434777,21.202638411758,-105.679772321824));
#2575=CARTESIAN_POINT('Origin',(-17.2096244476002,23.4117095822391,-108.329772321824));
#2576=CARTESIAN_POINT('',(-18.4096901677459,23.4128350976436,-108.329772321824));
#2577=CARTESIAN_POINT('',(-18.4179446139329,14.6116424459749,-108.810690616839));
#2578=CARTESIAN_POINT('',(-17.2096244476002,23.4117095822391,-108.329772321824));
#2579=CARTESIAN_POINT('',(-17.2096244476002,23.4117095822391,-108.329772321824));
#2580=CARTESIAN_POINT('',(-17.1984167620936,35.3617540901233,-107.676793202112));
#2581=CARTESIAN_POINT('',(-17.2096244476002,23.4117095822391,-108.329772321824));
#2582=CARTESIAN_POINT('',(-17.1984167620936,35.3617540901233,-107.676793202112));
#2583=CARTESIAN_POINT('Origin',(-17.2116962872166,21.202638350368,-105.679772321824));
#2584=CARTESIAN_POINT('',(-15.4117633267844,21.2009502325923,-109.129772321823));
#2585=CARTESIAN_POINT('Origin',(-15.4117633267844,21.2009502325923,-105.679772321823));
#2586=CARTESIAN_POINT('',(-17.2116962872166,21.202638350368,-109.129772321824));
#2587=CARTESIAN_POINT('',(-17.2137681268329,18.9935671184968,-108.329772321824));
#2588=CARTESIAN_POINT('',(-17.2137681268329,18.9935671184968,-108.329772321824));
#2589=CARTESIAN_POINT('',(-17.2137681268329,18.9935671184968,-103.029772321824));
#2590=CARTESIAN_POINT('Origin',(-17.2116962872166,21.202638350368,-105.679772321824));
#2591=CARTESIAN_POINT('',(-17.2137681268329,18.9935671184968,-103.029772321824));
#2592=CARTESIAN_POINT('',(-18.4096901677459,23.4128350976436,-103.029772321824));
#2593=CARTESIAN_POINT('Origin',(-18.4117620073622,21.2037638657725,-105.679772321824));
#2594=CARTESIAN_POINT('',(-17.2096244476002,23.4117095822391,-103.029772321824));
#2595=CARTESIAN_POINT('',(-17.2096244476002,23.4117095822391,-103.029772321824));
#2596=CARTESIAN_POINT('Origin',(-17.2116962872166,21.202638350368,-105.679772321824));
#2597=CARTESIAN_POINT('Origin',(-18.4117620073622,21.2037638657725,-105.679772321824));
#2598=CARTESIAN_POINT('Origin',(-17.2249758123395,7.04352261061261,-107.676793202112));
#2599=CARTESIAN_POINT('',(-17.2249758123395,7.04352261061261,-107.676793202112));
#2600=CARTESIAN_POINT('',(-17.2249758123395,7.04352261061261,-107.676793202112));
#2601=CARTESIAN_POINT('',(-17.2249758123395,7.04352261061261,-107.676793202112));
#2602=CARTESIAN_POINT('Origin',(-17.2248734692771,7.15264452966211,-105.679772321824));
#2603=CARTESIAN_POINT('',(-17.2249758123395,7.04352261061261,-103.682751441535));
#2604=CARTESIAN_POINT('',(-17.2249758123395,7.04352261061261,-103.682751441535));
#2605=CARTESIAN_POINT('Origin',(-17.2248734692771,7.15264452966211,-105.679772321824));
#2606=CARTESIAN_POINT('Origin',(-18.4272861148436,4.65139225980813,-88.0799026111389));
#2607=CARTESIAN_POINT('',(-18.4272861148436,4.65139225980813,-110.879902611139));
#2608=CARTESIAN_POINT('',(-18.4272861148436,4.65139225980813,-88.0799026111389));
#2609=CARTESIAN_POINT('',(-18.3962370393982,37.75705294971,-110.879902611139));
#2610=CARTESIAN_POINT('',(-18.3962370393982,37.75705294971,-88.0799026111389));
#2611=CARTESIAN_POINT('',(-18.3962370393982,37.75705294971,-110.879902611139));
#2612=CARTESIAN_POINT('Origin',(-18.4272861148436,4.65139225980813,-88.0799026111389));
#2613=CARTESIAN_POINT('Origin',(-18.4272861148436,4.65139225980813,-88.0799026111389));
#2614=CARTESIAN_POINT('',(-18.4132400419456,19.6278292943466,-102.822950518281));
#2615=CARTESIAN_POINT('Origin',(-18.4272861148436,4.65139225980813,-88.0799026111389));
#2616=CARTESIAN_POINT('Origin',(12.9901573067248,25.289138390291,-89.8799026111401));
#2617=CARTESIAN_POINT('',(12.9823023673212,16.91391449476,-88.0799026111389));
#2618=CARTESIAN_POINT('',(12.9901573067248,25.289138390291,-88.0799026111389));
#2619=CARTESIAN_POINT('Origin',(3.59969589185113,41.2495340775487,-89.8799026111401));
#2620=CARTESIAN_POINT('',(3.59969589185065,41.2495340775495,-88.9799026111395));
#2621=CARTESIAN_POINT('Origin',(12.9823023673212,16.91391449476,-89.8799026111401));
#2622=CARTESIAN_POINT('',(3.40724341331738,0.13303864776332,-88.0799026111389));
#2623=CARTESIAN_POINT('Origin',(-17.2137681268329,18.9935671184968,-103.029772321824));
#2624=CARTESIAN_POINT('',(-17.2137681268329,18.9935671184968,-103.029772321824));
#2625=CARTESIAN_POINT('Origin',(-18.6075221156022,25.6539494220424,-105.679772321824));
#2626=CARTESIAN_POINT('',(-17.2075227313326,25.652636393225,-106.279772321824));
#2627=CARTESIAN_POINT('',(-18.6075221156022,25.6539494220424,-106.279772321824));
#2628=CARTESIAN_POINT('Origin',(-17.2075227313326,25.652636393225,-105.679772321824));
#2629=CARTESIAN_POINT('Origin',(-18.6056463601488,27.6539485424276,-105.679772321824));
#2630=CARTESIAN_POINT('',(-17.2056469758791,27.6526355136102,-106.279772321824));
#2631=CARTESIAN_POINT('',(-18.6056463601488,27.6539485424276,-106.279772321824));
#2632=CARTESIAN_POINT('Origin',(-17.2056469758791,27.6526355136102,-105.679772321824));
#2633=CARTESIAN_POINT('Origin',(-18.6037706046953,29.6539476628128,-105.679772321824));
#2634=CARTESIAN_POINT('',(-17.2037712204257,29.6526346339953,-106.279772321824));
#2635=CARTESIAN_POINT('',(-18.6037706046953,29.6539476628128,-106.279772321824));
#2636=CARTESIAN_POINT('Origin',(-17.2037712204257,29.6526346339953,-105.679772321824));
#2637=CARTESIAN_POINT('Origin',(-18.6018948492418,31.6539467831979,-105.679772321824));
#2638=CARTESIAN_POINT('',(-17.2018954649722,31.6526337543805,-106.279772321824));
#2639=CARTESIAN_POINT('',(-18.6018948492418,31.6539467831979,-106.279772321824));
#2640=CARTESIAN_POINT('Origin',(-17.2018954649722,31.6526337543805,-105.679772321824));
#2641=CARTESIAN_POINT('Origin',(-18.6000190937884,33.6539459035831,-105.679772321824));
#2642=CARTESIAN_POINT('',(-17.2000197095187,33.6526328747657,-106.279772321824));
#2643=CARTESIAN_POINT('',(-18.6000190937884,33.6539459035831,-106.279772321824));
#2644=CARTESIAN_POINT('Origin',(-17.2000197095188,33.6526328747657,-105.679772321824));
#2645=CARTESIAN_POINT('Origin',(-18.6158692273701,16.7539533363284,-105.679772321824));
#2646=CARTESIAN_POINT('',(-17.2158698431005,16.752640307511,-106.279772321824));
#2647=CARTESIAN_POINT('',(-18.6158692273701,16.7539533363284,-106.279772321824));
#2648=CARTESIAN_POINT('Origin',(-17.2158698431005,16.752640307511,-105.679772321824));
#2649=CARTESIAN_POINT('Origin',(-18.6177449828236,14.7539542159432,-105.679772321824));
#2650=CARTESIAN_POINT('',(-17.217745598554,14.7526411871258,-106.279772321824));
#2651=CARTESIAN_POINT('',(-18.6177449828236,14.7539542159432,-106.279772321824));
#2652=CARTESIAN_POINT('Origin',(-17.217745598554,14.7526411871258,-105.679772321824));
#2653=CARTESIAN_POINT('Origin',(-18.619620738277,12.753955095558,-105.679772321824));
#2654=CARTESIAN_POINT('',(-17.2196213540074,12.7526420667406,-106.279772321824));
#2655=CARTESIAN_POINT('',(-18.619620738277,12.753955095558,-106.279772321824));
#2656=CARTESIAN_POINT('Origin',(-17.2196213540074,12.7526420667406,-105.679772321824));
#2657=CARTESIAN_POINT('Origin',(-18.6214964937305,10.7539559751728,-105.679772321824));
#2658=CARTESIAN_POINT('',(-17.2214971094609,10.7526429463554,-106.279772321824));
#2659=CARTESIAN_POINT('',(-18.6214964937305,10.7539559751728,-106.279772321824));
#2660=CARTESIAN_POINT('Origin',(-17.2214971094609,10.7526429463554,-105.679772321824));
#2661=CARTESIAN_POINT('Origin',(-18.623372249184,8.75395685478767,-105.679772321824));
#2662=CARTESIAN_POINT('',(-17.2233728649143,8.75264382597025,-106.279772321824));
#2663=CARTESIAN_POINT('',(-18.623372249184,8.75395685478767,-106.279772321824));
#2664=CARTESIAN_POINT('Origin',(-17.2233728649143,8.75264382597025,-105.679772321824));
#2665=CARTESIAN_POINT('Origin',(-17.2116962872166,21.202638350368,-105.679772321824));
#2666=CARTESIAN_POINT('Origin',(-17.198519105156,35.2526321710738,-105.679772321824));
#2667=CARTESIAN_POINT('',(-17.1984167620936,35.3617540901233,-103.682751441535));
#2668=CARTESIAN_POINT('Origin',(-17.198519105156,35.2526321710738,-105.679772321824));
#2669=CARTESIAN_POINT('',(-17.1984167620936,35.3617540901233,-103.682751441535));
#2670=CARTESIAN_POINT('Origin',(-17.1984167620936,35.3617540901233,-103.682751441535));
#2671=CARTESIAN_POINT('',(-17.1984167620936,35.3617540901233,-103.682751441535));
#2672=CARTESIAN_POINT('Origin',(-17.2116962872166,21.202638350368,-105.679772321824));
#2673=CARTESIAN_POINT('Origin',(-18.4272861148436,4.65139225980813,-88.0799026111389));
#2674=CARTESIAN_POINT('Origin',(-16.9117622368321,21.2028157881689,-110.879902611139));
#2675=CARTESIAN_POINT('',(-15.3935896324646,40.5784083051308,-110.879902611139));
#2676=CARTESIAN_POINT('Origin',(0.000230325145003374,21.1869544000545,-110.879902611139));
#2677=CARTESIAN_POINT('',(-15.4299361606217,1.82440963802689,-110.879902611139));
#2678=CARTESIAN_POINT('',(-15.3935896324646,40.5784083051308,-110.879902611139));
#2679=CARTESIAN_POINT('Origin',(0.000230325145003374,21.1869544000545,-110.879902611139));
#2680=CARTESIAN_POINT('Origin',(-15.3935896324646,40.5784083051308,-88.2799026111389));
#2681=CARTESIAN_POINT('',(-15.4299361606217,1.82440963802689,-88.2799026111389));
#2682=CARTESIAN_POINT('',(-15.3935896324646,40.5784083051308,-88.2799026111389));
#2683=CARTESIAN_POINT('Origin',(0.000230325145003929,21.1869544000545,-88.0799026111389));
#2684=CARTESIAN_POINT('',(-14.4845972235538,41.2664949407256,-88.0799026111389));
#2685=CARTESIAN_POINT('Origin',(0.000230325145003929,21.1869544000545,-88.0799026111389));
#2686=CARTESIAN_POINT('',(-13.052762028952,0.148476127040937,-88.0799026111389));
#2687=CARTESIAN_POINT('Origin',(13.0137366930273,0.124028927720273,-88.0799026111389));
#2688=CARTESIAN_POINT('Origin',(-14.4845972235538,41.2664949407256,-88.0799026111389));
#2689=UNCERTAINTY_MEASURE_WITH_UNIT(LENGTH_MEASURE(0.01),#2693,
'DISTANCE_ACCURACY_VALUE',
'Maximum model space distance between geometric entities at asserted c
onnectivities');
#2690=UNCERTAINTY_MEASURE_WITH_UNIT(LENGTH_MEASURE(0.01),#2693,
'DISTANCE_ACCURACY_VALUE',
'Maximum model space distance between geometric entities at asserted c
onnectivities');
#2691=(
GEOMETRIC_REPRESENTATION_CONTEXT(3)
GLOBAL_UNCERTAINTY_ASSIGNED_CONTEXT((#2689))
GLOBAL_UNIT_ASSIGNED_CONTEXT((#2693,#2695,#2696))
REPRESENTATION_CONTEXT('','3D')
);
#2692=(
GEOMETRIC_REPRESENTATION_CONTEXT(3)
GLOBAL_UNCERTAINTY_ASSIGNED_CONTEXT((#2690))
GLOBAL_UNIT_ASSIGNED_CONTEXT((#2693,#2695,#2696))
REPRESENTATION_CONTEXT('','3D')
);
#2693=(
LENGTH_UNIT()
NAMED_UNIT(*)
SI_UNIT(.MILLI.,.METRE.)
);
#2694=(
LENGTH_UNIT()
NAMED_UNIT(*)
SI_UNIT($,.METRE.)
);
#2695=(
NAMED_UNIT(*)
PLANE_ANGLE_UNIT()
SI_UNIT($,.RADIAN.)
);
#2696=(
NAMED_UNIT(*)
SI_UNIT($,.STERADIAN.)
SOLID_ANGLE_UNIT()
);
#2697=SHAPE_DEFINITION_REPRESENTATION(#2698,#2699);
#2698=PRODUCT_DEFINITION_SHAPE('',$,#2701);
#2699=SHAPE_REPRESENTATION('',(#1589),#2691);
#2700=PRODUCT_DEFINITION_CONTEXT('part definition',#2705,'design');
#2701=PRODUCT_DEFINITION('leg0','leg0',#2702,#2700);
#2702=PRODUCT_DEFINITION_FORMATION('',$,#2707);
#2703=PRODUCT_RELATED_PRODUCT_CATEGORY('leg0','leg0',(#2707));
#2704=APPLICATION_PROTOCOL_DEFINITION('international standard',
'automotive_design',2009,#2705);
#2705=APPLICATION_CONTEXT(
'Core Data for Automotive Mechanical Design Process');
#2706=PRODUCT_CONTEXT('part definition',#2705,'mechanical');
#2707=PRODUCT('leg0','leg0',$,(#2706));
#2708=PRESENTATION_STYLE_ASSIGNMENT((#2710));
#2709=PRESENTATION_STYLE_ASSIGNMENT((#2711));
#2710=SURFACE_STYLE_USAGE(.BOTH.,#2712);
#2711=SURFACE_STYLE_USAGE(.BOTH.,#2713);
#2712=SURFACE_SIDE_STYLE('',(#2714));
#2713=SURFACE_SIDE_STYLE('',(#2715));
#2714=SURFACE_STYLE_FILL_AREA(#2716);
#2715=SURFACE_STYLE_FILL_AREA(#2717);
#2716=FILL_AREA_STYLE('Steel - Satin',(#2718));
#2717=FILL_AREA_STYLE('PLA (White)',(#2719));
#2718=FILL_AREA_STYLE_COLOUR('Steel - Satin',#2720);
#2719=FILL_AREA_STYLE_COLOUR('PLA (White)',#2721);
#2720=COLOUR_RGB('Steel - Satin',0.627450980392157,0.627450980392157,0.627450980392157);
#2721=COLOUR_RGB('PLA (White)',0.964705882352941,0.964705882352941,0.952941176470588);
ENDSEC;
END-ISO-10303-21;
