ISO-10303-21;
HEADER;
/* Generated by software containing ST-Developer
 * from STEP Tools, Inc. (www.steptools.com) 
 */

FILE_DESCRIPTION(
/* description */ (''),
/* implementation_level */ '2;1');

FILE_NAME(
/* name */ 'leg1.step',
/* time_stamp */ '2026-05-27T17:21:22-07:00',
/* author */ (''),
/* organization */ (''),
/* preprocessor_version */ 'ST-DEVELOPER v20.1',
/* originating_system */ 'Autodesk Translation Framework v15.8.0.0',
/* authorisation */ '');

FILE_SCHEMA (('AUTOMOTIVE_DESIGN { 1 0 10303 214 3 1 1 }'));
ENDSEC;

DATA;
#10=MECHANICAL_DESIGN_GEOMETRIC_PRESENTATION_REPRESENTATION('',(#13),#3688);
#11=SHAPE_REPRESENTATION_RELATIONSHIP('SRR','None',#3695,#12);
#12=ADVANCED_BREP_SHAPE_REPRESENTATION('',(#14),#3687);
#13=STYLED_ITEM('',(#3705),#14);
#14=MANIFOLD_SOLID_BREP('right',#2201);
#15=(
BOUNDED_SURFACE()
B_SPLINE_SURFACE(2,2,((#3638,#3639,#3640),(#3641,#3642,#3643),(#3644,#3645,
#3646)),.UNSPECIFIED.,.F.,.F.,.F.)
B_SPLINE_SURFACE_WITH_KNOTS((3,3),(3,3),(-4.87270187069962E-16,1.5707963267949),
(-1.5707963267949,-1.50408017838473),.UNSPECIFIED.)
GEOMETRIC_REPRESENTATION_ITEM()
RATIONAL_B_SPLINE_SURFACE(((1.,0.999443671033971,1.),(0.70710678118654,
0.70671339720209,0.70710678118654),(1.,0.999443671033971,1.)))
REPRESENTATION_ITEM('')
SURFACE()
);
#16=(
BOUNDED_SURFACE()
B_SPLINE_SURFACE(2,2,((#3650,#3651,#3652),(#3653,#3654,#3655),(#3656,#3657,
#3658)),.UNSPECIFIED.,.F.,.F.,.F.)
B_SPLINE_SURFACE_WITH_KNOTS((3,3),(3,3),(-1.24238288252985E-15,1.57079632679494),
(-3.14159265358979,-1.57079632679488),.UNSPECIFIED.)
GEOMETRIC_REPRESENTATION_ITEM()
RATIONAL_B_SPLINE_SURFACE(((1.,0.707106781186543,1.),(0.707106781186535,
0.499999999999988,0.707106781186535),(1.,0.707106781186543,1.)))
REPRESENTATION_ITEM('')
SURFACE()
);
#17=TOROIDAL_SURFACE('',#2314,0.749999999999997,0.6);
#18=TOROIDAL_SURFACE('',#2345,0.749999999999998,0.6);
#19=TOROIDAL_SURFACE('',#2349,0.749999999999998,0.6);
#20=TOROIDAL_SURFACE('',#2353,0.749999999999997,0.6);
#21=B_SPLINE_SURFACE_WITH_KNOTS('',3,1,((#3470,#3471),(#3472,#3473),(#3474,
#3475),(#3476,#3477),(#3478,#3479),(#3480,#3481),(#3482,#3483),(#3484,#3485),
(#3486,#3487),(#3488,#3489)),.UNSPECIFIED.,.F.,.F.,.F.,(4,2,2,2,4),(2,2),
(-0.0889171321911027,-0.0666524335778848,-0.0444218104627567,-0.0222070366329511,
0.),(0.,0.26),.UNSPECIFIED.);
#22=B_SPLINE_SURFACE_WITH_KNOTS('',3,1,((#3505,#3506),(#3507,#3508),(#3509,
#3510),(#3511,#3512),(#3513,#3514),(#3515,#3516),(#3517,#3518),(#3519,#3520),
(#3521,#3522),(#3523,#3524)),.UNSPECIFIED.,.F.,.F.,.F.,(4,2,2,2,4),(2,2),
(0.,0.0222070366329505,0.0444218104627569,0.0666524335778846,0.0889171321911021),
(0.,0.26),.UNSPECIFIED.);
#23=B_SPLINE_SURFACE_WITH_KNOTS('',3,1,((#3540,#3541),(#3542,#3543),(#3544,
#3545),(#3546,#3547),(#3548,#3549),(#3550,#3551),(#3552,#3553),(#3554,#3555),
(#3556,#3557),(#3558,#3559)),.UNSPECIFIED.,.F.,.F.,.F.,(4,2,2,2,4),(2,2),
(-0.63466052217597,-0.564209884322799,-0.493851115642616,-0.423510386917531,
-0.353175771523066),(0.,0.26),.UNSPECIFIED.);
#24=B_SPLINE_CURVE_WITH_KNOTS('',3,(#3380,#3381,#3382,#3383,#3384,#3385,
#3386,#3387,#3388,#3389,#3390,#3391,#3392),.UNSPECIFIED.,.F.,.F.,(4,3,3,
3,4),(0.,0.0222070366329505,0.0444218104627569,0.0666524335778846,0.0889171321911021),
 .UNSPECIFIED.);
#25=B_SPLINE_CURVE_WITH_KNOTS('',3,(#3396,#3397,#3398,#3399,#3400,#3401,
#3402,#3403,#3404,#3405,#3406,#3407,#3408),.UNSPECIFIED.,.F.,.F.,(4,3,3,
3,4),(-0.0889171321911027,-0.0666524335778848,-0.0444218104627567,-0.0222070366329511,
0.),.UNSPECIFIED.);
#26=B_SPLINE_CURVE_WITH_KNOTS('',3,(#3432,#3433,#3434,#3435,#3436,#3437,
#3438,#3439,#3440,#3441,#3442,#3443,#3444),.UNSPECIFIED.,.F.,.F.,(4,3,3,
3,4),(-0.63466052217597,-0.564209884322799,-0.493851115642616,-0.423510386917531,
-0.353175771523066),.UNSPECIFIED.);
#27=B_SPLINE_CURVE_WITH_KNOTS('',3,(#3491,#3492,#3493,#3494,#3495,#3496,
#3497,#3498,#3499,#3500,#3501,#3502,#3503),.UNSPECIFIED.,.F.,.F.,(4,3,3,
3,4),(0.,0.0222070366329511,0.0444218104627567,0.0666524335778848,0.0889171321911027),
 .UNSPECIFIED.);
#28=B_SPLINE_CURVE_WITH_KNOTS('',3,(#3526,#3527,#3528,#3529,#3530,#3531,
#3532,#3533,#3534,#3535,#3536,#3537,#3538),.UNSPECIFIED.,.F.,.F.,(4,3,3,
3,4),(-0.0889171321911021,-0.0666524335778846,-0.0444218104627569,-0.0222070366329505,
0.),.UNSPECIFIED.);
#29=B_SPLINE_CURVE_WITH_KNOTS('',3,(#3561,#3562,#3563,#3564,#3565,#3566,
#3567,#3568,#3569,#3570,#3571,#3572,#3573),.UNSPECIFIED.,.F.,.F.,(4,3,3,
3,4),(0.353175771523066,0.423510386917531,0.493851115642616,0.564209884322799,
0.63466052217597),.UNSPECIFIED.);
#30=ELLIPSE('',#2250,1.10000432703782,1.1000000000008);
#31=ELLIPSE('',#2251,1.10000432703782,1.1000000000008);
#32=ELLIPSE('',#2253,1.10000432703782,1.1000000000008);
#33=ELLIPSE('',#2254,1.10000432703782,1.1000000000008);
#34=ELLIPSE('',#2311,2.68700576850887,1.9);
#35=CYLINDRICAL_SURFACE('',#2249,1.09999999999999);
#36=CYLINDRICAL_SURFACE('',#2252,1.09999999999999);
#37=CYLINDRICAL_SURFACE('',#2290,1.35);
#38=CYLINDRICAL_SURFACE('',#2300,1.35);
#39=CYLINDRICAL_SURFACE('',#2310,1.9);
#40=CYLINDRICAL_SURFACE('',#2317,1.9);
#41=CYLINDRICAL_SURFACE('',#2322,2.65);
#42=CYLINDRICAL_SURFACE('',#2324,2.65);
#43=CYLINDRICAL_SURFACE('',#2326,0.949999999999999);
#44=CYLINDRICAL_SURFACE('',#2327,0.949999999999999);
#45=CYLINDRICAL_SURFACE('',#2328,0.950000000000009);
#46=CYLINDRICAL_SURFACE('',#2329,0.950000000000009);
#47=CYLINDRICAL_SURFACE('',#2334,1.35);
#48=CYLINDRICAL_SURFACE('',#2337,1.9);
#49=CYLINDRICAL_SURFACE('',#2343,0.599999999999999);
#50=CYLINDRICAL_SURFACE('',#2347,0.599999999999999);
#51=CYLINDRICAL_SURFACE('',#2352,1.35);
#52=CYLINDRICAL_SURFACE('',#2355,0.6);
#53=FACE_BOUND('',#211,.T.);
#54=FACE_BOUND('',#212,.T.);
#55=FACE_BOUND('',#215,.T.);
#56=FACE_BOUND('',#235,.T.);
#57=FACE_BOUND('',#236,.T.);
#58=FACE_BOUND('',#237,.T.);
#59=FACE_BOUND('',#240,.T.);
#60=FACE_BOUND('',#241,.T.);
#61=FACE_BOUND('',#242,.T.);
#62=CIRCLE('',#2222,1.35);
#63=CIRCLE('',#2223,2.65);
#64=CIRCLE('',#2224,2.65);
#65=CIRCLE('',#2225,0.950000000000009);
#66=CIRCLE('',#2226,0.950000000000009);
#67=CIRCLE('',#2229,2.65);
#68=CIRCLE('',#2230,0.949999999999999);
#69=CIRCLE('',#2231,0.949999999999999);
#70=CIRCLE('',#2232,1.35);
#71=CIRCLE('',#2233,1.35);
#72=CIRCLE('',#2234,1.35);
#73=CIRCLE('',#2235,1.35);
#74=CIRCLE('',#2236,0.950000000000009);
#75=CIRCLE('',#2237,0.950000000000009);
#76=CIRCLE('',#2239,1.35);
#77=CIRCLE('',#2291,1.35);
#78=CIRCLE('',#2293,1.9);
#79=CIRCLE('',#2301,1.35);
#80=CIRCLE('',#2308,0.749999999999998);
#81=CIRCLE('',#2309,0.749999999999998);
#82=CIRCLE('',#2313,0.949999999999999);
#83=CIRCLE('',#2315,0.749999999999997);
#84=CIRCLE('',#2316,0.599999999999999);
#85=CIRCLE('',#2318,1.9);
#86=CIRCLE('',#2320,0.949999999999999);
#87=CIRCLE('',#2323,2.65);
#88=CIRCLE('',#2325,2.65);
#89=CIRCLE('',#2336,1.9);
#90=CIRCLE('',#2338,1.9);
#91=CIRCLE('',#2340,0.749999999999998);
#92=CIRCLE('',#2341,0.749999999999998);
#93=CIRCLE('',#2342,0.749999999999997);
#94=CIRCLE('',#2344,0.599999999999999);
#95=CIRCLE('',#2346,0.599999999999999);
#96=CIRCLE('',#2348,0.599999999999999);
#97=CIRCLE('',#2350,1.35);
#98=CIRCLE('',#2351,0.6);
#99=CIRCLE('',#2354,0.6);
#100=FACE_OUTER_BOUND('',#204,.T.);
#101=FACE_OUTER_BOUND('',#205,.T.);
#102=FACE_OUTER_BOUND('',#206,.T.);
#103=FACE_OUTER_BOUND('',#207,.T.);
#104=FACE_OUTER_BOUND('',#208,.T.);
#105=FACE_OUTER_BOUND('',#209,.T.);
#106=FACE_OUTER_BOUND('',#210,.T.);
#107=FACE_OUTER_BOUND('',#213,.T.);
#108=FACE_OUTER_BOUND('',#214,.T.);
#109=FACE_OUTER_BOUND('',#216,.T.);
#110=FACE_OUTER_BOUND('',#217,.T.);
#111=FACE_OUTER_BOUND('',#218,.T.);
#112=FACE_OUTER_BOUND('',#219,.T.);
#113=FACE_OUTER_BOUND('',#220,.T.);
#114=FACE_OUTER_BOUND('',#221,.T.);
#115=FACE_OUTER_BOUND('',#222,.T.);
#116=FACE_OUTER_BOUND('',#223,.T.);
#117=FACE_OUTER_BOUND('',#224,.T.);
#118=FACE_OUTER_BOUND('',#225,.T.);
#119=FACE_OUTER_BOUND('',#226,.T.);
#120=FACE_OUTER_BOUND('',#227,.T.);
#121=FACE_OUTER_BOUND('',#228,.T.);
#122=FACE_OUTER_BOUND('',#229,.T.);
#123=FACE_OUTER_BOUND('',#230,.T.);
#124=FACE_OUTER_BOUND('',#231,.T.);
#125=FACE_OUTER_BOUND('',#232,.T.);
#126=FACE_OUTER_BOUND('',#233,.T.);
#127=FACE_OUTER_BOUND('',#234,.T.);
#128=FACE_OUTER_BOUND('',#238,.T.);
#129=FACE_OUTER_BOUND('',#239,.T.);
#130=FACE_OUTER_BOUND('',#243,.T.);
#131=FACE_OUTER_BOUND('',#244,.T.);
#132=FACE_OUTER_BOUND('',#245,.T.);
#133=FACE_OUTER_BOUND('',#246,.T.);
#134=FACE_OUTER_BOUND('',#247,.T.);
#135=FACE_OUTER_BOUND('',#248,.T.);
#136=FACE_OUTER_BOUND('',#249,.T.);
#137=FACE_OUTER_BOUND('',#250,.T.);
#138=FACE_OUTER_BOUND('',#251,.T.);
#139=FACE_OUTER_BOUND('',#252,.T.);
#140=FACE_OUTER_BOUND('',#253,.T.);
#141=FACE_OUTER_BOUND('',#254,.T.);
#142=FACE_OUTER_BOUND('',#255,.T.);
#143=FACE_OUTER_BOUND('',#256,.T.);
#144=FACE_OUTER_BOUND('',#257,.T.);
#145=FACE_OUTER_BOUND('',#258,.T.);
#146=FACE_OUTER_BOUND('',#259,.T.);
#147=FACE_OUTER_BOUND('',#260,.T.);
#148=FACE_OUTER_BOUND('',#261,.T.);
#149=FACE_OUTER_BOUND('',#262,.T.);
#150=FACE_OUTER_BOUND('',#263,.T.);
#151=FACE_OUTER_BOUND('',#264,.T.);
#152=FACE_OUTER_BOUND('',#265,.T.);
#153=FACE_OUTER_BOUND('',#266,.T.);
#154=FACE_OUTER_BOUND('',#267,.T.);
#155=FACE_OUTER_BOUND('',#268,.T.);
#156=FACE_OUTER_BOUND('',#269,.T.);
#157=FACE_OUTER_BOUND('',#270,.T.);
#158=FACE_OUTER_BOUND('',#271,.T.);
#159=FACE_OUTER_BOUND('',#272,.T.);
#160=FACE_OUTER_BOUND('',#273,.T.);
#161=FACE_OUTER_BOUND('',#274,.T.);
#162=FACE_OUTER_BOUND('',#275,.T.);
#163=FACE_OUTER_BOUND('',#276,.T.);
#164=FACE_OUTER_BOUND('',#277,.T.);
#165=FACE_OUTER_BOUND('',#278,.T.);
#166=FACE_OUTER_BOUND('',#279,.T.);
#167=FACE_OUTER_BOUND('',#280,.T.);
#168=FACE_OUTER_BOUND('',#281,.T.);
#169=FACE_OUTER_BOUND('',#282,.T.);
#170=FACE_OUTER_BOUND('',#283,.T.);
#171=FACE_OUTER_BOUND('',#284,.T.);
#172=FACE_OUTER_BOUND('',#285,.T.);
#173=FACE_OUTER_BOUND('',#286,.T.);
#174=FACE_OUTER_BOUND('',#287,.T.);
#175=FACE_OUTER_BOUND('',#288,.T.);
#176=FACE_OUTER_BOUND('',#289,.T.);
#177=FACE_OUTER_BOUND('',#290,.T.);
#178=FACE_OUTER_BOUND('',#291,.T.);
#179=FACE_OUTER_BOUND('',#292,.T.);
#180=FACE_OUTER_BOUND('',#293,.T.);
#181=FACE_OUTER_BOUND('',#294,.T.);
#182=FACE_OUTER_BOUND('',#295,.T.);
#183=FACE_OUTER_BOUND('',#296,.T.);
#184=FACE_OUTER_BOUND('',#297,.T.);
#185=FACE_OUTER_BOUND('',#298,.T.);
#186=FACE_OUTER_BOUND('',#299,.T.);
#187=FACE_OUTER_BOUND('',#300,.T.);
#188=FACE_OUTER_BOUND('',#301,.T.);
#189=FACE_OUTER_BOUND('',#302,.T.);
#190=FACE_OUTER_BOUND('',#303,.T.);
#191=FACE_OUTER_BOUND('',#304,.T.);
#192=FACE_OUTER_BOUND('',#305,.T.);
#193=FACE_OUTER_BOUND('',#306,.T.);
#194=FACE_OUTER_BOUND('',#307,.T.);
#195=FACE_OUTER_BOUND('',#308,.T.);
#196=FACE_OUTER_BOUND('',#309,.T.);
#197=FACE_OUTER_BOUND('',#310,.T.);
#198=FACE_OUTER_BOUND('',#311,.T.);
#199=FACE_OUTER_BOUND('',#312,.T.);
#200=FACE_OUTER_BOUND('',#313,.T.);
#201=FACE_OUTER_BOUND('',#314,.T.);
#202=FACE_OUTER_BOUND('',#315,.T.);
#203=FACE_OUTER_BOUND('',#316,.T.);
#204=EDGE_LOOP('',(#1380,#1381,#1382,#1383));
#205=EDGE_LOOP('',(#1384,#1385,#1386,#1387));
#206=EDGE_LOOP('',(#1388,#1389,#1390,#1391));
#207=EDGE_LOOP('',(#1392,#1393,#1394));
#208=EDGE_LOOP('',(#1395,#1396,#1397));
#209=EDGE_LOOP('',(#1398,#1399,#1400,#1401,#1402));
#210=EDGE_LOOP('',(#1403,#1404,#1405,#1406,#1407,#1408,#1409,#1410,#1411,
#1412));
#211=EDGE_LOOP('',(#1413,#1414,#1415));
#212=EDGE_LOOP('',(#1416,#1417,#1418,#1419,#1420,#1421));
#213=EDGE_LOOP('',(#1422,#1423,#1424,#1425));
#214=EDGE_LOOP('',(#1426,#1427,#1428,#1429,#1430,#1431,#1432,#1433,#1434,
#1435,#1436,#1437,#1438,#1439,#1440,#1441,#1442,#1443,#1444,#1445,#1446,
#1447,#1448));
#215=EDGE_LOOP('',(#1449,#1450,#1451,#1452,#1453,#1454));
#216=EDGE_LOOP('',(#1455,#1456,#1457,#1458,#1459,#1460,#1461,#1462,#1463));
#217=EDGE_LOOP('',(#1464,#1465,#1466,#1467));
#218=EDGE_LOOP('',(#1468,#1469,#1470,#1471));
#219=EDGE_LOOP('',(#1472,#1473,#1474,#1475));
#220=EDGE_LOOP('',(#1476,#1477,#1478,#1479));
#221=EDGE_LOOP('',(#1480,#1481,#1482,#1483));
#222=EDGE_LOOP('',(#1484,#1485,#1486,#1487));
#223=EDGE_LOOP('',(#1488,#1489,#1490,#1491));
#224=EDGE_LOOP('',(#1492,#1493,#1494,#1495));
#225=EDGE_LOOP('',(#1496,#1497,#1498,#1499));
#226=EDGE_LOOP('',(#1500,#1501,#1502,#1503));
#227=EDGE_LOOP('',(#1504,#1505,#1506,#1507));
#228=EDGE_LOOP('',(#1508,#1509,#1510,#1511,#1512));
#229=EDGE_LOOP('',(#1513,#1514,#1515,#1516,#1517));
#230=EDGE_LOOP('',(#1518,#1519,#1520,#1521,#1522,#1523,#1524,#1525,#1526,
#1527,#1528,#1529,#1530,#1531,#1532,#1533,#1534,#1535,#1536,#1537,#1538,
#1539));
#231=EDGE_LOOP('',(#1540,#1541,#1542,#1543));
#232=EDGE_LOOP('',(#1544,#1545,#1546,#1547));
#233=EDGE_LOOP('',(#1548,#1549,#1550,#1551,#1552,#1553,#1554,#1555,#1556,
#1557,#1558,#1559,#1560,#1561,#1562,#1563));
#234=EDGE_LOOP('',(#1564,#1565,#1566,#1567,#1568,#1569,#1570,#1571,#1572,
#1573,#1574,#1575,#1576,#1577,#1578,#1579,#1580,#1581,#1582,#1583,#1584,
#1585,#1586,#1587,#1588,#1589));
#235=EDGE_LOOP('',(#1590,#1591,#1592,#1593));
#236=EDGE_LOOP('',(#1594));
#237=EDGE_LOOP('',(#1595));
#238=EDGE_LOOP('',(#1596,#1597,#1598,#1599));
#239=EDGE_LOOP('',(#1600,#1601,#1602,#1603,#1604,#1605,#1606,#1607,#1608,
#1609));
#240=EDGE_LOOP('',(#1610,#1611,#1612,#1613));
#241=EDGE_LOOP('',(#1614));
#242=EDGE_LOOP('',(#1615));
#243=EDGE_LOOP('',(#1616,#1617,#1618,#1619,#1620,#1621,#1622,#1623));
#244=EDGE_LOOP('',(#1624,#1625,#1626,#1627));
#245=EDGE_LOOP('',(#1628,#1629,#1630,#1631,#1632));
#246=EDGE_LOOP('',(#1633,#1634,#1635,#1636,#1637,#1638,#1639,#1640));
#247=EDGE_LOOP('',(#1641,#1642,#1643,#1644));
#248=EDGE_LOOP('',(#1645,#1646,#1647,#1648));
#249=EDGE_LOOP('',(#1649,#1650,#1651,#1652));
#250=EDGE_LOOP('',(#1653,#1654,#1655,#1656));
#251=EDGE_LOOP('',(#1657,#1658,#1659,#1660));
#252=EDGE_LOOP('',(#1661,#1662,#1663,#1664));
#253=EDGE_LOOP('',(#1665,#1666,#1667,#1668));
#254=EDGE_LOOP('',(#1669,#1670,#1671,#1672));
#255=EDGE_LOOP('',(#1673,#1674,#1675,#1676));
#256=EDGE_LOOP('',(#1677,#1678,#1679,#1680,#1681,#1682,#1683,#1684,#1685,
#1686,#1687,#1688));
#257=EDGE_LOOP('',(#1689,#1690,#1691,#1692));
#258=EDGE_LOOP('',(#1693,#1694,#1695,#1696));
#259=EDGE_LOOP('',(#1697,#1698,#1699,#1700));
#260=EDGE_LOOP('',(#1701,#1702,#1703,#1704));
#261=EDGE_LOOP('',(#1705,#1706,#1707,#1708));
#262=EDGE_LOOP('',(#1709,#1710,#1711,#1712,#1713));
#263=EDGE_LOOP('',(#1714,#1715,#1716,#1717,#1718));
#264=EDGE_LOOP('',(#1719,#1720,#1721,#1722,#1723,#1724,#1725));
#265=EDGE_LOOP('',(#1726,#1727,#1728,#1729));
#266=EDGE_LOOP('',(#1730,#1731,#1732,#1733));
#267=EDGE_LOOP('',(#1734,#1735,#1736,#1737));
#268=EDGE_LOOP('',(#1738,#1739,#1740,#1741));
#269=EDGE_LOOP('',(#1742,#1743,#1744,#1745));
#270=EDGE_LOOP('',(#1746,#1747,#1748,#1749,#1750,#1751,#1752,#1753,#1754,
#1755,#1756,#1757,#1758,#1759,#1760,#1761,#1762,#1763,#1764,#1765,#1766,
#1767,#1768));
#271=EDGE_LOOP('',(#1769,#1770,#1771,#1772,#1773,#1774,#1775,#1776));
#272=EDGE_LOOP('',(#1777,#1778,#1779,#1780));
#273=EDGE_LOOP('',(#1781,#1782,#1783,#1784));
#274=EDGE_LOOP('',(#1785,#1786,#1787,#1788));
#275=EDGE_LOOP('',(#1789,#1790,#1791,#1792,#1793,#1794,#1795));
#276=EDGE_LOOP('',(#1796,#1797,#1798,#1799));
#277=EDGE_LOOP('',(#1800,#1801,#1802,#1803,#1804));
#278=EDGE_LOOP('',(#1805,#1806,#1807,#1808));
#279=EDGE_LOOP('',(#1809,#1810,#1811,#1812));
#280=EDGE_LOOP('',(#1813,#1814,#1815,#1816));
#281=EDGE_LOOP('',(#1817,#1818,#1819,#1820));
#282=EDGE_LOOP('',(#1821,#1822,#1823,#1824,#1825,#1826,#1827,#1828,#1829,
#1830,#1831,#1832,#1833,#1834,#1835,#1836,#1837,#1838));
#283=EDGE_LOOP('',(#1839,#1840,#1841,#1842));
#284=EDGE_LOOP('',(#1843,#1844,#1845,#1846,#1847));
#285=EDGE_LOOP('',(#1848,#1849,#1850,#1851));
#286=EDGE_LOOP('',(#1852,#1853,#1854,#1855,#1856,#1857,#1858));
#287=EDGE_LOOP('',(#1859,#1860,#1861,#1862,#1863));
#288=EDGE_LOOP('',(#1864,#1865,#1866,#1867,#1868));
#289=EDGE_LOOP('',(#1869,#1870,#1871,#1872));
#290=EDGE_LOOP('',(#1873,#1874,#1875,#1876));
#291=EDGE_LOOP('',(#1877,#1878,#1879,#1880,#1881));
#292=EDGE_LOOP('',(#1882,#1883,#1884,#1885));
#293=EDGE_LOOP('',(#1886,#1887,#1888,#1889));
#294=EDGE_LOOP('',(#1890,#1891,#1892,#1893,#1894,#1895));
#295=EDGE_LOOP('',(#1896,#1897,#1898,#1899));
#296=EDGE_LOOP('',(#1900,#1901,#1902,#1903));
#297=EDGE_LOOP('',(#1904,#1905,#1906,#1907));
#298=EDGE_LOOP('',(#1908,#1909,#1910,#1911));
#299=EDGE_LOOP('',(#1912,#1913,#1914,#1915));
#300=EDGE_LOOP('',(#1916,#1917,#1918,#1919));
#301=EDGE_LOOP('',(#1920,#1921,#1922,#1923));
#302=EDGE_LOOP('',(#1924,#1925,#1926,#1927));
#303=EDGE_LOOP('',(#1928,#1929,#1930,#1931));
#304=EDGE_LOOP('',(#1932,#1933,#1934,#1935,#1936,#1937,#1938,#1939));
#305=EDGE_LOOP('',(#1940,#1941,#1942,#1943));
#306=EDGE_LOOP('',(#1944,#1945,#1946,#1947,#1948));
#307=EDGE_LOOP('',(#1949,#1950,#1951,#1952));
#308=EDGE_LOOP('',(#1953,#1954,#1955,#1956,#1957,#1958,#1959,#1960,#1961,
#1962));
#309=EDGE_LOOP('',(#1963,#1964,#1965,#1966));
#310=EDGE_LOOP('',(#1967,#1968,#1969,#1970));
#311=EDGE_LOOP('',(#1971,#1972,#1973,#1974,#1975));
#312=EDGE_LOOP('',(#1976,#1977,#1978,#1979));
#313=EDGE_LOOP('',(#1980,#1981,#1982,#1983));
#314=EDGE_LOOP('',(#1984,#1985,#1986,#1987));
#315=EDGE_LOOP('',(#1988,#1989,#1990,#1991));
#316=EDGE_LOOP('',(#1992,#1993,#1994,#1995,#1996,#1997,#1998,#1999,#2000,
#2001,#2002,#2003,#2004,#2005,#2006,#2007,#2008,#2009,#2010,#2011,#2012,
#2013,#2014,#2015,#2016,#2017,#2018,#2019));
#317=LINE('',#2918,#588);
#318=LINE('',#2920,#589);
#319=LINE('',#2922,#590);
#320=LINE('',#2923,#591);
#321=LINE('',#2926,#592);
#322=LINE('',#2928,#593);
#323=LINE('',#2929,#594);
#324=LINE('',#2933,#595);
#325=LINE('',#2935,#596);
#326=LINE('',#2937,#597);
#327=LINE('',#2938,#598);
#328=LINE('',#2941,#599);
#329=LINE('',#2942,#600);
#330=LINE('',#2945,#601);
#331=LINE('',#2946,#602);
#332=LINE('',#2950,#603);
#333=LINE('',#2951,#604);
#334=LINE('',#2953,#605);
#335=LINE('',#2954,#606);
#336=LINE('',#2959,#607);
#337=LINE('',#2963,#608);
#338=LINE('',#2965,#609);
#339=LINE('',#2967,#610);
#340=LINE('',#2968,#611);
#341=LINE('',#2972,#612);
#342=LINE('',#2976,#613);
#343=LINE('',#2980,#614);
#344=LINE('',#2981,#615);
#345=LINE('',#2984,#616);
#346=LINE('',#2986,#617);
#347=LINE('',#2987,#618);
#348=LINE('',#2991,#619);
#349=LINE('',#2995,#620);
#350=LINE('',#2997,#621);
#351=LINE('',#2999,#622);
#352=LINE('',#3001,#623);
#353=LINE('',#3003,#624);
#354=LINE('',#3007,#625);
#355=LINE('',#3011,#626);
#356=LINE('',#3013,#627);
#357=LINE('',#3015,#628);
#358=LINE('',#3019,#629);
#359=LINE('',#3023,#630);
#360=LINE('',#3027,#631);
#361=LINE('',#3031,#632);
#362=LINE('',#3033,#633);
#363=LINE('',#3034,#634);
#364=LINE('',#3037,#635);
#365=LINE('',#3039,#636);
#366=LINE('',#3043,#637);
#367=LINE('',#3047,#638);
#368=LINE('',#3049,#639);
#369=LINE('',#3050,#640);
#370=LINE('',#3051,#641);
#371=LINE('',#3053,#642);
#372=LINE('',#3055,#643);
#373=LINE('',#3058,#644);
#374=LINE('',#3059,#645);
#375=LINE('',#3061,#646);
#376=LINE('',#3063,#647);
#377=LINE('',#3065,#648);
#378=LINE('',#3066,#649);
#379=LINE('',#3068,#650);
#380=LINE('',#3072,#651);
#381=LINE('',#3074,#652);
#382=LINE('',#3076,#653);
#383=LINE('',#3077,#654);
#384=LINE('',#3080,#655);
#385=LINE('',#3082,#656);
#386=LINE('',#3083,#657);
#387=LINE('',#3086,#658);
#388=LINE('',#3088,#659);
#389=LINE('',#3089,#660);
#390=LINE('',#3091,#661);
#391=LINE('',#3092,#662);
#392=LINE('',#3097,#663);
#393=LINE('',#3103,#664);
#394=LINE('',#3108,#665);
#395=LINE('',#3110,#666);
#396=LINE('',#3112,#667);
#397=LINE('',#3114,#668);
#398=LINE('',#3115,#669);
#399=LINE('',#3119,#670);
#400=LINE('',#3121,#671);
#401=LINE('',#3123,#672);
#402=LINE('',#3125,#673);
#403=LINE('',#3126,#674);
#404=LINE('',#3128,#675);
#405=LINE('',#3130,#676);
#406=LINE('',#3132,#677);
#407=LINE('',#3134,#678);
#408=LINE('',#3136,#679);
#409=LINE('',#3138,#680);
#410=LINE('',#3140,#681);
#411=LINE('',#3141,#682);
#412=LINE('',#3143,#683);
#413=LINE('',#3145,#684);
#414=LINE('',#3147,#685);
#415=LINE('',#3149,#686);
#416=LINE('',#3151,#687);
#417=LINE('',#3153,#688);
#418=LINE('',#3155,#689);
#419=LINE('',#3157,#690);
#420=LINE('',#3159,#691);
#421=LINE('',#3161,#692);
#422=LINE('',#3162,#693);
#423=LINE('',#3166,#694);
#424=LINE('',#3167,#695);
#425=LINE('',#3168,#696);
#426=LINE('',#3171,#697);
#427=LINE('',#3172,#698);
#428=LINE('',#3175,#699);
#429=LINE('',#3177,#700);
#430=LINE('',#3179,#701);
#431=LINE('',#3181,#702);
#432=LINE('',#3183,#703);
#433=LINE('',#3185,#704);
#434=LINE('',#3187,#705);
#435=LINE('',#3189,#706);
#436=LINE('',#3190,#707);
#437=LINE('',#3191,#708);
#438=LINE('',#3193,#709);
#439=LINE('',#3194,#710);
#440=LINE('',#3197,#711);
#441=LINE('',#3198,#712);
#442=LINE('',#3200,#713);
#443=LINE('',#3202,#714);
#444=LINE('',#3203,#715);
#445=LINE('',#3205,#716);
#446=LINE('',#3207,#717);
#447=LINE('',#3209,#718);
#448=LINE('',#3211,#719);
#449=LINE('',#3213,#720);
#450=LINE('',#3215,#721);
#451=LINE('',#3217,#722);
#452=LINE('',#3219,#723);
#453=LINE('',#3221,#724);
#454=LINE('',#3223,#725);
#455=LINE('',#3225,#726);
#456=LINE('',#3227,#727);
#457=LINE('',#3229,#728);
#458=LINE('',#3231,#729);
#459=LINE('',#3233,#730);
#460=LINE('',#3235,#731);
#461=LINE('',#3237,#732);
#462=LINE('',#3238,#733);
#463=LINE('',#3240,#734);
#464=LINE('',#3241,#735);
#465=LINE('',#3243,#736);
#466=LINE('',#3245,#737);
#467=LINE('',#3247,#738);
#468=LINE('',#3249,#739);
#469=LINE('',#3250,#740);
#470=LINE('',#3252,#741);
#471=LINE('',#3254,#742);
#472=LINE('',#3255,#743);
#473=LINE('',#3259,#744);
#474=LINE('',#3261,#745);
#475=LINE('',#3263,#746);
#476=LINE('',#3264,#747);
#477=LINE('',#3266,#748);
#478=LINE('',#3268,#749);
#479=LINE('',#3270,#750);
#480=LINE('',#3271,#751);
#481=LINE('',#3273,#752);
#482=LINE('',#3274,#753);
#483=LINE('',#3275,#754);
#484=LINE('',#3279,#755);
#485=LINE('',#3280,#756);
#486=LINE('',#3281,#757);
#487=LINE('',#3285,#758);
#488=LINE('',#3286,#759);
#489=LINE('',#3287,#760);
#490=LINE('',#3290,#761);
#491=LINE('',#3291,#762);
#492=LINE('',#3293,#763);
#493=LINE('',#3294,#764);
#494=LINE('',#3299,#765);
#495=LINE('',#3301,#766);
#496=LINE('',#3303,#767);
#497=LINE('',#3304,#768);
#498=LINE('',#3306,#769);
#499=LINE('',#3310,#770);
#500=LINE('',#3312,#771);
#501=LINE('',#3314,#772);
#502=LINE('',#3315,#773);
#503=LINE('',#3318,#774);
#504=LINE('',#3320,#775);
#505=LINE('',#3321,#776);
#506=LINE('',#3323,#777);
#507=LINE('',#3325,#778);
#508=LINE('',#3327,#779);
#509=LINE('',#3328,#780);
#510=LINE('',#3330,#781);
#511=LINE('',#3331,#782);
#512=LINE('',#3334,#783);
#513=LINE('',#3335,#784);
#514=LINE('',#3338,#785);
#515=LINE('',#3339,#786);
#516=LINE('',#3342,#787);
#517=LINE('',#3343,#788);
#518=LINE('',#3346,#789);
#519=LINE('',#3348,#790);
#520=LINE('',#3349,#791);
#521=LINE('',#3351,#792);
#522=LINE('',#3354,#793);
#523=LINE('',#3355,#794);
#524=LINE('',#3358,#795);
#525=LINE('',#3359,#796);
#526=LINE('',#3361,#797);
#527=LINE('',#3363,#798);
#528=LINE('',#3366,#799);
#529=LINE('',#3368,#800);
#530=LINE('',#3369,#801);
#531=LINE('',#3372,#802);
#532=LINE('',#3374,#803);
#533=LINE('',#3375,#804);
#534=LINE('',#3394,#805);
#535=LINE('',#3410,#806);
#536=LINE('',#3411,#807);
#537=LINE('',#3413,#808);
#538=LINE('',#3414,#809);
#539=LINE('',#3415,#810);
#540=LINE('',#3416,#811);
#541=LINE('',#3418,#812);
#542=LINE('',#3420,#813);
#543=LINE('',#3422,#814);
#544=LINE('',#3424,#815);
#545=LINE('',#3426,#816);
#546=LINE('',#3427,#817);
#547=LINE('',#3431,#818);
#548=LINE('',#3446,#819);
#549=LINE('',#3447,#820);
#550=LINE('',#3448,#821);
#551=LINE('',#3450,#822);
#552=LINE('',#3452,#823);
#553=LINE('',#3453,#824);
#554=LINE('',#3455,#825);
#555=LINE('',#3457,#826);
#556=LINE('',#3458,#827);
#557=LINE('',#3460,#828);
#558=LINE('',#3464,#829);
#559=LINE('',#3466,#830);
#560=LINE('',#3468,#831);
#561=LINE('',#3469,#832);
#562=LINE('',#3504,#833);
#563=LINE('',#3539,#834);
#564=LINE('',#3574,#835);
#565=LINE('',#3576,#836);
#566=LINE('',#3578,#837);
#567=LINE('',#3579,#838);
#568=LINE('',#3581,#839);
#569=LINE('',#3582,#840);
#570=LINE('',#3586,#841);
#571=LINE('',#3587,#842);
#572=LINE('',#3590,#843);
#573=LINE('',#3592,#844);
#574=LINE('',#3596,#845);
#575=LINE('',#3602,#846);
#576=LINE('',#3613,#847);
#577=LINE('',#3615,#848);
#578=LINE('',#3616,#849);
#579=LINE('',#3622,#850);
#580=LINE('',#3624,#851);
#581=LINE('',#3626,#852);
#582=LINE('',#3633,#853);
#583=LINE('',#3636,#854);
#584=LINE('',#3637,#855);
#585=LINE('',#3663,#856);
#586=LINE('',#3667,#857);
#587=LINE('',#3670,#858);
#588=VECTOR('',#2361,10.);
#589=VECTOR('',#2362,10.);
#590=VECTOR('',#2363,10.);
#591=VECTOR('',#2364,10.);
#592=VECTOR('',#2367,10.);
#593=VECTOR('',#2368,1000.);
#594=VECTOR('',#2369,10.);
#595=VECTOR('',#2372,10.);
#596=VECTOR('',#2373,10.);
#597=VECTOR('',#2374,10.);
#598=VECTOR('',#2375,10.);
#599=VECTOR('',#2378,10.);
#600=VECTOR('',#2379,1000.);
#601=VECTOR('',#2382,1000.);
#602=VECTOR('',#2383,10.);
#603=VECTOR('',#2386,1000.);
#604=VECTOR('',#2387,10.);
#605=VECTOR('',#2388,1000.);
#606=VECTOR('',#2389,1000.);
#607=VECTOR('',#2394,10.);
#608=VECTOR('',#2397,1000.);
#609=VECTOR('',#2398,1000.);
#610=VECTOR('',#2399,10.);
#611=VECTOR('',#2400,10.);
#612=VECTOR('',#2403,10.);
#613=VECTOR('',#2406,10.);
#614=VECTOR('',#2409,10.);
#615=VECTOR('',#2410,10.);
#616=VECTOR('',#2413,10.);
#617=VECTOR('',#2414,10.);
#618=VECTOR('',#2415,10.);
#619=VECTOR('',#2418,1000.);
#620=VECTOR('',#2421,1000.);
#621=VECTOR('',#2422,10.);
#622=VECTOR('',#2423,1000.);
#623=VECTOR('',#2424,1000.);
#624=VECTOR('',#2425,10.);
#625=VECTOR('',#2428,1000.);
#626=VECTOR('',#2431,1000.);
#627=VECTOR('',#2432,1000.);
#628=VECTOR('',#2433,10.);
#629=VECTOR('',#2436,1000.);
#630=VECTOR('',#2439,1000.);
#631=VECTOR('',#2442,10.);
#632=VECTOR('',#2445,10.);
#633=VECTOR('',#2446,10.);
#634=VECTOR('',#2447,1000.);
#635=VECTOR('',#2448,10.);
#636=VECTOR('',#2449,10.);
#637=VECTOR('',#2454,10.);
#638=VECTOR('',#2457,10.);
#639=VECTOR('',#2458,10.);
#640=VECTOR('',#2459,10.);
#641=VECTOR('',#2460,1000.);
#642=VECTOR('',#2461,10.);
#643=VECTOR('',#2462,1000.);
#644=VECTOR('',#2467,10.);
#645=VECTOR('',#2468,10.);
#646=VECTOR('',#2471,10.);
#647=VECTOR('',#2474,1000.);
#648=VECTOR('',#2477,10.);
#649=VECTOR('',#2478,10.);
#650=VECTOR('',#2481,10.);
#651=VECTOR('',#2484,10.);
#652=VECTOR('',#2485,10.);
#653=VECTOR('',#2486,10.);
#654=VECTOR('',#2487,10.);
#655=VECTOR('',#2490,10.);
#656=VECTOR('',#2491,10.);
#657=VECTOR('',#2492,10.);
#658=VECTOR('',#2495,10.);
#659=VECTOR('',#2496,10.);
#660=VECTOR('',#2497,10.);
#661=VECTOR('',#2500,10.);
#662=VECTOR('',#2501,10.);
#663=VECTOR('',#2506,1.09999999999999);
#664=VECTOR('',#2513,1.09999999999999);
#665=VECTOR('',#2518,10.);
#666=VECTOR('',#2519,10.);
#667=VECTOR('',#2520,10.);
#668=VECTOR('',#2521,10.);
#669=VECTOR('',#2522,10.);
#670=VECTOR('',#2525,10.);
#671=VECTOR('',#2526,10.);
#672=VECTOR('',#2527,10.);
#673=VECTOR('',#2528,10.);
#674=VECTOR('',#2529,10.);
#675=VECTOR('',#2532,10.);
#676=VECTOR('',#2533,10.);
#677=VECTOR('',#2534,10.);
#678=VECTOR('',#2535,10.);
#679=VECTOR('',#2536,10.);
#680=VECTOR('',#2537,10.);
#681=VECTOR('',#2538,10.);
#682=VECTOR('',#2539,10.);
#683=VECTOR('',#2540,1000.);
#684=VECTOR('',#2541,1000.);
#685=VECTOR('',#2542,10.);
#686=VECTOR('',#2543,10.);
#687=VECTOR('',#2544,10.);
#688=VECTOR('',#2545,10.);
#689=VECTOR('',#2546,10.);
#690=VECTOR('',#2547,10.);
#691=VECTOR('',#2548,10.);
#692=VECTOR('',#2549,10.);
#693=VECTOR('',#2550,10.);
#694=VECTOR('',#2553,10.);
#695=VECTOR('',#2554,10.);
#696=VECTOR('',#2555,10.);
#697=VECTOR('',#2558,10.);
#698=VECTOR('',#2559,10.);
#699=VECTOR('',#2562,10.);
#700=VECTOR('',#2563,10.);
#701=VECTOR('',#2564,10.);
#702=VECTOR('',#2565,10.);
#703=VECTOR('',#2566,10.);
#704=VECTOR('',#2567,10.);
#705=VECTOR('',#2568,10.);
#706=VECTOR('',#2569,10.);
#707=VECTOR('',#2570,10.);
#708=VECTOR('',#2571,10.);
#709=VECTOR('',#2572,10.);
#710=VECTOR('',#2573,10.);
#711=VECTOR('',#2576,10.);
#712=VECTOR('',#2577,10.);
#713=VECTOR('',#2578,10.);
#714=VECTOR('',#2579,10.);
#715=VECTOR('',#2580,10.);
#716=VECTOR('',#2581,10.);
#717=VECTOR('',#2582,10.);
#718=VECTOR('',#2583,10.);
#719=VECTOR('',#2584,10.);
#720=VECTOR('',#2585,1000.);
#721=VECTOR('',#2586,10.);
#722=VECTOR('',#2587,1000.);
#723=VECTOR('',#2588,10.);
#724=VECTOR('',#2589,10.);
#725=VECTOR('',#2590,10.);
#726=VECTOR('',#2591,10.);
#727=VECTOR('',#2592,10.);
#728=VECTOR('',#2593,10.);
#729=VECTOR('',#2594,10.);
#730=VECTOR('',#2595,10.);
#731=VECTOR('',#2596,10.);
#732=VECTOR('',#2597,10.);
#733=VECTOR('',#2598,10.);
#734=VECTOR('',#2601,10.);
#735=VECTOR('',#2602,10.);
#736=VECTOR('',#2605,10.);
#737=VECTOR('',#2606,10.);
#738=VECTOR('',#2607,10.);
#739=VECTOR('',#2608,10.);
#740=VECTOR('',#2609,10.);
#741=VECTOR('',#2612,10.);
#742=VECTOR('',#2613,10.);
#743=VECTOR('',#2614,10.);
#744=VECTOR('',#2617,10.);
#745=VECTOR('',#2618,10.);
#746=VECTOR('',#2619,10.);
#747=VECTOR('',#2620,10.);
#748=VECTOR('',#2623,10.);
#749=VECTOR('',#2624,10.);
#750=VECTOR('',#2625,1000.);
#751=VECTOR('',#2626,10.);
#752=VECTOR('',#2629,10.);
#753=VECTOR('',#2630,10.);
#754=VECTOR('',#2631,10.);
#755=VECTOR('',#2634,10.);
#756=VECTOR('',#2635,10.);
#757=VECTOR('',#2636,10.);
#758=VECTOR('',#2639,10.);
#759=VECTOR('',#2640,10.);
#760=VECTOR('',#2641,10.);
#761=VECTOR('',#2646,10.);
#762=VECTOR('',#2647,10.);
#763=VECTOR('',#2650,10.);
#764=VECTOR('',#2651,10.);
#765=VECTOR('',#2656,10.);
#766=VECTOR('',#2657,10.);
#767=VECTOR('',#2658,10.);
#768=VECTOR('',#2659,10.);
#769=VECTOR('',#2662,10.);
#770=VECTOR('',#2665,10.);
#771=VECTOR('',#2666,10.);
#772=VECTOR('',#2667,10.);
#773=VECTOR('',#2668,10.);
#774=VECTOR('',#2671,10.);
#775=VECTOR('',#2672,10.);
#776=VECTOR('',#2673,10.);
#777=VECTOR('',#2674,10.);
#778=VECTOR('',#2675,10.);
#779=VECTOR('',#2676,10.);
#780=VECTOR('',#2677,10.);
#781=VECTOR('',#2678,10.);
#782=VECTOR('',#2679,10.);
#783=VECTOR('',#2682,10.);
#784=VECTOR('',#2683,10.);
#785=VECTOR('',#2686,10.);
#786=VECTOR('',#2687,10.);
#787=VECTOR('',#2690,10.);
#788=VECTOR('',#2691,10.);
#789=VECTOR('',#2694,10.);
#790=VECTOR('',#2695,10.);
#791=VECTOR('',#2696,10.);
#792=VECTOR('',#2699,10.);
#793=VECTOR('',#2704,10.);
#794=VECTOR('',#2705,10.);
#795=VECTOR('',#2708,10.);
#796=VECTOR('',#2709,1000.);
#797=VECTOR('',#2712,10.);
#798=VECTOR('',#2715,10.);
#799=VECTOR('',#2718,1000.);
#800=VECTOR('',#2719,1000.);
#801=VECTOR('',#2720,1000.);
#802=VECTOR('',#2723,1000.);
#803=VECTOR('',#2724,1000.);
#804=VECTOR('',#2725,1000.);
#805=VECTOR('',#2732,10.);
#806=VECTOR('',#2733,10.);
#807=VECTOR('',#2734,10.);
#808=VECTOR('',#2735,10.);
#809=VECTOR('',#2736,10.);
#810=VECTOR('',#2737,10.);
#811=VECTOR('',#2738,10.);
#812=VECTOR('',#2739,10.);
#813=VECTOR('',#2740,10.);
#814=VECTOR('',#2741,10.);
#815=VECTOR('',#2742,10.);
#816=VECTOR('',#2743,10.);
#817=VECTOR('',#2744,10.);
#818=VECTOR('',#2747,10.);
#819=VECTOR('',#2750,10.);
#820=VECTOR('',#2751,10.);
#821=VECTOR('',#2752,10.);
#822=VECTOR('',#2755,10.);
#823=VECTOR('',#2758,10.);
#824=VECTOR('',#2759,10.);
#825=VECTOR('',#2762,10.);
#826=VECTOR('',#2765,10.);
#827=VECTOR('',#2766,10.);
#828=VECTOR('',#2769,10.);
#829=VECTOR('',#2772,10.);
#830=VECTOR('',#2775,10.);
#831=VECTOR('',#2778,10.);
#832=VECTOR('',#2779,10.);
#833=VECTOR('',#2780,10.);
#834=VECTOR('',#2781,10.);
#835=VECTOR('',#2782,10.);
#836=VECTOR('',#2785,10.);
#837=VECTOR('',#2786,10.);
#838=VECTOR('',#2787,10.);
#839=VECTOR('',#2788,10.);
#840=VECTOR('',#2789,10.);
#841=VECTOR('',#2796,10.);
#842=VECTOR('',#2797,10.);
#843=VECTOR('',#2800,1000.);
#844=VECTOR('',#2801,1000.);
#845=VECTOR('',#2804,1000.);
#846=VECTOR('',#2813,1000.);
#847=VECTOR('',#2830,10.);
#848=VECTOR('',#2833,10.);
#849=VECTOR('',#2834,10.);
#850=VECTOR('',#2845,10.);
#851=VECTOR('',#2848,10.);
#852=VECTOR('',#2851,10.);
#853=VECTOR('',#2864,1000.);
#854=VECTOR('',#2867,1000.);
#855=VECTOR('',#2868,1000.);
#856=VECTOR('',#2879,1000.);
#857=VECTOR('',#2882,1000.);
#858=VECTOR('',#2885,1000.);
#859=VERTEX_POINT('',#2916);
#860=VERTEX_POINT('',#2917);
#861=VERTEX_POINT('',#2919);
#862=VERTEX_POINT('',#2921);
#863=VERTEX_POINT('',#2925);
#864=VERTEX_POINT('',#2927);
#865=VERTEX_POINT('',#2931);
#866=VERTEX_POINT('',#2932);
#867=VERTEX_POINT('',#2934);
#868=VERTEX_POINT('',#2936);
#869=VERTEX_POINT('',#2940);
#870=VERTEX_POINT('',#2944);
#871=VERTEX_POINT('',#2948);
#872=VERTEX_POINT('',#2949);
#873=VERTEX_POINT('',#2952);
#874=VERTEX_POINT('',#2956);
#875=VERTEX_POINT('',#2957);
#876=VERTEX_POINT('',#2960);
#877=VERTEX_POINT('',#2962);
#878=VERTEX_POINT('',#2964);
#879=VERTEX_POINT('',#2966);
#880=VERTEX_POINT('',#2970);
#881=VERTEX_POINT('',#2971);
#882=VERTEX_POINT('',#2973);
#883=VERTEX_POINT('',#2975);
#884=VERTEX_POINT('',#2977);
#885=VERTEX_POINT('',#2979);
#886=VERTEX_POINT('',#2983);
#887=VERTEX_POINT('',#2985);
#888=VERTEX_POINT('',#2989);
#889=VERTEX_POINT('',#2990);
#890=VERTEX_POINT('',#2992);
#891=VERTEX_POINT('',#2994);
#892=VERTEX_POINT('',#2996);
#893=VERTEX_POINT('',#2998);
#894=VERTEX_POINT('',#3000);
#895=VERTEX_POINT('',#3002);
#896=VERTEX_POINT('',#3004);
#897=VERTEX_POINT('',#3006);
#898=VERTEX_POINT('',#3008);
#899=VERTEX_POINT('',#3010);
#900=VERTEX_POINT('',#3012);
#901=VERTEX_POINT('',#3014);
#902=VERTEX_POINT('',#3016);
#903=VERTEX_POINT('',#3018);
#904=VERTEX_POINT('',#3020);
#905=VERTEX_POINT('',#3022);
#906=VERTEX_POINT('',#3024);
#907=VERTEX_POINT('',#3026);
#908=VERTEX_POINT('',#3028);
#909=VERTEX_POINT('',#3030);
#910=VERTEX_POINT('',#3032);
#911=VERTEX_POINT('',#3035);
#912=VERTEX_POINT('',#3036);
#913=VERTEX_POINT('',#3038);
#914=VERTEX_POINT('',#3041);
#915=VERTEX_POINT('',#3045);
#916=VERTEX_POINT('',#3046);
#917=VERTEX_POINT('',#3048);
#918=VERTEX_POINT('',#3052);
#919=VERTEX_POINT('',#3054);
#920=VERTEX_POINT('',#3070);
#921=VERTEX_POINT('',#3071);
#922=VERTEX_POINT('',#3073);
#923=VERTEX_POINT('',#3075);
#924=VERTEX_POINT('',#3079);
#925=VERTEX_POINT('',#3081);
#926=VERTEX_POINT('',#3085);
#927=VERTEX_POINT('',#3087);
#928=VERTEX_POINT('',#3094);
#929=VERTEX_POINT('',#3096);
#930=VERTEX_POINT('',#3100);
#931=VERTEX_POINT('',#3102);
#932=VERTEX_POINT('',#3106);
#933=VERTEX_POINT('',#3107);
#934=VERTEX_POINT('',#3109);
#935=VERTEX_POINT('',#3111);
#936=VERTEX_POINT('',#3113);
#937=VERTEX_POINT('',#3117);
#938=VERTEX_POINT('',#3118);
#939=VERTEX_POINT('',#3120);
#940=VERTEX_POINT('',#3122);
#941=VERTEX_POINT('',#3124);
#942=VERTEX_POINT('',#3129);
#943=VERTEX_POINT('',#3131);
#944=VERTEX_POINT('',#3133);
#945=VERTEX_POINT('',#3135);
#946=VERTEX_POINT('',#3137);
#947=VERTEX_POINT('',#3139);
#948=VERTEX_POINT('',#3142);
#949=VERTEX_POINT('',#3144);
#950=VERTEX_POINT('',#3146);
#951=VERTEX_POINT('',#3148);
#952=VERTEX_POINT('',#3150);
#953=VERTEX_POINT('',#3152);
#954=VERTEX_POINT('',#3154);
#955=VERTEX_POINT('',#3156);
#956=VERTEX_POINT('',#3158);
#957=VERTEX_POINT('',#3160);
#958=VERTEX_POINT('',#3164);
#959=VERTEX_POINT('',#3165);
#960=VERTEX_POINT('',#3170);
#961=VERTEX_POINT('',#3174);
#962=VERTEX_POINT('',#3176);
#963=VERTEX_POINT('',#3178);
#964=VERTEX_POINT('',#3180);
#965=VERTEX_POINT('',#3182);
#966=VERTEX_POINT('',#3184);
#967=VERTEX_POINT('',#3186);
#968=VERTEX_POINT('',#3188);
#969=VERTEX_POINT('',#3192);
#970=VERTEX_POINT('',#3196);
#971=VERTEX_POINT('',#3199);
#972=VERTEX_POINT('',#3201);
#973=VERTEX_POINT('',#3204);
#974=VERTEX_POINT('',#3206);
#975=VERTEX_POINT('',#3208);
#976=VERTEX_POINT('',#3210);
#977=VERTEX_POINT('',#3212);
#978=VERTEX_POINT('',#3214);
#979=VERTEX_POINT('',#3216);
#980=VERTEX_POINT('',#3218);
#981=VERTEX_POINT('',#3220);
#982=VERTEX_POINT('',#3222);
#983=VERTEX_POINT('',#3224);
#984=VERTEX_POINT('',#3226);
#985=VERTEX_POINT('',#3228);
#986=VERTEX_POINT('',#3230);
#987=VERTEX_POINT('',#3232);
#988=VERTEX_POINT('',#3234);
#989=VERTEX_POINT('',#3236);
#990=VERTEX_POINT('',#3244);
#991=VERTEX_POINT('',#3246);
#992=VERTEX_POINT('',#3248);
#993=VERTEX_POINT('',#3253);
#994=VERTEX_POINT('',#3257);
#995=VERTEX_POINT('',#3258);
#996=VERTEX_POINT('',#3260);
#997=VERTEX_POINT('',#3262);
#998=VERTEX_POINT('',#3267);
#999=VERTEX_POINT('',#3269);
#1000=VERTEX_POINT('',#3277);
#1001=VERTEX_POINT('',#3278);
#1002=VERTEX_POINT('',#3283);
#1003=VERTEX_POINT('',#3284);
#1004=VERTEX_POINT('',#3297);
#1005=VERTEX_POINT('',#3298);
#1006=VERTEX_POINT('',#3300);
#1007=VERTEX_POINT('',#3302);
#1008=VERTEX_POINT('',#3308);
#1009=VERTEX_POINT('',#3309);
#1010=VERTEX_POINT('',#3311);
#1011=VERTEX_POINT('',#3313);
#1012=VERTEX_POINT('',#3317);
#1013=VERTEX_POINT('',#3319);
#1014=VERTEX_POINT('',#3322);
#1015=VERTEX_POINT('',#3324);
#1016=VERTEX_POINT('',#3326);
#1017=VERTEX_POINT('',#3329);
#1018=VERTEX_POINT('',#3333);
#1019=VERTEX_POINT('',#3337);
#1020=VERTEX_POINT('',#3341);
#1021=VERTEX_POINT('',#3345);
#1022=VERTEX_POINT('',#3347);
#1023=VERTEX_POINT('',#3357);
#1024=VERTEX_POINT('',#3365);
#1025=VERTEX_POINT('',#3367);
#1026=VERTEX_POINT('',#3371);
#1027=VERTEX_POINT('',#3373);
#1028=VERTEX_POINT('',#3379);
#1029=VERTEX_POINT('',#3393);
#1030=VERTEX_POINT('',#3395);
#1031=VERTEX_POINT('',#3409);
#1032=VERTEX_POINT('',#3412);
#1033=VERTEX_POINT('',#3417);
#1034=VERTEX_POINT('',#3419);
#1035=VERTEX_POINT('',#3421);
#1036=VERTEX_POINT('',#3423);
#1037=VERTEX_POINT('',#3425);
#1038=VERTEX_POINT('',#3428);
#1039=VERTEX_POINT('',#3430);
#1040=VERTEX_POINT('',#3462);
#1041=VERTEX_POINT('',#3463);
#1042=VERTEX_POINT('',#3490);
#1043=VERTEX_POINT('',#3525);
#1044=VERTEX_POINT('',#3560);
#1045=VERTEX_POINT('',#3577);
#1046=VERTEX_POINT('',#3580);
#1047=VERTEX_POINT('',#3589);
#1048=VERTEX_POINT('',#3591);
#1049=VERTEX_POINT('',#3593);
#1050=VERTEX_POINT('',#3595);
#1051=VERTEX_POINT('',#3601);
#1052=VERTEX_POINT('',#3605);
#1053=VERTEX_POINT('',#3611);
#1054=VERTEX_POINT('',#3635);
#1055=VERTEX_POINT('',#3660);
#1056=VERTEX_POINT('',#3662);
#1057=VERTEX_POINT('',#3664);
#1058=VERTEX_POINT('',#3666);
#1059=VERTEX_POINT('',#3668);
#1060=EDGE_CURVE('',#859,#860,#317,.T.);
#1061=EDGE_CURVE('',#861,#859,#318,.T.);
#1062=EDGE_CURVE('',#862,#861,#319,.T.);
#1063=EDGE_CURVE('',#862,#860,#320,.T.);
#1064=EDGE_CURVE('',#863,#860,#321,.T.);
#1065=EDGE_CURVE('',#863,#864,#322,.T.);
#1066=EDGE_CURVE('',#864,#859,#323,.T.);
#1067=EDGE_CURVE('',#865,#866,#324,.T.);
#1068=EDGE_CURVE('',#867,#865,#325,.T.);
#1069=EDGE_CURVE('',#868,#867,#326,.T.);
#1070=EDGE_CURVE('',#866,#868,#327,.T.);
#1071=EDGE_CURVE('',#867,#869,#328,.T.);
#1072=EDGE_CURVE('',#865,#869,#329,.T.);
#1073=EDGE_CURVE('',#870,#866,#330,.T.);
#1074=EDGE_CURVE('',#870,#868,#331,.T.);
#1075=EDGE_CURVE('',#871,#872,#332,.T.);
#1076=EDGE_CURVE('',#869,#871,#333,.T.);
#1077=EDGE_CURVE('',#873,#865,#334,.T.);
#1078=EDGE_CURVE('',#873,#872,#335,.T.);
#1079=EDGE_CURVE('',#874,#875,#62,.T.);
#1080=EDGE_CURVE('',#868,#874,#336,.T.);
#1081=EDGE_CURVE('',#876,#871,#63,.T.);
#1082=EDGE_CURVE('',#876,#877,#337,.T.);
#1083=EDGE_CURVE('',#877,#878,#338,.T.);
#1084=EDGE_CURVE('',#879,#878,#339,.T.);
#1085=EDGE_CURVE('',#875,#879,#340,.T.);
#1086=EDGE_CURVE('',#863,#862,#64,.T.);
#1087=EDGE_CURVE('',#880,#881,#341,.T.);
#1088=EDGE_CURVE('',#882,#881,#65,.T.);
#1089=EDGE_CURVE('',#882,#883,#342,.T.);
#1090=EDGE_CURVE('',#884,#883,#66,.T.);
#1091=EDGE_CURVE('',#885,#884,#343,.T.);
#1092=EDGE_CURVE('',#880,#885,#344,.T.);
#1093=EDGE_CURVE('',#882,#886,#345,.T.);
#1094=EDGE_CURVE('',#886,#887,#346,.T.);
#1095=EDGE_CURVE('',#887,#883,#347,.T.);
#1096=EDGE_CURVE('',#888,#889,#348,.T.);
#1097=EDGE_CURVE('',#889,#890,#67,.T.);
#1098=EDGE_CURVE('',#890,#891,#349,.T.);
#1099=EDGE_CURVE('',#891,#892,#350,.T.);
#1100=EDGE_CURVE('',#892,#893,#351,.T.);
#1101=EDGE_CURVE('',#893,#894,#352,.T.);
#1102=EDGE_CURVE('',#894,#895,#353,.T.);
#1103=EDGE_CURVE('',#895,#896,#68,.T.);
#1104=EDGE_CURVE('',#896,#897,#354,.T.);
#1105=EDGE_CURVE('',#897,#898,#69,.T.);
#1106=EDGE_CURVE('',#898,#899,#355,.T.);
#1107=EDGE_CURVE('',#899,#900,#356,.T.);
#1108=EDGE_CURVE('',#900,#901,#357,.T.);
#1109=EDGE_CURVE('',#902,#901,#70,.T.);
#1110=EDGE_CURVE('',#903,#902,#358,.T.);
#1111=EDGE_CURVE('',#904,#903,#71,.T.);
#1112=EDGE_CURVE('',#905,#904,#359,.T.);
#1113=EDGE_CURVE('',#906,#905,#72,.T.);
#1114=EDGE_CURVE('',#906,#907,#360,.T.);
#1115=EDGE_CURVE('',#908,#907,#73,.T.);
#1116=EDGE_CURVE('',#908,#909,#361,.T.);
#1117=EDGE_CURVE('',#910,#909,#362,.T.);
#1118=EDGE_CURVE('',#910,#888,#363,.T.);
#1119=EDGE_CURVE('',#911,#912,#364,.T.);
#1120=EDGE_CURVE('',#912,#913,#365,.T.);
#1121=EDGE_CURVE('',#913,#887,#74,.T.);
#1122=EDGE_CURVE('',#886,#914,#75,.T.);
#1123=EDGE_CURVE('',#914,#911,#366,.T.);
#1124=EDGE_CURVE('',#915,#916,#367,.T.);
#1125=EDGE_CURVE('',#917,#916,#368,.T.);
#1126=EDGE_CURVE('',#861,#917,#369,.T.);
#1127=EDGE_CURVE('',#864,#873,#370,.T.);
#1128=EDGE_CURVE('',#873,#918,#371,.T.);
#1129=EDGE_CURVE('',#919,#918,#372,.T.);
#1130=EDGE_CURVE('',#915,#919,#76,.T.);
#1131=EDGE_CURVE('',#909,#879,#373,.T.);
#1132=EDGE_CURVE('',#875,#908,#374,.T.);
#1133=EDGE_CURVE('',#878,#910,#375,.T.);
#1134=EDGE_CURVE('',#866,#918,#376,.T.);
#1135=EDGE_CURVE('',#912,#885,#377,.T.);
#1136=EDGE_CURVE('',#911,#880,#378,.T.);
#1137=EDGE_CURVE('',#884,#913,#379,.T.);
#1138=EDGE_CURVE('',#920,#921,#380,.T.);
#1139=EDGE_CURVE('',#922,#920,#381,.T.);
#1140=EDGE_CURVE('',#923,#922,#382,.T.);
#1141=EDGE_CURVE('',#923,#921,#383,.T.);
#1142=EDGE_CURVE('',#921,#924,#384,.T.);
#1143=EDGE_CURVE('',#925,#923,#385,.T.);
#1144=EDGE_CURVE('',#925,#924,#386,.T.);
#1145=EDGE_CURVE('',#924,#926,#387,.T.);
#1146=EDGE_CURVE('',#927,#925,#388,.T.);
#1147=EDGE_CURVE('',#927,#926,#389,.T.);
#1148=EDGE_CURVE('',#926,#920,#390,.T.);
#1149=EDGE_CURVE('',#922,#927,#391,.T.);
#1150=EDGE_CURVE('',#928,#928,#30,.T.);
#1151=EDGE_CURVE('',#928,#929,#392,.T.);
#1152=EDGE_CURVE('',#929,#929,#31,.T.);
#1153=EDGE_CURVE('',#930,#930,#32,.T.);
#1154=EDGE_CURVE('',#930,#931,#393,.T.);
#1155=EDGE_CURVE('',#931,#931,#33,.T.);
#1156=EDGE_CURVE('',#932,#933,#394,.T.);
#1157=EDGE_CURVE('',#932,#934,#395,.T.);
#1158=EDGE_CURVE('',#935,#934,#396,.T.);
#1159=EDGE_CURVE('',#936,#935,#397,.T.);
#1160=EDGE_CURVE('',#933,#936,#398,.T.);
#1161=EDGE_CURVE('',#937,#938,#399,.T.);
#1162=EDGE_CURVE('',#939,#937,#400,.T.);
#1163=EDGE_CURVE('',#940,#939,#401,.T.);
#1164=EDGE_CURVE('',#941,#940,#402,.T.);
#1165=EDGE_CURVE('',#941,#938,#403,.T.);
#1166=EDGE_CURVE('',#934,#941,#404,.T.);
#1167=EDGE_CURVE('',#942,#932,#405,.T.);
#1168=EDGE_CURVE('',#942,#943,#406,.T.);
#1169=EDGE_CURVE('',#944,#943,#407,.T.);
#1170=EDGE_CURVE('',#944,#945,#408,.T.);
#1171=EDGE_CURVE('',#945,#946,#409,.T.);
#1172=EDGE_CURVE('',#946,#947,#410,.T.);
#1173=EDGE_CURVE('',#947,#891,#411,.T.);
#1174=EDGE_CURVE('',#890,#948,#412,.T.);
#1175=EDGE_CURVE('',#948,#949,#413,.T.);
#1176=EDGE_CURVE('',#950,#949,#414,.T.);
#1177=EDGE_CURVE('',#950,#951,#415,.T.);
#1178=EDGE_CURVE('',#951,#952,#416,.T.);
#1179=EDGE_CURVE('',#952,#953,#417,.T.);
#1180=EDGE_CURVE('',#953,#954,#418,.T.);
#1181=EDGE_CURVE('',#954,#955,#419,.T.);
#1182=EDGE_CURVE('',#956,#955,#420,.T.);
#1183=EDGE_CURVE('',#956,#957,#421,.T.);
#1184=EDGE_CURVE('',#938,#957,#422,.T.);
#1185=EDGE_CURVE('',#958,#959,#423,.T.);
#1186=EDGE_CURVE('',#956,#959,#424,.T.);
#1187=EDGE_CURVE('',#958,#955,#425,.T.);
#1188=EDGE_CURVE('',#933,#960,#426,.T.);
#1189=EDGE_CURVE('',#942,#960,#427,.T.);
#1190=EDGE_CURVE('',#961,#958,#428,.T.);
#1191=EDGE_CURVE('',#962,#961,#429,.T.);
#1192=EDGE_CURVE('',#963,#962,#430,.T.);
#1193=EDGE_CURVE('',#964,#963,#431,.T.);
#1194=EDGE_CURVE('',#965,#964,#432,.T.);
#1195=EDGE_CURVE('',#966,#965,#433,.T.);
#1196=EDGE_CURVE('',#967,#966,#434,.T.);
#1197=EDGE_CURVE('',#968,#967,#435,.T.);
#1198=EDGE_CURVE('',#960,#968,#436,.T.);
#1199=EDGE_CURVE('',#939,#936,#437,.T.);
#1200=EDGE_CURVE('',#969,#937,#438,.T.);
#1201=EDGE_CURVE('',#959,#969,#439,.T.);
#1202=EDGE_CURVE('',#970,#935,#440,.T.);
#1203=EDGE_CURVE('',#970,#968,#441,.T.);
#1204=EDGE_CURVE('',#968,#971,#442,.T.);
#1205=EDGE_CURVE('',#971,#972,#443,.T.);
#1206=EDGE_CURVE('',#972,#967,#444,.T.);
#1207=EDGE_CURVE('',#967,#973,#445,.T.);
#1208=EDGE_CURVE('',#974,#973,#446,.T.);
#1209=EDGE_CURVE('',#975,#974,#447,.T.);
#1210=EDGE_CURVE('',#976,#975,#448,.T.);
#1211=EDGE_CURVE('',#977,#976,#449,.T.);
#1212=EDGE_CURVE('',#978,#977,#450,.T.);
#1213=EDGE_CURVE('',#979,#978,#451,.T.);
#1214=EDGE_CURVE('',#980,#979,#452,.T.);
#1215=EDGE_CURVE('',#980,#981,#453,.T.);
#1216=EDGE_CURVE('',#982,#981,#454,.T.);
#1217=EDGE_CURVE('',#982,#983,#455,.T.);
#1218=EDGE_CURVE('',#983,#984,#456,.T.);
#1219=EDGE_CURVE('',#984,#985,#457,.T.);
#1220=EDGE_CURVE('',#985,#986,#458,.T.);
#1221=EDGE_CURVE('',#986,#987,#459,.T.);
#1222=EDGE_CURVE('',#988,#987,#460,.T.);
#1223=EDGE_CURVE('',#989,#988,#461,.T.);
#1224=EDGE_CURVE('',#940,#989,#462,.T.);
#1225=EDGE_CURVE('',#943,#934,#463,.T.);
#1226=EDGE_CURVE('',#943,#970,#464,.T.);
#1227=EDGE_CURVE('',#899,#894,#465,.T.);
#1228=EDGE_CURVE('',#891,#990,#466,.T.);
#1229=EDGE_CURVE('',#991,#990,#467,.T.);
#1230=EDGE_CURVE('',#992,#991,#468,.T.);
#1231=EDGE_CURVE('',#901,#992,#469,.T.);
#1232=EDGE_CURVE('',#947,#944,#470,.T.);
#1233=EDGE_CURVE('',#941,#993,#471,.T.);
#1234=EDGE_CURVE('',#990,#993,#472,.T.);
#1235=EDGE_CURVE('',#994,#995,#473,.T.);
#1236=EDGE_CURVE('',#996,#994,#474,.T.);
#1237=EDGE_CURVE('',#997,#996,#475,.T.);
#1238=EDGE_CURVE('',#995,#997,#476,.T.);
#1239=EDGE_CURVE('',#949,#994,#477,.T.);
#1240=EDGE_CURVE('',#949,#998,#478,.T.);
#1241=EDGE_CURVE('',#998,#999,#479,.T.);
#1242=EDGE_CURVE('',#999,#996,#480,.T.);
#1243=EDGE_CURVE('',#953,#956,#481,.T.);
#1244=EDGE_CURVE('',#950,#952,#482,.T.);
#1245=EDGE_CURVE('',#957,#995,#483,.T.);
#1246=EDGE_CURVE('',#1000,#1001,#484,.T.);
#1247=EDGE_CURVE('',#959,#1000,#485,.T.);
#1248=EDGE_CURVE('',#1001,#969,#486,.T.);
#1249=EDGE_CURVE('',#1002,#1003,#487,.T.);
#1250=EDGE_CURVE('',#963,#1002,#488,.T.);
#1251=EDGE_CURVE('',#1003,#962,#489,.T.);
#1252=EDGE_CURVE('',#952,#963,#490,.T.);
#1253=EDGE_CURVE('',#964,#951,#491,.T.);
#1254=EDGE_CURVE('',#961,#954,#492,.T.);
#1255=EDGE_CURVE('',#962,#953,#493,.T.);
#1256=EDGE_CURVE('',#1004,#1005,#494,.T.);
#1257=EDGE_CURVE('',#1006,#1004,#495,.T.);
#1258=EDGE_CURVE('',#1006,#1007,#496,.T.);
#1259=EDGE_CURVE('',#1005,#1007,#497,.T.);
#1260=EDGE_CURVE('',#983,#986,#498,.T.);
#1261=EDGE_CURVE('',#1008,#1009,#499,.T.);
#1262=EDGE_CURVE('',#1010,#1008,#500,.T.);
#1263=EDGE_CURVE('',#1010,#1011,#501,.T.);
#1264=EDGE_CURVE('',#1009,#1011,#502,.T.);
#1265=EDGE_CURVE('',#1007,#1012,#503,.T.);
#1266=EDGE_CURVE('',#1013,#1006,#504,.T.);
#1267=EDGE_CURVE('',#986,#1013,#505,.T.);
#1268=EDGE_CURVE('',#1014,#983,#506,.T.);
#1269=EDGE_CURVE('',#1015,#1014,#507,.T.);
#1270=EDGE_CURVE('',#1016,#1015,#508,.T.);
#1271=EDGE_CURVE('',#1011,#1016,#509,.T.);
#1272=EDGE_CURVE('',#1017,#1010,#510,.T.);
#1273=EDGE_CURVE('',#1012,#1017,#511,.T.);
#1274=EDGE_CURVE('',#982,#1018,#512,.T.);
#1275=EDGE_CURVE('',#1014,#1018,#513,.T.);
#1276=EDGE_CURVE('',#1013,#1019,#514,.T.);
#1277=EDGE_CURVE('',#1019,#987,#515,.T.);
#1278=EDGE_CURVE('',#1020,#1006,#516,.T.);
#1279=EDGE_CURVE('',#1019,#1020,#517,.T.);
#1280=EDGE_CURVE('',#1021,#1012,#518,.T.);
#1281=EDGE_CURVE('',#1022,#1021,#519,.T.);
#1282=EDGE_CURVE('',#1007,#1022,#520,.T.);
#1283=EDGE_CURVE('',#969,#957,#521,.T.);
#1284=EDGE_CURVE('',#945,#966,#522,.T.);
#1285=EDGE_CURVE('',#973,#944,#523,.T.);
#1286=EDGE_CURVE('',#1023,#947,#524,.T.);
#1287=EDGE_CURVE('',#976,#1023,#525,.T.);
#1288=EDGE_CURVE('',#946,#965,#526,.T.);
#1289=EDGE_CURVE('',#993,#989,#527,.T.);
#1290=EDGE_CURVE('',#904,#1024,#528,.T.);
#1291=EDGE_CURVE('',#1025,#1024,#529,.T.);
#1292=EDGE_CURVE('',#905,#1025,#530,.T.);
#1293=EDGE_CURVE('',#1026,#903,#531,.T.);
#1294=EDGE_CURVE('',#1027,#902,#532,.T.);
#1295=EDGE_CURVE('',#1026,#1027,#533,.T.);
#1296=EDGE_CURVE('',#1024,#1026,#77,.T.);
#1297=EDGE_CURVE('',#916,#1028,#24,.T.);
#1298=EDGE_CURVE('',#1028,#1029,#534,.T.);
#1299=EDGE_CURVE('',#1029,#1030,#25,.T.);
#1300=EDGE_CURVE('',#1030,#1031,#535,.T.);
#1301=EDGE_CURVE('',#981,#1031,#536,.T.);
#1302=EDGE_CURVE('',#981,#1032,#537,.T.);
#1303=EDGE_CURVE('',#1032,#1018,#538,.T.);
#1304=EDGE_CURVE('',#987,#982,#539,.T.);
#1305=EDGE_CURVE('',#1022,#1020,#540,.T.);
#1306=EDGE_CURVE('',#1033,#1021,#541,.T.);
#1307=EDGE_CURVE('',#1033,#1034,#542,.T.);
#1308=EDGE_CURVE('',#1035,#1034,#543,.T.);
#1309=EDGE_CURVE('',#1035,#1036,#544,.T.);
#1310=EDGE_CURVE('',#1036,#1037,#545,.T.);
#1311=EDGE_CURVE('',#999,#1037,#546,.T.);
#1312=EDGE_CURVE('',#999,#1038,#78,.T.);
#1313=EDGE_CURVE('',#1038,#1039,#547,.T.);
#1314=EDGE_CURVE('',#1039,#917,#26,.T.);
#1315=EDGE_CURVE('',#1037,#1035,#548,.T.);
#1316=EDGE_CURVE('',#1034,#1022,#549,.T.);
#1317=EDGE_CURVE('',#1020,#997,#550,.T.);
#1318=EDGE_CURVE('',#1033,#1017,#551,.T.);
#1319=EDGE_CURVE('',#1036,#1016,#552,.T.);
#1320=EDGE_CURVE('',#1011,#1035,#553,.T.);
#1321=EDGE_CURVE('',#1034,#1010,#554,.T.);
#1322=EDGE_CURVE('',#992,#1031,#555,.T.);
#1323=EDGE_CURVE('',#988,#991,#556,.T.);
#1324=EDGE_CURVE('',#1015,#1032,#557,.T.);
#1325=EDGE_CURVE('',#1040,#1041,#558,.T.);
#1326=EDGE_CURVE('',#1027,#1041,#79,.T.);
#1327=EDGE_CURVE('',#901,#1040,#559,.T.);
#1328=EDGE_CURVE('',#1041,#1030,#560,.T.);
#1329=EDGE_CURVE('',#1031,#1040,#561,.T.);
#1330=EDGE_CURVE('',#1041,#1042,#27,.T.);
#1331=EDGE_CURVE('',#1042,#1029,#562,.T.);
#1332=EDGE_CURVE('',#1043,#915,#28,.T.);
#1333=EDGE_CURVE('',#1043,#1028,#563,.T.);
#1334=EDGE_CURVE('',#861,#1044,#29,.T.);
#1335=EDGE_CURVE('',#1044,#1039,#564,.T.);
#1336=EDGE_CURVE('',#950,#1037,#565,.T.);
#1337=EDGE_CURVE('',#980,#1045,#566,.T.);
#1338=EDGE_CURVE('',#1045,#897,#567,.T.);
#1339=EDGE_CURVE('',#896,#1046,#568,.T.);
#1340=EDGE_CURVE('',#1046,#1023,#569,.T.);
#1341=EDGE_CURVE('',#899,#978,#570,.T.);
#1342=EDGE_CURVE('',#894,#977,#571,.T.);
#1343=EDGE_CURVE('',#1038,#1047,#572,.T.);
#1344=EDGE_CURVE('',#1047,#1048,#573,.T.);
#1345=EDGE_CURVE('',#1048,#1049,#80,.T.);
#1346=EDGE_CURVE('',#1049,#1050,#574,.T.);
#1347=EDGE_CURVE('',#1050,#1044,#81,.T.);
#1348=EDGE_CURVE('',#949,#1047,#34,.T.);
#1349=EDGE_CURVE('',#978,#1051,#575,.T.);
#1350=EDGE_CURVE('',#1045,#1051,#82,.T.);
#1351=EDGE_CURVE('',#1042,#1052,#83,.T.);
#1352=EDGE_CURVE('',#1052,#1027,#84,.T.);
#1353=EDGE_CURVE('',#948,#1048,#85,.T.);
#1354=EDGE_CURVE('',#1053,#1046,#86,.T.);
#1355=EDGE_CURVE('',#977,#1053,#576,.T.);
#1356=EDGE_CURVE('',#889,#876,#577,.T.);
#1357=EDGE_CURVE('',#877,#888,#578,.T.);
#1358=EDGE_CURVE('',#861,#864,#87,.T.);
#1359=EDGE_CURVE('',#872,#948,#88,.T.);
#1360=EDGE_CURVE('',#1053,#895,#579,.T.);
#1361=EDGE_CURVE('',#1051,#898,#580,.T.);
#1362=EDGE_CURVE('',#881,#914,#581,.T.);
#1363=EDGE_CURVE('',#907,#874,#582,.T.);
#1364=EDGE_CURVE('',#906,#1054,#583,.T.);
#1365=EDGE_CURVE('',#918,#1054,#584,.T.);
#1366=EDGE_CURVE('',#864,#1050,#89,.T.);
#1367=EDGE_CURVE('',#872,#1049,#90,.T.);
#1368=EDGE_CURVE('',#1055,#1043,#91,.T.);
#1369=EDGE_CURVE('',#1056,#1055,#585,.T.);
#1370=EDGE_CURVE('',#1057,#1056,#92,.T.);
#1371=EDGE_CURVE('',#1058,#1057,#586,.T.);
#1372=EDGE_CURVE('',#1059,#1058,#93,.T.);
#1373=EDGE_CURVE('',#1052,#1059,#587,.T.);
#1374=EDGE_CURVE('',#1059,#1026,#94,.T.);
#1375=EDGE_CURVE('',#919,#1055,#95,.T.);
#1376=EDGE_CURVE('',#1054,#1056,#96,.T.);
#1377=EDGE_CURVE('',#1054,#1025,#97,.T.);
#1378=EDGE_CURVE('',#1025,#1057,#98,.T.);
#1379=EDGE_CURVE('',#1024,#1058,#99,.T.);
#1380=ORIENTED_EDGE('',*,*,#1060,.F.);
#1381=ORIENTED_EDGE('',*,*,#1061,.F.);
#1382=ORIENTED_EDGE('',*,*,#1062,.F.);
#1383=ORIENTED_EDGE('',*,*,#1063,.T.);
#1384=ORIENTED_EDGE('',*,*,#1060,.T.);
#1385=ORIENTED_EDGE('',*,*,#1064,.F.);
#1386=ORIENTED_EDGE('',*,*,#1065,.T.);
#1387=ORIENTED_EDGE('',*,*,#1066,.T.);
#1388=ORIENTED_EDGE('',*,*,#1067,.F.);
#1389=ORIENTED_EDGE('',*,*,#1068,.F.);
#1390=ORIENTED_EDGE('',*,*,#1069,.F.);
#1391=ORIENTED_EDGE('',*,*,#1070,.F.);
#1392=ORIENTED_EDGE('',*,*,#1071,.F.);
#1393=ORIENTED_EDGE('',*,*,#1068,.T.);
#1394=ORIENTED_EDGE('',*,*,#1072,.T.);
#1395=ORIENTED_EDGE('',*,*,#1073,.T.);
#1396=ORIENTED_EDGE('',*,*,#1070,.T.);
#1397=ORIENTED_EDGE('',*,*,#1074,.F.);
#1398=ORIENTED_EDGE('',*,*,#1075,.F.);
#1399=ORIENTED_EDGE('',*,*,#1076,.F.);
#1400=ORIENTED_EDGE('',*,*,#1072,.F.);
#1401=ORIENTED_EDGE('',*,*,#1077,.F.);
#1402=ORIENTED_EDGE('',*,*,#1078,.T.);
#1403=ORIENTED_EDGE('',*,*,#1079,.F.);
#1404=ORIENTED_EDGE('',*,*,#1080,.F.);
#1405=ORIENTED_EDGE('',*,*,#1069,.T.);
#1406=ORIENTED_EDGE('',*,*,#1071,.T.);
#1407=ORIENTED_EDGE('',*,*,#1076,.T.);
#1408=ORIENTED_EDGE('',*,*,#1081,.F.);
#1409=ORIENTED_EDGE('',*,*,#1082,.T.);
#1410=ORIENTED_EDGE('',*,*,#1083,.T.);
#1411=ORIENTED_EDGE('',*,*,#1084,.F.);
#1412=ORIENTED_EDGE('',*,*,#1085,.F.);
#1413=ORIENTED_EDGE('',*,*,#1086,.F.);
#1414=ORIENTED_EDGE('',*,*,#1064,.T.);
#1415=ORIENTED_EDGE('',*,*,#1063,.F.);
#1416=ORIENTED_EDGE('',*,*,#1087,.T.);
#1417=ORIENTED_EDGE('',*,*,#1088,.F.);
#1418=ORIENTED_EDGE('',*,*,#1089,.T.);
#1419=ORIENTED_EDGE('',*,*,#1090,.F.);
#1420=ORIENTED_EDGE('',*,*,#1091,.F.);
#1421=ORIENTED_EDGE('',*,*,#1092,.F.);
#1422=ORIENTED_EDGE('',*,*,#1093,.T.);
#1423=ORIENTED_EDGE('',*,*,#1094,.T.);
#1424=ORIENTED_EDGE('',*,*,#1095,.T.);
#1425=ORIENTED_EDGE('',*,*,#1089,.F.);
#1426=ORIENTED_EDGE('',*,*,#1096,.T.);
#1427=ORIENTED_EDGE('',*,*,#1097,.T.);
#1428=ORIENTED_EDGE('',*,*,#1098,.T.);
#1429=ORIENTED_EDGE('',*,*,#1099,.T.);
#1430=ORIENTED_EDGE('',*,*,#1100,.T.);
#1431=ORIENTED_EDGE('',*,*,#1101,.T.);
#1432=ORIENTED_EDGE('',*,*,#1102,.T.);
#1433=ORIENTED_EDGE('',*,*,#1103,.T.);
#1434=ORIENTED_EDGE('',*,*,#1104,.T.);
#1435=ORIENTED_EDGE('',*,*,#1105,.T.);
#1436=ORIENTED_EDGE('',*,*,#1106,.T.);
#1437=ORIENTED_EDGE('',*,*,#1107,.T.);
#1438=ORIENTED_EDGE('',*,*,#1108,.T.);
#1439=ORIENTED_EDGE('',*,*,#1109,.F.);
#1440=ORIENTED_EDGE('',*,*,#1110,.F.);
#1441=ORIENTED_EDGE('',*,*,#1111,.F.);
#1442=ORIENTED_EDGE('',*,*,#1112,.F.);
#1443=ORIENTED_EDGE('',*,*,#1113,.F.);
#1444=ORIENTED_EDGE('',*,*,#1114,.T.);
#1445=ORIENTED_EDGE('',*,*,#1115,.F.);
#1446=ORIENTED_EDGE('',*,*,#1116,.T.);
#1447=ORIENTED_EDGE('',*,*,#1117,.F.);
#1448=ORIENTED_EDGE('',*,*,#1118,.T.);
#1449=ORIENTED_EDGE('',*,*,#1119,.T.);
#1450=ORIENTED_EDGE('',*,*,#1120,.T.);
#1451=ORIENTED_EDGE('',*,*,#1121,.T.);
#1452=ORIENTED_EDGE('',*,*,#1094,.F.);
#1453=ORIENTED_EDGE('',*,*,#1122,.T.);
#1454=ORIENTED_EDGE('',*,*,#1123,.T.);
#1455=ORIENTED_EDGE('',*,*,#1124,.T.);
#1456=ORIENTED_EDGE('',*,*,#1125,.F.);
#1457=ORIENTED_EDGE('',*,*,#1126,.F.);
#1458=ORIENTED_EDGE('',*,*,#1061,.T.);
#1459=ORIENTED_EDGE('',*,*,#1066,.F.);
#1460=ORIENTED_EDGE('',*,*,#1127,.T.);
#1461=ORIENTED_EDGE('',*,*,#1128,.T.);
#1462=ORIENTED_EDGE('',*,*,#1129,.F.);
#1463=ORIENTED_EDGE('',*,*,#1130,.F.);
#1464=ORIENTED_EDGE('',*,*,#1085,.T.);
#1465=ORIENTED_EDGE('',*,*,#1131,.F.);
#1466=ORIENTED_EDGE('',*,*,#1116,.F.);
#1467=ORIENTED_EDGE('',*,*,#1132,.F.);
#1468=ORIENTED_EDGE('',*,*,#1084,.T.);
#1469=ORIENTED_EDGE('',*,*,#1133,.T.);
#1470=ORIENTED_EDGE('',*,*,#1117,.T.);
#1471=ORIENTED_EDGE('',*,*,#1131,.T.);
#1472=ORIENTED_EDGE('',*,*,#1067,.T.);
#1473=ORIENTED_EDGE('',*,*,#1134,.T.);
#1474=ORIENTED_EDGE('',*,*,#1128,.F.);
#1475=ORIENTED_EDGE('',*,*,#1077,.T.);
#1476=ORIENTED_EDGE('',*,*,#1135,.F.);
#1477=ORIENTED_EDGE('',*,*,#1119,.F.);
#1478=ORIENTED_EDGE('',*,*,#1136,.T.);
#1479=ORIENTED_EDGE('',*,*,#1092,.T.);
#1480=ORIENTED_EDGE('',*,*,#1135,.T.);
#1481=ORIENTED_EDGE('',*,*,#1091,.T.);
#1482=ORIENTED_EDGE('',*,*,#1137,.T.);
#1483=ORIENTED_EDGE('',*,*,#1120,.F.);
#1484=ORIENTED_EDGE('',*,*,#1138,.F.);
#1485=ORIENTED_EDGE('',*,*,#1139,.F.);
#1486=ORIENTED_EDGE('',*,*,#1140,.F.);
#1487=ORIENTED_EDGE('',*,*,#1141,.T.);
#1488=ORIENTED_EDGE('',*,*,#1142,.F.);
#1489=ORIENTED_EDGE('',*,*,#1141,.F.);
#1490=ORIENTED_EDGE('',*,*,#1143,.F.);
#1491=ORIENTED_EDGE('',*,*,#1144,.T.);
#1492=ORIENTED_EDGE('',*,*,#1145,.F.);
#1493=ORIENTED_EDGE('',*,*,#1144,.F.);
#1494=ORIENTED_EDGE('',*,*,#1146,.F.);
#1495=ORIENTED_EDGE('',*,*,#1147,.T.);
#1496=ORIENTED_EDGE('',*,*,#1148,.F.);
#1497=ORIENTED_EDGE('',*,*,#1147,.F.);
#1498=ORIENTED_EDGE('',*,*,#1149,.F.);
#1499=ORIENTED_EDGE('',*,*,#1139,.T.);
#1500=ORIENTED_EDGE('',*,*,#1150,.F.);
#1501=ORIENTED_EDGE('',*,*,#1151,.T.);
#1502=ORIENTED_EDGE('',*,*,#1152,.F.);
#1503=ORIENTED_EDGE('',*,*,#1151,.F.);
#1504=ORIENTED_EDGE('',*,*,#1153,.F.);
#1505=ORIENTED_EDGE('',*,*,#1154,.T.);
#1506=ORIENTED_EDGE('',*,*,#1155,.F.);
#1507=ORIENTED_EDGE('',*,*,#1154,.F.);
#1508=ORIENTED_EDGE('',*,*,#1156,.F.);
#1509=ORIENTED_EDGE('',*,*,#1157,.T.);
#1510=ORIENTED_EDGE('',*,*,#1158,.F.);
#1511=ORIENTED_EDGE('',*,*,#1159,.F.);
#1512=ORIENTED_EDGE('',*,*,#1160,.F.);
#1513=ORIENTED_EDGE('',*,*,#1161,.F.);
#1514=ORIENTED_EDGE('',*,*,#1162,.F.);
#1515=ORIENTED_EDGE('',*,*,#1163,.F.);
#1516=ORIENTED_EDGE('',*,*,#1164,.F.);
#1517=ORIENTED_EDGE('',*,*,#1165,.T.);
#1518=ORIENTED_EDGE('',*,*,#1165,.F.);
#1519=ORIENTED_EDGE('',*,*,#1166,.F.);
#1520=ORIENTED_EDGE('',*,*,#1157,.F.);
#1521=ORIENTED_EDGE('',*,*,#1167,.F.);
#1522=ORIENTED_EDGE('',*,*,#1168,.T.);
#1523=ORIENTED_EDGE('',*,*,#1169,.F.);
#1524=ORIENTED_EDGE('',*,*,#1170,.T.);
#1525=ORIENTED_EDGE('',*,*,#1171,.T.);
#1526=ORIENTED_EDGE('',*,*,#1172,.T.);
#1527=ORIENTED_EDGE('',*,*,#1173,.T.);
#1528=ORIENTED_EDGE('',*,*,#1098,.F.);
#1529=ORIENTED_EDGE('',*,*,#1174,.T.);
#1530=ORIENTED_EDGE('',*,*,#1175,.T.);
#1531=ORIENTED_EDGE('',*,*,#1176,.F.);
#1532=ORIENTED_EDGE('',*,*,#1177,.T.);
#1533=ORIENTED_EDGE('',*,*,#1178,.T.);
#1534=ORIENTED_EDGE('',*,*,#1179,.T.);
#1535=ORIENTED_EDGE('',*,*,#1180,.T.);
#1536=ORIENTED_EDGE('',*,*,#1181,.T.);
#1537=ORIENTED_EDGE('',*,*,#1182,.F.);
#1538=ORIENTED_EDGE('',*,*,#1183,.T.);
#1539=ORIENTED_EDGE('',*,*,#1184,.F.);
#1540=ORIENTED_EDGE('',*,*,#1185,.T.);
#1541=ORIENTED_EDGE('',*,*,#1186,.F.);
#1542=ORIENTED_EDGE('',*,*,#1182,.T.);
#1543=ORIENTED_EDGE('',*,*,#1187,.F.);
#1544=ORIENTED_EDGE('',*,*,#1156,.T.);
#1545=ORIENTED_EDGE('',*,*,#1188,.T.);
#1546=ORIENTED_EDGE('',*,*,#1189,.F.);
#1547=ORIENTED_EDGE('',*,*,#1167,.T.);
#1548=ORIENTED_EDGE('',*,*,#1185,.F.);
#1549=ORIENTED_EDGE('',*,*,#1190,.F.);
#1550=ORIENTED_EDGE('',*,*,#1191,.F.);
#1551=ORIENTED_EDGE('',*,*,#1192,.F.);
#1552=ORIENTED_EDGE('',*,*,#1193,.F.);
#1553=ORIENTED_EDGE('',*,*,#1194,.F.);
#1554=ORIENTED_EDGE('',*,*,#1195,.F.);
#1555=ORIENTED_EDGE('',*,*,#1196,.F.);
#1556=ORIENTED_EDGE('',*,*,#1197,.F.);
#1557=ORIENTED_EDGE('',*,*,#1198,.F.);
#1558=ORIENTED_EDGE('',*,*,#1188,.F.);
#1559=ORIENTED_EDGE('',*,*,#1160,.T.);
#1560=ORIENTED_EDGE('',*,*,#1199,.F.);
#1561=ORIENTED_EDGE('',*,*,#1162,.T.);
#1562=ORIENTED_EDGE('',*,*,#1200,.F.);
#1563=ORIENTED_EDGE('',*,*,#1201,.F.);
#1564=ORIENTED_EDGE('',*,*,#1163,.T.);
#1565=ORIENTED_EDGE('',*,*,#1199,.T.);
#1566=ORIENTED_EDGE('',*,*,#1159,.T.);
#1567=ORIENTED_EDGE('',*,*,#1202,.F.);
#1568=ORIENTED_EDGE('',*,*,#1203,.T.);
#1569=ORIENTED_EDGE('',*,*,#1204,.T.);
#1570=ORIENTED_EDGE('',*,*,#1205,.T.);
#1571=ORIENTED_EDGE('',*,*,#1206,.T.);
#1572=ORIENTED_EDGE('',*,*,#1207,.T.);
#1573=ORIENTED_EDGE('',*,*,#1208,.F.);
#1574=ORIENTED_EDGE('',*,*,#1209,.F.);
#1575=ORIENTED_EDGE('',*,*,#1210,.F.);
#1576=ORIENTED_EDGE('',*,*,#1211,.F.);
#1577=ORIENTED_EDGE('',*,*,#1212,.F.);
#1578=ORIENTED_EDGE('',*,*,#1213,.F.);
#1579=ORIENTED_EDGE('',*,*,#1214,.F.);
#1580=ORIENTED_EDGE('',*,*,#1215,.T.);
#1581=ORIENTED_EDGE('',*,*,#1216,.F.);
#1582=ORIENTED_EDGE('',*,*,#1217,.T.);
#1583=ORIENTED_EDGE('',*,*,#1218,.T.);
#1584=ORIENTED_EDGE('',*,*,#1219,.T.);
#1585=ORIENTED_EDGE('',*,*,#1220,.T.);
#1586=ORIENTED_EDGE('',*,*,#1221,.T.);
#1587=ORIENTED_EDGE('',*,*,#1222,.F.);
#1588=ORIENTED_EDGE('',*,*,#1223,.F.);
#1589=ORIENTED_EDGE('',*,*,#1224,.F.);
#1590=ORIENTED_EDGE('',*,*,#1145,.T.);
#1591=ORIENTED_EDGE('',*,*,#1148,.T.);
#1592=ORIENTED_EDGE('',*,*,#1138,.T.);
#1593=ORIENTED_EDGE('',*,*,#1142,.T.);
#1594=ORIENTED_EDGE('',*,*,#1152,.T.);
#1595=ORIENTED_EDGE('',*,*,#1155,.T.);
#1596=ORIENTED_EDGE('',*,*,#1158,.T.);
#1597=ORIENTED_EDGE('',*,*,#1225,.F.);
#1598=ORIENTED_EDGE('',*,*,#1226,.T.);
#1599=ORIENTED_EDGE('',*,*,#1202,.T.);
#1600=ORIENTED_EDGE('',*,*,#1108,.F.);
#1601=ORIENTED_EDGE('',*,*,#1107,.F.);
#1602=ORIENTED_EDGE('',*,*,#1227,.T.);
#1603=ORIENTED_EDGE('',*,*,#1101,.F.);
#1604=ORIENTED_EDGE('',*,*,#1100,.F.);
#1605=ORIENTED_EDGE('',*,*,#1099,.F.);
#1606=ORIENTED_EDGE('',*,*,#1228,.T.);
#1607=ORIENTED_EDGE('',*,*,#1229,.F.);
#1608=ORIENTED_EDGE('',*,*,#1230,.F.);
#1609=ORIENTED_EDGE('',*,*,#1231,.F.);
#1610=ORIENTED_EDGE('',*,*,#1146,.T.);
#1611=ORIENTED_EDGE('',*,*,#1143,.T.);
#1612=ORIENTED_EDGE('',*,*,#1140,.T.);
#1613=ORIENTED_EDGE('',*,*,#1149,.T.);
#1614=ORIENTED_EDGE('',*,*,#1150,.T.);
#1615=ORIENTED_EDGE('',*,*,#1153,.T.);
#1616=ORIENTED_EDGE('',*,*,#1228,.F.);
#1617=ORIENTED_EDGE('',*,*,#1173,.F.);
#1618=ORIENTED_EDGE('',*,*,#1232,.T.);
#1619=ORIENTED_EDGE('',*,*,#1169,.T.);
#1620=ORIENTED_EDGE('',*,*,#1225,.T.);
#1621=ORIENTED_EDGE('',*,*,#1166,.T.);
#1622=ORIENTED_EDGE('',*,*,#1233,.T.);
#1623=ORIENTED_EDGE('',*,*,#1234,.F.);
#1624=ORIENTED_EDGE('',*,*,#1235,.F.);
#1625=ORIENTED_EDGE('',*,*,#1236,.F.);
#1626=ORIENTED_EDGE('',*,*,#1237,.F.);
#1627=ORIENTED_EDGE('',*,*,#1238,.F.);
#1628=ORIENTED_EDGE('',*,*,#1239,.F.);
#1629=ORIENTED_EDGE('',*,*,#1240,.T.);
#1630=ORIENTED_EDGE('',*,*,#1241,.T.);
#1631=ORIENTED_EDGE('',*,*,#1242,.T.);
#1632=ORIENTED_EDGE('',*,*,#1236,.T.);
#1633=ORIENTED_EDGE('',*,*,#1243,.F.);
#1634=ORIENTED_EDGE('',*,*,#1179,.F.);
#1635=ORIENTED_EDGE('',*,*,#1244,.F.);
#1636=ORIENTED_EDGE('',*,*,#1176,.T.);
#1637=ORIENTED_EDGE('',*,*,#1239,.T.);
#1638=ORIENTED_EDGE('',*,*,#1235,.T.);
#1639=ORIENTED_EDGE('',*,*,#1245,.F.);
#1640=ORIENTED_EDGE('',*,*,#1183,.F.);
#1641=ORIENTED_EDGE('',*,*,#1246,.F.);
#1642=ORIENTED_EDGE('',*,*,#1247,.F.);
#1643=ORIENTED_EDGE('',*,*,#1201,.T.);
#1644=ORIENTED_EDGE('',*,*,#1248,.F.);
#1645=ORIENTED_EDGE('',*,*,#1249,.F.);
#1646=ORIENTED_EDGE('',*,*,#1250,.F.);
#1647=ORIENTED_EDGE('',*,*,#1192,.T.);
#1648=ORIENTED_EDGE('',*,*,#1251,.F.);
#1649=ORIENTED_EDGE('',*,*,#1205,.F.);
#1650=ORIENTED_EDGE('',*,*,#1204,.F.);
#1651=ORIENTED_EDGE('',*,*,#1197,.T.);
#1652=ORIENTED_EDGE('',*,*,#1206,.F.);
#1653=ORIENTED_EDGE('',*,*,#1193,.T.);
#1654=ORIENTED_EDGE('',*,*,#1252,.F.);
#1655=ORIENTED_EDGE('',*,*,#1178,.F.);
#1656=ORIENTED_EDGE('',*,*,#1253,.F.);
#1657=ORIENTED_EDGE('',*,*,#1191,.T.);
#1658=ORIENTED_EDGE('',*,*,#1254,.T.);
#1659=ORIENTED_EDGE('',*,*,#1180,.F.);
#1660=ORIENTED_EDGE('',*,*,#1255,.F.);
#1661=ORIENTED_EDGE('',*,*,#1190,.T.);
#1662=ORIENTED_EDGE('',*,*,#1187,.T.);
#1663=ORIENTED_EDGE('',*,*,#1181,.F.);
#1664=ORIENTED_EDGE('',*,*,#1254,.F.);
#1665=ORIENTED_EDGE('',*,*,#1256,.F.);
#1666=ORIENTED_EDGE('',*,*,#1257,.F.);
#1667=ORIENTED_EDGE('',*,*,#1258,.T.);
#1668=ORIENTED_EDGE('',*,*,#1259,.F.);
#1669=ORIENTED_EDGE('',*,*,#1219,.F.);
#1670=ORIENTED_EDGE('',*,*,#1218,.F.);
#1671=ORIENTED_EDGE('',*,*,#1260,.T.);
#1672=ORIENTED_EDGE('',*,*,#1220,.F.);
#1673=ORIENTED_EDGE('',*,*,#1261,.F.);
#1674=ORIENTED_EDGE('',*,*,#1262,.F.);
#1675=ORIENTED_EDGE('',*,*,#1263,.T.);
#1676=ORIENTED_EDGE('',*,*,#1264,.F.);
#1677=ORIENTED_EDGE('',*,*,#1265,.F.);
#1678=ORIENTED_EDGE('',*,*,#1258,.F.);
#1679=ORIENTED_EDGE('',*,*,#1266,.F.);
#1680=ORIENTED_EDGE('',*,*,#1267,.F.);
#1681=ORIENTED_EDGE('',*,*,#1260,.F.);
#1682=ORIENTED_EDGE('',*,*,#1268,.F.);
#1683=ORIENTED_EDGE('',*,*,#1269,.F.);
#1684=ORIENTED_EDGE('',*,*,#1270,.F.);
#1685=ORIENTED_EDGE('',*,*,#1271,.F.);
#1686=ORIENTED_EDGE('',*,*,#1263,.F.);
#1687=ORIENTED_EDGE('',*,*,#1272,.F.);
#1688=ORIENTED_EDGE('',*,*,#1273,.F.);
#1689=ORIENTED_EDGE('',*,*,#1268,.T.);
#1690=ORIENTED_EDGE('',*,*,#1217,.F.);
#1691=ORIENTED_EDGE('',*,*,#1274,.T.);
#1692=ORIENTED_EDGE('',*,*,#1275,.F.);
#1693=ORIENTED_EDGE('',*,*,#1267,.T.);
#1694=ORIENTED_EDGE('',*,*,#1276,.T.);
#1695=ORIENTED_EDGE('',*,*,#1277,.T.);
#1696=ORIENTED_EDGE('',*,*,#1221,.F.);
#1697=ORIENTED_EDGE('',*,*,#1266,.T.);
#1698=ORIENTED_EDGE('',*,*,#1278,.F.);
#1699=ORIENTED_EDGE('',*,*,#1279,.F.);
#1700=ORIENTED_EDGE('',*,*,#1276,.F.);
#1701=ORIENTED_EDGE('',*,*,#1265,.T.);
#1702=ORIENTED_EDGE('',*,*,#1280,.F.);
#1703=ORIENTED_EDGE('',*,*,#1281,.F.);
#1704=ORIENTED_EDGE('',*,*,#1282,.F.);
#1705=ORIENTED_EDGE('',*,*,#1161,.T.);
#1706=ORIENTED_EDGE('',*,*,#1184,.T.);
#1707=ORIENTED_EDGE('',*,*,#1283,.F.);
#1708=ORIENTED_EDGE('',*,*,#1200,.T.);
#1709=ORIENTED_EDGE('',*,*,#1198,.T.);
#1710=ORIENTED_EDGE('',*,*,#1203,.F.);
#1711=ORIENTED_EDGE('',*,*,#1226,.F.);
#1712=ORIENTED_EDGE('',*,*,#1168,.F.);
#1713=ORIENTED_EDGE('',*,*,#1189,.T.);
#1714=ORIENTED_EDGE('',*,*,#1196,.T.);
#1715=ORIENTED_EDGE('',*,*,#1284,.F.);
#1716=ORIENTED_EDGE('',*,*,#1170,.F.);
#1717=ORIENTED_EDGE('',*,*,#1285,.F.);
#1718=ORIENTED_EDGE('',*,*,#1207,.F.);
#1719=ORIENTED_EDGE('',*,*,#1208,.T.);
#1720=ORIENTED_EDGE('',*,*,#1285,.T.);
#1721=ORIENTED_EDGE('',*,*,#1232,.F.);
#1722=ORIENTED_EDGE('',*,*,#1286,.F.);
#1723=ORIENTED_EDGE('',*,*,#1287,.F.);
#1724=ORIENTED_EDGE('',*,*,#1210,.T.);
#1725=ORIENTED_EDGE('',*,*,#1209,.T.);
#1726=ORIENTED_EDGE('',*,*,#1195,.T.);
#1727=ORIENTED_EDGE('',*,*,#1288,.F.);
#1728=ORIENTED_EDGE('',*,*,#1171,.F.);
#1729=ORIENTED_EDGE('',*,*,#1284,.T.);
#1730=ORIENTED_EDGE('',*,*,#1164,.T.);
#1731=ORIENTED_EDGE('',*,*,#1224,.T.);
#1732=ORIENTED_EDGE('',*,*,#1289,.F.);
#1733=ORIENTED_EDGE('',*,*,#1233,.F.);
#1734=ORIENTED_EDGE('',*,*,#1290,.T.);
#1735=ORIENTED_EDGE('',*,*,#1291,.F.);
#1736=ORIENTED_EDGE('',*,*,#1292,.F.);
#1737=ORIENTED_EDGE('',*,*,#1112,.T.);
#1738=ORIENTED_EDGE('',*,*,#1293,.T.);
#1739=ORIENTED_EDGE('',*,*,#1110,.T.);
#1740=ORIENTED_EDGE('',*,*,#1294,.F.);
#1741=ORIENTED_EDGE('',*,*,#1295,.F.);
#1742=ORIENTED_EDGE('',*,*,#1293,.F.);
#1743=ORIENTED_EDGE('',*,*,#1296,.F.);
#1744=ORIENTED_EDGE('',*,*,#1290,.F.);
#1745=ORIENTED_EDGE('',*,*,#1111,.T.);
#1746=ORIENTED_EDGE('',*,*,#1125,.T.);
#1747=ORIENTED_EDGE('',*,*,#1297,.T.);
#1748=ORIENTED_EDGE('',*,*,#1298,.T.);
#1749=ORIENTED_EDGE('',*,*,#1299,.T.);
#1750=ORIENTED_EDGE('',*,*,#1300,.T.);
#1751=ORIENTED_EDGE('',*,*,#1301,.F.);
#1752=ORIENTED_EDGE('',*,*,#1302,.T.);
#1753=ORIENTED_EDGE('',*,*,#1303,.T.);
#1754=ORIENTED_EDGE('',*,*,#1274,.F.);
#1755=ORIENTED_EDGE('',*,*,#1304,.F.);
#1756=ORIENTED_EDGE('',*,*,#1277,.F.);
#1757=ORIENTED_EDGE('',*,*,#1279,.T.);
#1758=ORIENTED_EDGE('',*,*,#1305,.F.);
#1759=ORIENTED_EDGE('',*,*,#1281,.T.);
#1760=ORIENTED_EDGE('',*,*,#1306,.F.);
#1761=ORIENTED_EDGE('',*,*,#1307,.T.);
#1762=ORIENTED_EDGE('',*,*,#1308,.F.);
#1763=ORIENTED_EDGE('',*,*,#1309,.T.);
#1764=ORIENTED_EDGE('',*,*,#1310,.T.);
#1765=ORIENTED_EDGE('',*,*,#1311,.F.);
#1766=ORIENTED_EDGE('',*,*,#1312,.T.);
#1767=ORIENTED_EDGE('',*,*,#1313,.T.);
#1768=ORIENTED_EDGE('',*,*,#1314,.T.);
#1769=ORIENTED_EDGE('',*,*,#1237,.T.);
#1770=ORIENTED_EDGE('',*,*,#1242,.F.);
#1771=ORIENTED_EDGE('',*,*,#1311,.T.);
#1772=ORIENTED_EDGE('',*,*,#1315,.T.);
#1773=ORIENTED_EDGE('',*,*,#1308,.T.);
#1774=ORIENTED_EDGE('',*,*,#1316,.T.);
#1775=ORIENTED_EDGE('',*,*,#1305,.T.);
#1776=ORIENTED_EDGE('',*,*,#1317,.T.);
#1777=ORIENTED_EDGE('',*,*,#1273,.T.);
#1778=ORIENTED_EDGE('',*,*,#1318,.F.);
#1779=ORIENTED_EDGE('',*,*,#1306,.T.);
#1780=ORIENTED_EDGE('',*,*,#1280,.T.);
#1781=ORIENTED_EDGE('',*,*,#1271,.T.);
#1782=ORIENTED_EDGE('',*,*,#1319,.F.);
#1783=ORIENTED_EDGE('',*,*,#1309,.F.);
#1784=ORIENTED_EDGE('',*,*,#1320,.F.);
#1785=ORIENTED_EDGE('',*,*,#1272,.T.);
#1786=ORIENTED_EDGE('',*,*,#1321,.F.);
#1787=ORIENTED_EDGE('',*,*,#1307,.F.);
#1788=ORIENTED_EDGE('',*,*,#1318,.T.);
#1789=ORIENTED_EDGE('',*,*,#1322,.F.);
#1790=ORIENTED_EDGE('',*,*,#1230,.T.);
#1791=ORIENTED_EDGE('',*,*,#1323,.F.);
#1792=ORIENTED_EDGE('',*,*,#1222,.T.);
#1793=ORIENTED_EDGE('',*,*,#1304,.T.);
#1794=ORIENTED_EDGE('',*,*,#1216,.T.);
#1795=ORIENTED_EDGE('',*,*,#1301,.T.);
#1796=ORIENTED_EDGE('',*,*,#1269,.T.);
#1797=ORIENTED_EDGE('',*,*,#1275,.T.);
#1798=ORIENTED_EDGE('',*,*,#1303,.F.);
#1799=ORIENTED_EDGE('',*,*,#1324,.F.);
#1800=ORIENTED_EDGE('',*,*,#1325,.T.);
#1801=ORIENTED_EDGE('',*,*,#1326,.F.);
#1802=ORIENTED_EDGE('',*,*,#1294,.T.);
#1803=ORIENTED_EDGE('',*,*,#1109,.T.);
#1804=ORIENTED_EDGE('',*,*,#1327,.T.);
#1805=ORIENTED_EDGE('',*,*,#1300,.F.);
#1806=ORIENTED_EDGE('',*,*,#1328,.F.);
#1807=ORIENTED_EDGE('',*,*,#1325,.F.);
#1808=ORIENTED_EDGE('',*,*,#1329,.F.);
#1809=ORIENTED_EDGE('',*,*,#1330,.F.);
#1810=ORIENTED_EDGE('',*,*,#1328,.T.);
#1811=ORIENTED_EDGE('',*,*,#1299,.F.);
#1812=ORIENTED_EDGE('',*,*,#1331,.F.);
#1813=ORIENTED_EDGE('',*,*,#1332,.F.);
#1814=ORIENTED_EDGE('',*,*,#1333,.T.);
#1815=ORIENTED_EDGE('',*,*,#1297,.F.);
#1816=ORIENTED_EDGE('',*,*,#1124,.F.);
#1817=ORIENTED_EDGE('',*,*,#1334,.F.);
#1818=ORIENTED_EDGE('',*,*,#1126,.T.);
#1819=ORIENTED_EDGE('',*,*,#1314,.F.);
#1820=ORIENTED_EDGE('',*,*,#1335,.F.);
#1821=ORIENTED_EDGE('',*,*,#1253,.T.);
#1822=ORIENTED_EDGE('',*,*,#1177,.F.);
#1823=ORIENTED_EDGE('',*,*,#1336,.T.);
#1824=ORIENTED_EDGE('',*,*,#1310,.F.);
#1825=ORIENTED_EDGE('',*,*,#1319,.T.);
#1826=ORIENTED_EDGE('',*,*,#1270,.T.);
#1827=ORIENTED_EDGE('',*,*,#1324,.T.);
#1828=ORIENTED_EDGE('',*,*,#1302,.F.);
#1829=ORIENTED_EDGE('',*,*,#1215,.F.);
#1830=ORIENTED_EDGE('',*,*,#1337,.T.);
#1831=ORIENTED_EDGE('',*,*,#1338,.T.);
#1832=ORIENTED_EDGE('',*,*,#1104,.F.);
#1833=ORIENTED_EDGE('',*,*,#1339,.T.);
#1834=ORIENTED_EDGE('',*,*,#1340,.T.);
#1835=ORIENTED_EDGE('',*,*,#1286,.T.);
#1836=ORIENTED_EDGE('',*,*,#1172,.F.);
#1837=ORIENTED_EDGE('',*,*,#1288,.T.);
#1838=ORIENTED_EDGE('',*,*,#1194,.T.);
#1839=ORIENTED_EDGE('',*,*,#1327,.F.);
#1840=ORIENTED_EDGE('',*,*,#1231,.T.);
#1841=ORIENTED_EDGE('',*,*,#1322,.T.);
#1842=ORIENTED_EDGE('',*,*,#1329,.T.);
#1843=ORIENTED_EDGE('',*,*,#1223,.T.);
#1844=ORIENTED_EDGE('',*,*,#1323,.T.);
#1845=ORIENTED_EDGE('',*,*,#1229,.T.);
#1846=ORIENTED_EDGE('',*,*,#1234,.T.);
#1847=ORIENTED_EDGE('',*,*,#1289,.T.);
#1848=ORIENTED_EDGE('',*,*,#1341,.T.);
#1849=ORIENTED_EDGE('',*,*,#1212,.T.);
#1850=ORIENTED_EDGE('',*,*,#1342,.F.);
#1851=ORIENTED_EDGE('',*,*,#1227,.F.);
#1852=ORIENTED_EDGE('',*,*,#1343,.T.);
#1853=ORIENTED_EDGE('',*,*,#1344,.T.);
#1854=ORIENTED_EDGE('',*,*,#1345,.T.);
#1855=ORIENTED_EDGE('',*,*,#1346,.T.);
#1856=ORIENTED_EDGE('',*,*,#1347,.T.);
#1857=ORIENTED_EDGE('',*,*,#1335,.T.);
#1858=ORIENTED_EDGE('',*,*,#1313,.F.);
#1859=ORIENTED_EDGE('',*,*,#1240,.F.);
#1860=ORIENTED_EDGE('',*,*,#1348,.T.);
#1861=ORIENTED_EDGE('',*,*,#1343,.F.);
#1862=ORIENTED_EDGE('',*,*,#1312,.F.);
#1863=ORIENTED_EDGE('',*,*,#1241,.F.);
#1864=ORIENTED_EDGE('',*,*,#1214,.T.);
#1865=ORIENTED_EDGE('',*,*,#1213,.T.);
#1866=ORIENTED_EDGE('',*,*,#1349,.T.);
#1867=ORIENTED_EDGE('',*,*,#1350,.F.);
#1868=ORIENTED_EDGE('',*,*,#1337,.F.);
#1869=ORIENTED_EDGE('',*,*,#1330,.T.);
#1870=ORIENTED_EDGE('',*,*,#1351,.T.);
#1871=ORIENTED_EDGE('',*,*,#1352,.T.);
#1872=ORIENTED_EDGE('',*,*,#1326,.T.);
#1873=ORIENTED_EDGE('',*,*,#1348,.F.);
#1874=ORIENTED_EDGE('',*,*,#1175,.F.);
#1875=ORIENTED_EDGE('',*,*,#1353,.T.);
#1876=ORIENTED_EDGE('',*,*,#1344,.F.);
#1877=ORIENTED_EDGE('',*,*,#1340,.F.);
#1878=ORIENTED_EDGE('',*,*,#1354,.F.);
#1879=ORIENTED_EDGE('',*,*,#1355,.F.);
#1880=ORIENTED_EDGE('',*,*,#1211,.T.);
#1881=ORIENTED_EDGE('',*,*,#1287,.T.);
#1882=ORIENTED_EDGE('',*,*,#1082,.F.);
#1883=ORIENTED_EDGE('',*,*,#1356,.F.);
#1884=ORIENTED_EDGE('',*,*,#1096,.F.);
#1885=ORIENTED_EDGE('',*,*,#1357,.F.);
#1886=ORIENTED_EDGE('',*,*,#1062,.T.);
#1887=ORIENTED_EDGE('',*,*,#1358,.T.);
#1888=ORIENTED_EDGE('',*,*,#1065,.F.);
#1889=ORIENTED_EDGE('',*,*,#1086,.T.);
#1890=ORIENTED_EDGE('',*,*,#1097,.F.);
#1891=ORIENTED_EDGE('',*,*,#1356,.T.);
#1892=ORIENTED_EDGE('',*,*,#1081,.T.);
#1893=ORIENTED_EDGE('',*,*,#1075,.T.);
#1894=ORIENTED_EDGE('',*,*,#1359,.T.);
#1895=ORIENTED_EDGE('',*,*,#1174,.F.);
#1896=ORIENTED_EDGE('',*,*,#1339,.F.);
#1897=ORIENTED_EDGE('',*,*,#1103,.F.);
#1898=ORIENTED_EDGE('',*,*,#1360,.F.);
#1899=ORIENTED_EDGE('',*,*,#1354,.T.);
#1900=ORIENTED_EDGE('',*,*,#1338,.F.);
#1901=ORIENTED_EDGE('',*,*,#1350,.T.);
#1902=ORIENTED_EDGE('',*,*,#1361,.T.);
#1903=ORIENTED_EDGE('',*,*,#1105,.F.);
#1904=ORIENTED_EDGE('',*,*,#1093,.F.);
#1905=ORIENTED_EDGE('',*,*,#1088,.T.);
#1906=ORIENTED_EDGE('',*,*,#1362,.T.);
#1907=ORIENTED_EDGE('',*,*,#1122,.F.);
#1908=ORIENTED_EDGE('',*,*,#1095,.F.);
#1909=ORIENTED_EDGE('',*,*,#1121,.F.);
#1910=ORIENTED_EDGE('',*,*,#1137,.F.);
#1911=ORIENTED_EDGE('',*,*,#1090,.T.);
#1912=ORIENTED_EDGE('',*,*,#1087,.F.);
#1913=ORIENTED_EDGE('',*,*,#1136,.F.);
#1914=ORIENTED_EDGE('',*,*,#1123,.F.);
#1915=ORIENTED_EDGE('',*,*,#1362,.F.);
#1916=ORIENTED_EDGE('',*,*,#1342,.T.);
#1917=ORIENTED_EDGE('',*,*,#1355,.T.);
#1918=ORIENTED_EDGE('',*,*,#1360,.T.);
#1919=ORIENTED_EDGE('',*,*,#1102,.F.);
#1920=ORIENTED_EDGE('',*,*,#1361,.F.);
#1921=ORIENTED_EDGE('',*,*,#1349,.F.);
#1922=ORIENTED_EDGE('',*,*,#1341,.F.);
#1923=ORIENTED_EDGE('',*,*,#1106,.F.);
#1924=ORIENTED_EDGE('',*,*,#1118,.F.);
#1925=ORIENTED_EDGE('',*,*,#1133,.F.);
#1926=ORIENTED_EDGE('',*,*,#1083,.F.);
#1927=ORIENTED_EDGE('',*,*,#1357,.T.);
#1928=ORIENTED_EDGE('',*,*,#1079,.T.);
#1929=ORIENTED_EDGE('',*,*,#1132,.T.);
#1930=ORIENTED_EDGE('',*,*,#1115,.T.);
#1931=ORIENTED_EDGE('',*,*,#1363,.T.);
#1932=ORIENTED_EDGE('',*,*,#1073,.F.);
#1933=ORIENTED_EDGE('',*,*,#1074,.T.);
#1934=ORIENTED_EDGE('',*,*,#1080,.T.);
#1935=ORIENTED_EDGE('',*,*,#1363,.F.);
#1936=ORIENTED_EDGE('',*,*,#1114,.F.);
#1937=ORIENTED_EDGE('',*,*,#1364,.T.);
#1938=ORIENTED_EDGE('',*,*,#1365,.F.);
#1939=ORIENTED_EDGE('',*,*,#1134,.F.);
#1940=ORIENTED_EDGE('',*,*,#1334,.T.);
#1941=ORIENTED_EDGE('',*,*,#1347,.F.);
#1942=ORIENTED_EDGE('',*,*,#1366,.F.);
#1943=ORIENTED_EDGE('',*,*,#1358,.F.);
#1944=ORIENTED_EDGE('',*,*,#1366,.T.);
#1945=ORIENTED_EDGE('',*,*,#1346,.F.);
#1946=ORIENTED_EDGE('',*,*,#1367,.F.);
#1947=ORIENTED_EDGE('',*,*,#1078,.F.);
#1948=ORIENTED_EDGE('',*,*,#1127,.F.);
#1949=ORIENTED_EDGE('',*,*,#1367,.T.);
#1950=ORIENTED_EDGE('',*,*,#1345,.F.);
#1951=ORIENTED_EDGE('',*,*,#1353,.F.);
#1952=ORIENTED_EDGE('',*,*,#1359,.F.);
#1953=ORIENTED_EDGE('',*,*,#1368,.F.);
#1954=ORIENTED_EDGE('',*,*,#1369,.F.);
#1955=ORIENTED_EDGE('',*,*,#1370,.F.);
#1956=ORIENTED_EDGE('',*,*,#1371,.F.);
#1957=ORIENTED_EDGE('',*,*,#1372,.F.);
#1958=ORIENTED_EDGE('',*,*,#1373,.F.);
#1959=ORIENTED_EDGE('',*,*,#1351,.F.);
#1960=ORIENTED_EDGE('',*,*,#1331,.T.);
#1961=ORIENTED_EDGE('',*,*,#1298,.F.);
#1962=ORIENTED_EDGE('',*,*,#1333,.F.);
#1963=ORIENTED_EDGE('',*,*,#1352,.F.);
#1964=ORIENTED_EDGE('',*,*,#1373,.T.);
#1965=ORIENTED_EDGE('',*,*,#1374,.T.);
#1966=ORIENTED_EDGE('',*,*,#1295,.T.);
#1967=ORIENTED_EDGE('',*,*,#1332,.T.);
#1968=ORIENTED_EDGE('',*,*,#1130,.T.);
#1969=ORIENTED_EDGE('',*,*,#1375,.T.);
#1970=ORIENTED_EDGE('',*,*,#1368,.T.);
#1971=ORIENTED_EDGE('',*,*,#1375,.F.);
#1972=ORIENTED_EDGE('',*,*,#1129,.T.);
#1973=ORIENTED_EDGE('',*,*,#1365,.T.);
#1974=ORIENTED_EDGE('',*,*,#1376,.T.);
#1975=ORIENTED_EDGE('',*,*,#1369,.T.);
#1976=ORIENTED_EDGE('',*,*,#1376,.F.);
#1977=ORIENTED_EDGE('',*,*,#1377,.T.);
#1978=ORIENTED_EDGE('',*,*,#1378,.T.);
#1979=ORIENTED_EDGE('',*,*,#1370,.T.);
#1980=ORIENTED_EDGE('',*,*,#1364,.F.);
#1981=ORIENTED_EDGE('',*,*,#1113,.T.);
#1982=ORIENTED_EDGE('',*,*,#1292,.T.);
#1983=ORIENTED_EDGE('',*,*,#1377,.F.);
#1984=ORIENTED_EDGE('',*,*,#1374,.F.);
#1985=ORIENTED_EDGE('',*,*,#1372,.T.);
#1986=ORIENTED_EDGE('',*,*,#1379,.F.);
#1987=ORIENTED_EDGE('',*,*,#1296,.T.);
#1988=ORIENTED_EDGE('',*,*,#1378,.F.);
#1989=ORIENTED_EDGE('',*,*,#1291,.T.);
#1990=ORIENTED_EDGE('',*,*,#1379,.T.);
#1991=ORIENTED_EDGE('',*,*,#1371,.T.);
#1992=ORIENTED_EDGE('',*,*,#1243,.T.);
#1993=ORIENTED_EDGE('',*,*,#1186,.T.);
#1994=ORIENTED_EDGE('',*,*,#1247,.T.);
#1995=ORIENTED_EDGE('',*,*,#1246,.T.);
#1996=ORIENTED_EDGE('',*,*,#1248,.T.);
#1997=ORIENTED_EDGE('',*,*,#1283,.T.);
#1998=ORIENTED_EDGE('',*,*,#1245,.T.);
#1999=ORIENTED_EDGE('',*,*,#1238,.T.);
#2000=ORIENTED_EDGE('',*,*,#1317,.F.);
#2001=ORIENTED_EDGE('',*,*,#1278,.T.);
#2002=ORIENTED_EDGE('',*,*,#1257,.T.);
#2003=ORIENTED_EDGE('',*,*,#1256,.T.);
#2004=ORIENTED_EDGE('',*,*,#1259,.T.);
#2005=ORIENTED_EDGE('',*,*,#1282,.T.);
#2006=ORIENTED_EDGE('',*,*,#1316,.F.);
#2007=ORIENTED_EDGE('',*,*,#1321,.T.);
#2008=ORIENTED_EDGE('',*,*,#1262,.T.);
#2009=ORIENTED_EDGE('',*,*,#1261,.T.);
#2010=ORIENTED_EDGE('',*,*,#1264,.T.);
#2011=ORIENTED_EDGE('',*,*,#1320,.T.);
#2012=ORIENTED_EDGE('',*,*,#1315,.F.);
#2013=ORIENTED_EDGE('',*,*,#1336,.F.);
#2014=ORIENTED_EDGE('',*,*,#1244,.T.);
#2015=ORIENTED_EDGE('',*,*,#1252,.T.);
#2016=ORIENTED_EDGE('',*,*,#1250,.T.);
#2017=ORIENTED_EDGE('',*,*,#1249,.T.);
#2018=ORIENTED_EDGE('',*,*,#1251,.T.);
#2019=ORIENTED_EDGE('',*,*,#1255,.T.);
#2020=PLANE('',#2215);
#2021=PLANE('',#2216);
#2022=PLANE('',#2217);
#2023=PLANE('',#2218);
#2024=PLANE('',#2219);
#2025=PLANE('',#2220);
#2026=PLANE('',#2221);
#2027=PLANE('',#2227);
#2028=PLANE('',#2228);
#2029=PLANE('',#2238);
#2030=PLANE('',#2240);
#2031=PLANE('',#2241);
#2032=PLANE('',#2242);
#2033=PLANE('',#2243);
#2034=PLANE('',#2244);
#2035=PLANE('',#2245);
#2036=PLANE('',#2246);
#2037=PLANE('',#2247);
#2038=PLANE('',#2248);
#2039=PLANE('',#2255);
#2040=PLANE('',#2256);
#2041=PLANE('',#2257);
#2042=PLANE('',#2258);
#2043=PLANE('',#2259);
#2044=PLANE('',#2260);
#2045=PLANE('',#2261);
#2046=PLANE('',#2262);
#2047=PLANE('',#2263);
#2048=PLANE('',#2264);
#2049=PLANE('',#2265);
#2050=PLANE('',#2266);
#2051=PLANE('',#2267);
#2052=PLANE('',#2268);
#2053=PLANE('',#2269);
#2054=PLANE('',#2270);
#2055=PLANE('',#2271);
#2056=PLANE('',#2272);
#2057=PLANE('',#2273);
#2058=PLANE('',#2274);
#2059=PLANE('',#2275);
#2060=PLANE('',#2276);
#2061=PLANE('',#2277);
#2062=PLANE('',#2278);
#2063=PLANE('',#2279);
#2064=PLANE('',#2280);
#2065=PLANE('',#2281);
#2066=PLANE('',#2282);
#2067=PLANE('',#2283);
#2068=PLANE('',#2284);
#2069=PLANE('',#2285);
#2070=PLANE('',#2286);
#2071=PLANE('',#2287);
#2072=PLANE('',#2288);
#2073=PLANE('',#2289);
#2074=PLANE('',#2292);
#2075=PLANE('',#2294);
#2076=PLANE('',#2295);
#2077=PLANE('',#2296);
#2078=PLANE('',#2297);
#2079=PLANE('',#2298);
#2080=PLANE('',#2299);
#2081=PLANE('',#2302);
#2082=PLANE('',#2303);
#2083=PLANE('',#2304);
#2084=PLANE('',#2305);
#2085=PLANE('',#2306);
#2086=PLANE('',#2307);
#2087=PLANE('',#2312);
#2088=PLANE('',#2319);
#2089=PLANE('',#2321);
#2090=PLANE('',#2330);
#2091=PLANE('',#2331);
#2092=PLANE('',#2332);
#2093=PLANE('',#2333);
#2094=PLANE('',#2335);
#2095=PLANE('',#2339);
#2096=PLANE('',#2356);
#2097=ADVANCED_FACE('',(#100),#2020,.F.);
#2098=ADVANCED_FACE('',(#101),#2021,.F.);
#2099=ADVANCED_FACE('',(#102),#2022,.T.);
#2100=ADVANCED_FACE('',(#103),#2023,.T.);
#2101=ADVANCED_FACE('',(#104),#2024,.T.);
#2102=ADVANCED_FACE('',(#105),#2025,.T.);
#2103=ADVANCED_FACE('',(#106,#53,#54),#2026,.T.);
#2104=ADVANCED_FACE('',(#107),#2027,.T.);
#2105=ADVANCED_FACE('',(#108,#55),#2028,.F.);
#2106=ADVANCED_FACE('',(#109),#2029,.F.);
#2107=ADVANCED_FACE('',(#110),#2030,.T.);
#2108=ADVANCED_FACE('',(#111),#2031,.T.);
#2109=ADVANCED_FACE('',(#112),#2032,.T.);
#2110=ADVANCED_FACE('',(#113),#2033,.T.);
#2111=ADVANCED_FACE('',(#114),#2034,.T.);
#2112=ADVANCED_FACE('',(#115),#2035,.F.);
#2113=ADVANCED_FACE('',(#116),#2036,.F.);
#2114=ADVANCED_FACE('',(#117),#2037,.F.);
#2115=ADVANCED_FACE('',(#118),#2038,.F.);
#2116=ADVANCED_FACE('',(#119),#35,.F.);
#2117=ADVANCED_FACE('',(#120),#36,.F.);
#2118=ADVANCED_FACE('',(#121),#2039,.T.);
#2119=ADVANCED_FACE('',(#122),#2040,.T.);
#2120=ADVANCED_FACE('',(#123),#2041,.T.);
#2121=ADVANCED_FACE('',(#124),#2042,.T.);
#2122=ADVANCED_FACE('',(#125),#2043,.T.);
#2123=ADVANCED_FACE('',(#126),#2044,.F.);
#2124=ADVANCED_FACE('',(#127,#56,#57,#58),#2045,.T.);
#2125=ADVANCED_FACE('',(#128),#2046,.T.);
#2126=ADVANCED_FACE('',(#129,#59,#60,#61),#2047,.T.);
#2127=ADVANCED_FACE('',(#130),#2048,.T.);
#2128=ADVANCED_FACE('',(#131),#2049,.F.);
#2129=ADVANCED_FACE('',(#132),#2050,.T.);
#2130=ADVANCED_FACE('',(#133),#2051,.T.);
#2131=ADVANCED_FACE('',(#134),#2052,.F.);
#2132=ADVANCED_FACE('',(#135),#2053,.F.);
#2133=ADVANCED_FACE('',(#136),#2054,.F.);
#2134=ADVANCED_FACE('',(#137),#2055,.T.);
#2135=ADVANCED_FACE('',(#138),#2056,.T.);
#2136=ADVANCED_FACE('',(#139),#2057,.T.);
#2137=ADVANCED_FACE('',(#140),#2058,.F.);
#2138=ADVANCED_FACE('',(#141),#2059,.F.);
#2139=ADVANCED_FACE('',(#142),#2060,.F.);
#2140=ADVANCED_FACE('',(#143),#2061,.F.);
#2141=ADVANCED_FACE('',(#144),#2062,.T.);
#2142=ADVANCED_FACE('',(#145),#2063,.T.);
#2143=ADVANCED_FACE('',(#146),#2064,.T.);
#2144=ADVANCED_FACE('',(#147),#2065,.T.);
#2145=ADVANCED_FACE('',(#148),#2066,.T.);
#2146=ADVANCED_FACE('',(#149),#2067,.T.);
#2147=ADVANCED_FACE('',(#150),#2068,.T.);
#2148=ADVANCED_FACE('',(#151),#2069,.T.);
#2149=ADVANCED_FACE('',(#152),#2070,.T.);
#2150=ADVANCED_FACE('',(#153),#2071,.T.);
#2151=ADVANCED_FACE('',(#154),#2072,.T.);
#2152=ADVANCED_FACE('',(#155),#2073,.T.);
#2153=ADVANCED_FACE('',(#156),#37,.F.);
#2154=ADVANCED_FACE('',(#157),#2074,.T.);
#2155=ADVANCED_FACE('',(#158),#2075,.T.);
#2156=ADVANCED_FACE('',(#159),#2076,.T.);
#2157=ADVANCED_FACE('',(#160),#2077,.T.);
#2158=ADVANCED_FACE('',(#161),#2078,.T.);
#2159=ADVANCED_FACE('',(#162),#2079,.T.);
#2160=ADVANCED_FACE('',(#163),#2080,.T.);
#2161=ADVANCED_FACE('',(#164),#38,.F.);
#2162=ADVANCED_FACE('',(#165),#2081,.T.);
#2163=ADVANCED_FACE('',(#166),#21,.T.);
#2164=ADVANCED_FACE('',(#167),#22,.T.);
#2165=ADVANCED_FACE('',(#168),#23,.T.);
#2166=ADVANCED_FACE('',(#169),#2082,.F.);
#2167=ADVANCED_FACE('',(#170),#2083,.T.);
#2168=ADVANCED_FACE('',(#171),#2084,.T.);
#2169=ADVANCED_FACE('',(#172),#2085,.F.);
#2170=ADVANCED_FACE('',(#173),#2086,.T.);
#2171=ADVANCED_FACE('',(#174),#39,.T.);
#2172=ADVANCED_FACE('',(#175),#2087,.T.);
#2173=ADVANCED_FACE('',(#176),#17,.F.);
#2174=ADVANCED_FACE('',(#177),#40,.T.);
#2175=ADVANCED_FACE('',(#178),#2088,.T.);
#2176=ADVANCED_FACE('',(#179),#2089,.T.);
#2177=ADVANCED_FACE('',(#180),#41,.T.);
#2178=ADVANCED_FACE('',(#181),#42,.T.);
#2179=ADVANCED_FACE('',(#182),#43,.F.);
#2180=ADVANCED_FACE('',(#183),#44,.F.);
#2181=ADVANCED_FACE('',(#184),#45,.F.);
#2182=ADVANCED_FACE('',(#185),#46,.F.);
#2183=ADVANCED_FACE('',(#186),#2090,.T.);
#2184=ADVANCED_FACE('',(#187),#2091,.T.);
#2185=ADVANCED_FACE('',(#188),#2092,.T.);
#2186=ADVANCED_FACE('',(#189),#2093,.T.);
#2187=ADVANCED_FACE('',(#190),#47,.F.);
#2188=ADVANCED_FACE('',(#191),#2094,.T.);
#2189=ADVANCED_FACE('',(#192),#15,.F.);
#2190=ADVANCED_FACE('',(#193),#48,.T.);
#2191=ADVANCED_FACE('',(#194),#16,.F.);
#2192=ADVANCED_FACE('',(#195),#2095,.F.);
#2193=ADVANCED_FACE('',(#196),#49,.F.);
#2194=ADVANCED_FACE('',(#197),#18,.F.);
#2195=ADVANCED_FACE('',(#198),#50,.F.);
#2196=ADVANCED_FACE('',(#199),#19,.F.);
#2197=ADVANCED_FACE('',(#200),#51,.F.);
#2198=ADVANCED_FACE('',(#201),#20,.F.);
#2199=ADVANCED_FACE('',(#202),#52,.F.);
#2200=ADVANCED_FACE('',(#203),#2096,.T.);
#2201=CLOSED_SHELL('',(#2097,#2098,#2099,#2100,#2101,#2102,#2103,#2104,
#2105,#2106,#2107,#2108,#2109,#2110,#2111,#2112,#2113,#2114,#2115,#2116,
#2117,#2118,#2119,#2120,#2121,#2122,#2123,#2124,#2125,#2126,#2127,#2128,
#2129,#2130,#2131,#2132,#2133,#2134,#2135,#2136,#2137,#2138,#2139,#2140,
#2141,#2142,#2143,#2144,#2145,#2146,#2147,#2148,#2149,#2150,#2151,#2152,
#2153,#2154,#2155,#2156,#2157,#2158,#2159,#2160,#2161,#2162,#2163,#2164,
#2165,#2166,#2167,#2168,#2169,#2170,#2171,#2172,#2173,#2174,#2175,#2176,
#2177,#2178,#2179,#2180,#2181,#2182,#2183,#2184,#2185,#2186,#2187,#2188,
#2189,#2190,#2191,#2192,#2193,#2194,#2195,#2196,#2197,#2198,#2199,#2200));
#2202=DERIVED_UNIT_ELEMENT(#2204,1.);
#2203=DERIVED_UNIT_ELEMENT(#3690,-3.);
#2204=(
MASS_UNIT()
NAMED_UNIT(*)
SI_UNIT(.KILO.,.GRAM.)
);
#2205=DERIVED_UNIT((#2202,#2203));
#2206=MEASURE_REPRESENTATION_ITEM('density measure',
POSITIVE_RATIO_MEASURE(7850.),#2205);
#2207=PROPERTY_DEFINITION_REPRESENTATION(#2212,#2209);
#2208=PROPERTY_DEFINITION_REPRESENTATION(#2213,#2210);
#2209=REPRESENTATION('material name',(#2211),#3687);
#2210=REPRESENTATION('density',(#2206),#3687);
#2211=DESCRIPTIVE_REPRESENTATION_ITEM('Steel','Steel');
#2212=PROPERTY_DEFINITION('material property','material name',#3697);
#2213=PROPERTY_DEFINITION('material property','density of part',#3697);
#2214=AXIS2_PLACEMENT_3D('',#2914,#2357,#2358);
#2215=AXIS2_PLACEMENT_3D('',#2915,#2359,#2360);
#2216=AXIS2_PLACEMENT_3D('',#2924,#2365,#2366);
#2217=AXIS2_PLACEMENT_3D('',#2930,#2370,#2371);
#2218=AXIS2_PLACEMENT_3D('',#2939,#2376,#2377);
#2219=AXIS2_PLACEMENT_3D('',#2943,#2380,#2381);
#2220=AXIS2_PLACEMENT_3D('',#2947,#2384,#2385);
#2221=AXIS2_PLACEMENT_3D('',#2955,#2390,#2391);
#2222=AXIS2_PLACEMENT_3D('',#2958,#2392,#2393);
#2223=AXIS2_PLACEMENT_3D('',#2961,#2395,#2396);
#2224=AXIS2_PLACEMENT_3D('',#2969,#2401,#2402);
#2225=AXIS2_PLACEMENT_3D('',#2974,#2404,#2405);
#2226=AXIS2_PLACEMENT_3D('',#2978,#2407,#2408);
#2227=AXIS2_PLACEMENT_3D('',#2982,#2411,#2412);
#2228=AXIS2_PLACEMENT_3D('',#2988,#2416,#2417);
#2229=AXIS2_PLACEMENT_3D('',#2993,#2419,#2420);
#2230=AXIS2_PLACEMENT_3D('',#3005,#2426,#2427);
#2231=AXIS2_PLACEMENT_3D('',#3009,#2429,#2430);
#2232=AXIS2_PLACEMENT_3D('',#3017,#2434,#2435);
#2233=AXIS2_PLACEMENT_3D('',#3021,#2437,#2438);
#2234=AXIS2_PLACEMENT_3D('',#3025,#2440,#2441);
#2235=AXIS2_PLACEMENT_3D('',#3029,#2443,#2444);
#2236=AXIS2_PLACEMENT_3D('',#3040,#2450,#2451);
#2237=AXIS2_PLACEMENT_3D('',#3042,#2452,#2453);
#2238=AXIS2_PLACEMENT_3D('',#3044,#2455,#2456);
#2239=AXIS2_PLACEMENT_3D('',#3056,#2463,#2464);
#2240=AXIS2_PLACEMENT_3D('',#3057,#2465,#2466);
#2241=AXIS2_PLACEMENT_3D('',#3060,#2469,#2470);
#2242=AXIS2_PLACEMENT_3D('',#3062,#2472,#2473);
#2243=AXIS2_PLACEMENT_3D('',#3064,#2475,#2476);
#2244=AXIS2_PLACEMENT_3D('',#3067,#2479,#2480);
#2245=AXIS2_PLACEMENT_3D('',#3069,#2482,#2483);
#2246=AXIS2_PLACEMENT_3D('',#3078,#2488,#2489);
#2247=AXIS2_PLACEMENT_3D('',#3084,#2493,#2494);
#2248=AXIS2_PLACEMENT_3D('',#3090,#2498,#2499);
#2249=AXIS2_PLACEMENT_3D('',#3093,#2502,#2503);
#2250=AXIS2_PLACEMENT_3D('',#3095,#2504,#2505);
#2251=AXIS2_PLACEMENT_3D('',#3098,#2507,#2508);
#2252=AXIS2_PLACEMENT_3D('',#3099,#2509,#2510);
#2253=AXIS2_PLACEMENT_3D('',#3101,#2511,#2512);
#2254=AXIS2_PLACEMENT_3D('',#3104,#2514,#2515);
#2255=AXIS2_PLACEMENT_3D('',#3105,#2516,#2517);
#2256=AXIS2_PLACEMENT_3D('',#3116,#2523,#2524);
#2257=AXIS2_PLACEMENT_3D('',#3127,#2530,#2531);
#2258=AXIS2_PLACEMENT_3D('',#3163,#2551,#2552);
#2259=AXIS2_PLACEMENT_3D('',#3169,#2556,#2557);
#2260=AXIS2_PLACEMENT_3D('',#3173,#2560,#2561);
#2261=AXIS2_PLACEMENT_3D('',#3195,#2574,#2575);
#2262=AXIS2_PLACEMENT_3D('',#3239,#2599,#2600);
#2263=AXIS2_PLACEMENT_3D('',#3242,#2603,#2604);
#2264=AXIS2_PLACEMENT_3D('',#3251,#2610,#2611);
#2265=AXIS2_PLACEMENT_3D('',#3256,#2615,#2616);
#2266=AXIS2_PLACEMENT_3D('',#3265,#2621,#2622);
#2267=AXIS2_PLACEMENT_3D('',#3272,#2627,#2628);
#2268=AXIS2_PLACEMENT_3D('',#3276,#2632,#2633);
#2269=AXIS2_PLACEMENT_3D('',#3282,#2637,#2638);
#2270=AXIS2_PLACEMENT_3D('',#3288,#2642,#2643);
#2271=AXIS2_PLACEMENT_3D('',#3289,#2644,#2645);
#2272=AXIS2_PLACEMENT_3D('',#3292,#2648,#2649);
#2273=AXIS2_PLACEMENT_3D('',#3295,#2652,#2653);
#2274=AXIS2_PLACEMENT_3D('',#3296,#2654,#2655);
#2275=AXIS2_PLACEMENT_3D('',#3305,#2660,#2661);
#2276=AXIS2_PLACEMENT_3D('',#3307,#2663,#2664);
#2277=AXIS2_PLACEMENT_3D('',#3316,#2669,#2670);
#2278=AXIS2_PLACEMENT_3D('',#3332,#2680,#2681);
#2279=AXIS2_PLACEMENT_3D('',#3336,#2684,#2685);
#2280=AXIS2_PLACEMENT_3D('',#3340,#2688,#2689);
#2281=AXIS2_PLACEMENT_3D('',#3344,#2692,#2693);
#2282=AXIS2_PLACEMENT_3D('',#3350,#2697,#2698);
#2283=AXIS2_PLACEMENT_3D('',#3352,#2700,#2701);
#2284=AXIS2_PLACEMENT_3D('',#3353,#2702,#2703);
#2285=AXIS2_PLACEMENT_3D('',#3356,#2706,#2707);
#2286=AXIS2_PLACEMENT_3D('',#3360,#2710,#2711);
#2287=AXIS2_PLACEMENT_3D('',#3362,#2713,#2714);
#2288=AXIS2_PLACEMENT_3D('',#3364,#2716,#2717);
#2289=AXIS2_PLACEMENT_3D('',#3370,#2721,#2722);
#2290=AXIS2_PLACEMENT_3D('',#3376,#2726,#2727);
#2291=AXIS2_PLACEMENT_3D('',#3377,#2728,#2729);
#2292=AXIS2_PLACEMENT_3D('',#3378,#2730,#2731);
#2293=AXIS2_PLACEMENT_3D('',#3429,#2745,#2746);
#2294=AXIS2_PLACEMENT_3D('',#3445,#2748,#2749);
#2295=AXIS2_PLACEMENT_3D('',#3449,#2753,#2754);
#2296=AXIS2_PLACEMENT_3D('',#3451,#2756,#2757);
#2297=AXIS2_PLACEMENT_3D('',#3454,#2760,#2761);
#2298=AXIS2_PLACEMENT_3D('',#3456,#2763,#2764);
#2299=AXIS2_PLACEMENT_3D('',#3459,#2767,#2768);
#2300=AXIS2_PLACEMENT_3D('',#3461,#2770,#2771);
#2301=AXIS2_PLACEMENT_3D('',#3465,#2773,#2774);
#2302=AXIS2_PLACEMENT_3D('',#3467,#2776,#2777);
#2303=AXIS2_PLACEMENT_3D('',#3575,#2783,#2784);
#2304=AXIS2_PLACEMENT_3D('',#3583,#2790,#2791);
#2305=AXIS2_PLACEMENT_3D('',#3584,#2792,#2793);
#2306=AXIS2_PLACEMENT_3D('',#3585,#2794,#2795);
#2307=AXIS2_PLACEMENT_3D('',#3588,#2798,#2799);
#2308=AXIS2_PLACEMENT_3D('',#3594,#2802,#2803);
#2309=AXIS2_PLACEMENT_3D('',#3597,#2805,#2806);
#2310=AXIS2_PLACEMENT_3D('',#3598,#2807,#2808);
#2311=AXIS2_PLACEMENT_3D('',#3599,#2809,#2810);
#2312=AXIS2_PLACEMENT_3D('',#3600,#2811,#2812);
#2313=AXIS2_PLACEMENT_3D('',#3603,#2814,#2815);
#2314=AXIS2_PLACEMENT_3D('',#3604,#2816,#2817);
#2315=AXIS2_PLACEMENT_3D('',#3606,#2818,#2819);
#2316=AXIS2_PLACEMENT_3D('',#3607,#2820,#2821);
#2317=AXIS2_PLACEMENT_3D('',#3608,#2822,#2823);
#2318=AXIS2_PLACEMENT_3D('',#3609,#2824,#2825);
#2319=AXIS2_PLACEMENT_3D('',#3610,#2826,#2827);
#2320=AXIS2_PLACEMENT_3D('',#3612,#2828,#2829);
#2321=AXIS2_PLACEMENT_3D('',#3614,#2831,#2832);
#2322=AXIS2_PLACEMENT_3D('',#3617,#2835,#2836);
#2323=AXIS2_PLACEMENT_3D('',#3618,#2837,#2838);
#2324=AXIS2_PLACEMENT_3D('',#3619,#2839,#2840);
#2325=AXIS2_PLACEMENT_3D('',#3620,#2841,#2842);
#2326=AXIS2_PLACEMENT_3D('',#3621,#2843,#2844);
#2327=AXIS2_PLACEMENT_3D('',#3623,#2846,#2847);
#2328=AXIS2_PLACEMENT_3D('',#3625,#2849,#2850);
#2329=AXIS2_PLACEMENT_3D('',#3627,#2852,#2853);
#2330=AXIS2_PLACEMENT_3D('',#3628,#2854,#2855);
#2331=AXIS2_PLACEMENT_3D('',#3629,#2856,#2857);
#2332=AXIS2_PLACEMENT_3D('',#3630,#2858,#2859);
#2333=AXIS2_PLACEMENT_3D('',#3631,#2860,#2861);
#2334=AXIS2_PLACEMENT_3D('',#3632,#2862,#2863);
#2335=AXIS2_PLACEMENT_3D('',#3634,#2865,#2866);
#2336=AXIS2_PLACEMENT_3D('',#3647,#2869,#2870);
#2337=AXIS2_PLACEMENT_3D('',#3648,#2871,#2872);
#2338=AXIS2_PLACEMENT_3D('',#3649,#2873,#2874);
#2339=AXIS2_PLACEMENT_3D('',#3659,#2875,#2876);
#2340=AXIS2_PLACEMENT_3D('',#3661,#2877,#2878);
#2341=AXIS2_PLACEMENT_3D('',#3665,#2880,#2881);
#2342=AXIS2_PLACEMENT_3D('',#3669,#2883,#2884);
#2343=AXIS2_PLACEMENT_3D('',#3671,#2886,#2887);
#2344=AXIS2_PLACEMENT_3D('',#3672,#2888,#2889);
#2345=AXIS2_PLACEMENT_3D('',#3673,#2890,#2891);
#2346=AXIS2_PLACEMENT_3D('',#3674,#2892,#2893);
#2347=AXIS2_PLACEMENT_3D('',#3675,#2894,#2895);
#2348=AXIS2_PLACEMENT_3D('',#3676,#2896,#2897);
#2349=AXIS2_PLACEMENT_3D('',#3677,#2898,#2899);
#2350=AXIS2_PLACEMENT_3D('',#3678,#2900,#2901);
#2351=AXIS2_PLACEMENT_3D('',#3679,#2902,#2903);
#2352=AXIS2_PLACEMENT_3D('',#3680,#2904,#2905);
#2353=AXIS2_PLACEMENT_3D('',#3681,#2906,#2907);
#2354=AXIS2_PLACEMENT_3D('',#3682,#2908,#2909);
#2355=AXIS2_PLACEMENT_3D('',#3683,#2910,#2911);
#2356=AXIS2_PLACEMENT_3D('',#3684,#2912,#2913);
#2357=DIRECTION('axis',(0.,0.,1.));
#2358=DIRECTION('refdir',(1.,0.,0.));
#2359=DIRECTION('center_axis',(-0.237920931759173,-0.971284525888705,-1.61196712913839E-11));
#2360=DIRECTION('ref_axis',(0.971284525888705,-0.237920931759173,9.50240296925641E-16));
#2361=DIRECTION('',(-0.971284525888705,0.237920931759173,-9.50240296925092E-16));
#2362=DIRECTION('',(-3.83693077310455E-12,-1.5656365093264E-11,1.));
#2363=DIRECTION('',(0.971284525888705,-0.237920931759173,9.50240296925641E-16));
#2364=DIRECTION('',(-3.83693077310455E-12,-1.5656365093264E-11,1.));
#2365=DIRECTION('center_axis',(3.83631265857579E-12,1.56573062063299E-11,
-1.));
#2366=DIRECTION('ref_axis',(-0.971284525888705,0.237920931759173,-9.50240296925641E-16));
#2367=DIRECTION('',(0.237920931759173,0.971284525888705,1.61204383175573E-11));
#2368=DIRECTION('',(0.971284525888705,-0.237920931759173,9.50240296925641E-16));
#2369=DIRECTION('',(0.237920931759173,0.971284525888705,1.61204383175573E-11));
#2370=DIRECTION('center_axis',(0.624329662976164,-0.152932628147453,-0.766044439426319));
#2371=DIRECTION('ref_axis',(-0.744047110134353,0.182258006893249,-0.64278761408728));
#2372=DIRECTION('',(0.237920931903149,0.971284525853438,1.61195392187358E-11));
#2373=DIRECTION('',(0.744047110131372,-0.182258006892522,0.642787614090937));
#2374=DIRECTION('',(-0.237920931759173,-0.971284525888705,1.08261806182256E-10));
#2375=DIRECTION('',(-0.744047110134354,0.182258006893249,-0.64278761408728));
#2376=DIRECTION('center_axis',(-0.237920931884498,-0.971284525858007,-5.64155191558461E-15));
#2377=DIRECTION('ref_axis',(5.58119406787144E-9,-1.36713518722156E-9,-1.));
#2378=DIRECTION('',(-2.26519698457423E-15,-5.25347002064636E-15,1.));
#2379=DIRECTION('',(-0.971284525888705,0.237920931759173,-9.50240296925641E-16));
#2380=DIRECTION('center_axis',(0.237920931884497,0.971284525858007,6.21245746587173E-15));
#2381=DIRECTION('ref_axis',(-5.58119420370182E-9,1.36713463270983E-9,1.));
#2382=DIRECTION('',(0.971284525888705,-0.237920931759173,9.50240296925641E-16));
#2383=DIRECTION('',(3.83490466670488E-12,1.56554992282287E-11,-1.));
#2384=DIRECTION('center_axis',(-0.237920931759173,-0.971284525888705,-1.61195392187357E-11));
#2385=DIRECTION('ref_axis',(-0.971284525888705,0.237920931759173,-9.50240296925641E-16));
#2386=DIRECTION('',(0.971284525888705,-0.237920931759173,9.50240296925641E-16));
#2387=DIRECTION('',(-3.8360987441464E-12,-1.56564329255572E-11,1.));
#2388=DIRECTION('',(-0.971284525888705,0.237920931759173,-9.50240296925641E-16));
#2389=DIRECTION('',(-3.83581538465052E-12,-1.56552761433793E-11,1.));
#2390=DIRECTION('center_axis',(0.971284525888705,-0.237920931759173,9.50240296925641E-16));
#2391=DIRECTION('ref_axis',(3.83581538465052E-12,1.56552761433793E-11,-1.));
#2392=DIRECTION('center_axis',(0.971284525888705,-0.237920931759173,1.77451587147072E-15));
#2393=DIRECTION('ref_axis',(3.83581538465052E-12,1.56552761433793E-11,-1.));
#2394=DIRECTION('',(3.83490466670488E-12,1.56554992282287E-11,-1.));
#2395=DIRECTION('center_axis',(0.971284525888705,-0.237920931759173,9.50240296925641E-16));
#2396=DIRECTION('ref_axis',(3.83581538465052E-12,1.56552761433793E-11,-1.));
#2397=DIRECTION('',(-0.237920931759173,-0.971284525888705,-1.61183482369511E-11));
#2398=DIRECTION('',(3.83581538465052E-12,1.56552761433793E-11,-1.));
#2399=DIRECTION('',(-0.237920931759173,-0.971284525888705,6.23901769399964E-15));
#2400=DIRECTION('',(3.83582055007992E-12,1.56558526826372E-11,-1.));
#2401=DIRECTION('center_axis',(0.971284525888705,-0.237920931759173,9.50240296925641E-16));
#2402=DIRECTION('ref_axis',(3.83581538465052E-12,1.56552761433793E-11,-1.));
#2403=DIRECTION('',(0.237920931759173,0.971284525888705,0.));
#2404=DIRECTION('center_axis',(0.971284525888705,-0.237920931759173,0.));
#2405=DIRECTION('ref_axis',(-0.193992380295678,-0.791951324872216,-0.5789473684372));
#2406=DIRECTION('',(3.83531590325056E-12,1.56581818218498E-11,-1.));
#2407=DIRECTION('center_axis',(0.971284525888705,-0.237920931759173,0.));
#2408=DIRECTION('ref_axis',(-0.193992380295678,-0.791951324872216,-0.5789473684372));
#2409=DIRECTION('',(0.237920931759173,0.971284525888705,0.));
#2410=DIRECTION('',(3.83471032705528E-12,1.56556249445808E-11,-1.));
#2411=DIRECTION('center_axis',(-0.237920931759174,-0.971284525888705,-1.61210516404067E-11));
#2412=DIRECTION('ref_axis',(-0.971284525888705,0.237920931759174,0.));
#2413=DIRECTION('',(-0.971284525888705,0.237920931759174,0.));
#2414=DIRECTION('',(3.83531590325056E-12,1.56581818218498E-11,-1.));
#2415=DIRECTION('',(0.971284525888705,-0.237920931759172,0.));
#2416=DIRECTION('center_axis',(0.971284525888705,-0.237920931759173,9.50240296924284E-16));
#2417=DIRECTION('ref_axis',(9.78333610385519E-16,0.,-1.));
#2418=DIRECTION('',(0.237920931759173,0.971284525888705,1.61183482369511E-11));
#2419=DIRECTION('center_axis',(-0.971284525888705,0.237920931759173,-9.50240296925641E-16));
#2420=DIRECTION('ref_axis',(3.83581538465052E-12,1.56552761433793E-11,-1.));
#2421=DIRECTION('',(0.237920931759173,0.971284525888705,1.61183482369511E-11));
#2422=DIRECTION('',(3.83581538465052E-12,1.56552761433793E-11,-1.));
#2423=DIRECTION('',(0.237920931759173,0.971284525888705,1.61183482369511E-11));
#2424=DIRECTION('',(3.83581538465052E-12,1.56552761433793E-11,-1.));
#2425=DIRECTION('',(-0.237920931759173,-0.971284525888705,-1.61640031009426E-11));
#2426=DIRECTION('center_axis',(0.971284525888705,-0.237920931759173,0.));
#2427=DIRECTION('ref_axis',(0.193992380301644,0.791951324896572,0.578947368401884));
#2428=DIRECTION('',(3.83581538465052E-12,1.56552761433793E-11,-1.));
#2429=DIRECTION('center_axis',(0.971284525888705,-0.237920931759173,0.));
#2430=DIRECTION('ref_axis',(0.193992380301644,0.791951324896572,0.578947368401884));
#2431=DIRECTION('',(0.237920931759173,0.971284525888705,1.61183482369511E-11));
#2432=DIRECTION('',(3.83581538465052E-12,1.56552761433793E-11,-1.));
#2433=DIRECTION('',(-0.237920931759173,-0.971284525888705,-1.61183482369527E-11));
#2434=DIRECTION('center_axis',(-0.971284525888705,0.237920931759173,-9.50240296925641E-16));
#2435=DIRECTION('ref_axis',(3.83581538465052E-12,1.56552761433793E-11,-1.));
#2436=DIRECTION('',(3.83581538465052E-12,1.56552761433793E-11,-1.));
#2437=DIRECTION('center_axis',(-0.971284525888705,0.237920931759173,-9.50240296925641E-16));
#2438=DIRECTION('ref_axis',(-3.83581538465052E-12,-1.56552761433793E-11,
1.));
#2439=DIRECTION('',(0.237920931759173,0.971284525888705,1.61183482369511E-11));
#2440=DIRECTION('center_axis',(-0.971284525888705,0.237920931759173,-9.50240296925641E-16));
#2441=DIRECTION('ref_axis',(3.83581538465052E-12,1.56552761433793E-11,-1.));
#2442=DIRECTION('',(3.83581538465052E-12,1.56552761433793E-11,-1.));
#2443=DIRECTION('center_axis',(-0.971284525888705,0.237920931759173,-9.50240296925641E-16));
#2444=DIRECTION('ref_axis',(3.83581538465052E-12,1.56552761433793E-11,-1.));
#2445=DIRECTION('',(3.83582055007992E-12,1.56558526826372E-11,-1.));
#2446=DIRECTION('',(0.237920931759173,0.971284525888705,1.61183482369527E-11));
#2447=DIRECTION('',(-3.83581538465052E-12,-1.56552761433793E-11,1.));
#2448=DIRECTION('',(3.83471032705528E-12,1.56556249445808E-11,-1.));
#2449=DIRECTION('',(0.237920931759173,0.971284525888705,0.));
#2450=DIRECTION('center_axis',(0.971284525888705,-0.237920931759173,0.));
#2451=DIRECTION('ref_axis',(-0.193992380295678,-0.791951324872216,-0.5789473684372));
#2452=DIRECTION('center_axis',(0.971284525888705,-0.237920931759173,0.));
#2453=DIRECTION('ref_axis',(-0.193992380295678,-0.791951324872216,-0.5789473684372));
#2454=DIRECTION('',(-0.237920931759173,-0.971284525888705,0.));
#2455=DIRECTION('center_axis',(0.971284525888705,-0.237920931759173,8.18086641125705E-16));
#2456=DIRECTION('ref_axis',(3.83582055007992E-12,1.56558526826372E-11,-1.));
#2457=DIRECTION('',(3.83582055007992E-12,1.56558526826372E-11,-1.));
#2458=DIRECTION('',(0.237920931759173,0.971284525888705,-6.23901769399964E-15));
#2459=DIRECTION('',(3.83582055007992E-12,1.56558526826372E-11,-1.));
#2460=DIRECTION('',(-3.83581538465052E-12,-1.56552761433793E-11,1.));
#2461=DIRECTION('',(0.237920931759173,0.971284525888705,1.61195392187357E-11));
#2462=DIRECTION('',(-3.83581538465052E-12,-1.56552761433793E-11,1.));
#2463=DIRECTION('center_axis',(-0.971284525888705,0.237920931759173,-9.50240296925641E-16));
#2464=DIRECTION('ref_axis',(3.83581538465052E-12,1.56552761433793E-11,-1.));
#2465=DIRECTION('center_axis',(0.237920931759173,0.971284525888705,1.61189094495747E-11));
#2466=DIRECTION('ref_axis',(0.971284525888705,-0.237920931759173,9.50240296925641E-16));
#2467=DIRECTION('',(0.971284525888705,-0.237920931759173,9.50240296925641E-16));
#2468=DIRECTION('',(-0.971284525888705,0.237920931759173,-9.50240296925641E-16));
#2469=DIRECTION('center_axis',(2.14088473980509E-15,-6.94789096934128E-15,
-1.));
#2470=DIRECTION('ref_axis',(-0.970613367902051,0.240644322704357,-3.74994186413317E-15));
#2471=DIRECTION('',(-0.971284525888705,0.237920931759172,-9.50240296732029E-16));
#2472=DIRECTION('center_axis',(3.83637566159224E-12,1.5656365093264E-11,
-1.));
#2473=DIRECTION('ref_axis',(-1.,0.,-3.83637566159224E-12));
#2474=DIRECTION('',(0.971284525888705,-0.237920931759173,9.50240296925641E-16));
#2475=DIRECTION('center_axis',(0.237920931759172,0.971284525888705,1.61184241058281E-11));
#2476=DIRECTION('ref_axis',(0.971284525888705,-0.237920931759172,0.));
#2477=DIRECTION('',(0.971284525888705,-0.237920931759172,0.));
#2478=DIRECTION('',(0.971284525888705,-0.237920931759172,0.));
#2479=DIRECTION('center_axis',(-3.83487088757598E-12,-1.56554142771006E-11,
1.));
#2480=DIRECTION('ref_axis',(-0.237920931759173,-0.971284525888705,-1.61182576884732E-11));
#2481=DIRECTION('',(-0.971284525888705,0.237920931759172,0.));
#2482=DIRECTION('center_axis',(-3.84578903418721E-12,-1.56518341526353E-11,
1.));
#2483=DIRECTION('ref_axis',(-0.240644322579095,-0.970613367933107,-1.61173467581338E-11));
#2484=DIRECTION('',(0.237920931759158,0.971284525888709,1.6117378024594E-11));
#2485=DIRECTION('',(0.970613367933107,-0.240644322579095,-3.37507799486047E-14));
#2486=DIRECTION('',(-0.237920931759158,-0.971284525888709,-1.6117378024594E-11));
#2487=DIRECTION('',(0.970613367933107,-0.240644322579095,-3.37507799486047E-14));
#2488=DIRECTION('center_axis',(0.240644322579095,0.970613367933107,1.61173467581338E-11));
#2489=DIRECTION('ref_axis',(-3.84509417490725E-12,-1.56520064292041E-11,
1.));
#2490=DIRECTION('',(1.17417118513716E-6,-2.91095838391481E-7,-0.999999999999268));
#2491=DIRECTION('',(-1.17417118512612E-6,2.91095838388744E-7,0.999999999999268));
#2492=DIRECTION('',(0.970613367933107,-0.240644322579095,-3.37507799486047E-14));
#2493=DIRECTION('center_axis',(3.84578903418721E-12,1.56518341526353E-11,
-1.));
#2494=DIRECTION('ref_axis',(0.240644322579095,0.970613367933107,1.61173467581338E-11));
#2495=DIRECTION('',(-0.237920931759158,-0.971284525888709,-1.6117378024594E-11));
#2496=DIRECTION('',(0.237920931759158,0.971284525888709,1.6117378024594E-11));
#2497=DIRECTION('',(0.970613367933107,-0.240644322579095,-3.37507799486047E-14));
#2498=DIRECTION('center_axis',(-0.240644322579095,-0.970613367933107,-1.61173467581338E-11));
#2499=DIRECTION('ref_axis',(3.84509417490725E-12,1.56520064292041E-11,-1.));
#2500=DIRECTION('',(-1.17417118513716E-6,2.91095838391481E-7,0.999999999999268));
#2501=DIRECTION('',(1.17417118512612E-6,-2.91095838388744E-7,-0.999999999999268));
#2502=DIRECTION('center_axis',(0.970613367933107,-0.240644322579095,-3.37507799486048E-14));
#2503=DIRECTION('ref_axis',(3.84578903418721E-12,1.56518341526353E-11,-1.));
#2504=DIRECTION('center_axis',(0.971284525887998,-0.237920931758984,1.20971209595807E-6));
#2505=DIRECTION('ref_axis',(0.237920931759158,0.971284525888709,1.6117378024594E-11));
#2506=DIRECTION('',(0.970613367933107,-0.240644322579095,-3.37507799486048E-14));
#2507=DIRECTION('center_axis',(-0.971284525887998,0.237920931758984,-1.20971209596944E-6));
#2508=DIRECTION('ref_axis',(0.237920931759158,0.971284525888709,1.6117378024594E-11));
#2509=DIRECTION('center_axis',(0.970613367933107,-0.240644322579096,-3.37507799486048E-14));
#2510=DIRECTION('ref_axis',(3.84578903418721E-12,1.56518341526353E-11,-1.));
#2511=DIRECTION('center_axis',(0.971284525887998,-0.237920931758984,1.20971209595807E-6));
#2512=DIRECTION('ref_axis',(0.237920931759158,0.971284525888709,1.6117378024594E-11));
#2513=DIRECTION('',(0.970613367933107,-0.240644322579095,-3.37507799486048E-14));
#2514=DIRECTION('center_axis',(-0.971284525887998,0.237920931758984,-1.20971209596944E-6));
#2515=DIRECTION('ref_axis',(0.237920931759158,0.971284525888709,1.6117378024594E-11));
#2516=DIRECTION('center_axis',(-0.898216165874173,-0.439554000507673,1.10139969245906E-15));
#2517=DIRECTION('ref_axis',(-0.439554000507673,0.898216165874173,-7.09245145451099E-15));
#2518=DIRECTION('',(2.16224392669355E-15,-6.92420530461156E-15,-1.));
#2519=DIRECTION('',(-0.439554000507673,0.898216165874173,-7.09245145451099E-15));
#2520=DIRECTION('',(-8.30008674689906E-7,1.69609924983644E-6,0.999999999998217));
#2521=DIRECTION('',(-8.3000867469771E-7,1.69609924985239E-6,0.999999999998217));
#2522=DIRECTION('',(-0.439554000507673,0.898216165874173,-7.09245145451099E-15));
#2523=DIRECTION('center_axis',(0.8982161658741,0.439554000507823,-1.10139969246025E-15));
#2524=DIRECTION('ref_axis',(0.439554000507823,-0.8982161658741,7.34474029725802E-15));
#2525=DIRECTION('',(-2.16224392669355E-15,6.92420530461156E-15,1.));
#2526=DIRECTION('',(0.439554000507823,-0.8982161658741,7.34474029725802E-15));
#2527=DIRECTION('',(8.30008674697827E-7,-1.69609924985191E-6,-0.999999999998217));
#2528=DIRECTION('',(8.30008674690022E-7,-1.69609924983596E-6,-0.999999999998217));
#2529=DIRECTION('',(0.439554000507823,-0.8982161658741,7.34474029725802E-15));
#2530=DIRECTION('center_axis',(-2.18159984330578E-15,7.22553909519836E-15,
1.));
#2531=DIRECTION('ref_axis',(0.970613367902051,-0.240644322704357,3.85627493306347E-15));
#2532=DIRECTION('',(0.237920931759158,0.971284525888709,-4.9606309300337E-15));
#2533=DIRECTION('',(0.693710780689482,0.720253672503785,-3.44575925552481E-15));
#2534=DIRECTION('',(-0.276902587212547,0.960897995208127,-7.08609039128763E-15));
#2535=DIRECTION('',(0.237920931759158,0.971284525888709,-4.9606309300337E-15));
#2536=DIRECTION('',(0.276902587212505,-0.960897995208139,7.43463899908955E-15));
#2537=DIRECTION('',(-0.693710780689495,-0.720253672503772,3.85223453959367E-15));
#2538=DIRECTION('',(-0.971284525888705,0.237920931759173,-9.50240296925092E-16));
#2539=DIRECTION('',(-0.971284525888705,0.237920931759173,-9.50240296925092E-16));
#2540=DIRECTION('',(0.971284525888705,-0.237920931759173,9.50240296925641E-16));
#2541=DIRECTION('',(0.237920931759173,0.971284525888705,1.61183482369511E-11));
#2542=DIRECTION('',(0.971284523999719,-0.237920939470731,-6.11296533570947E-8));
#2543=DIRECTION('',(-0.971284525888705,0.237920931759173,-9.50240296925092E-16));
#2544=DIRECTION('',(0.69371078068962,0.720253672503652,-3.41797505596124E-15));
#2545=DIRECTION('',(0.237920939470729,0.971284523999722,0.));
#2546=DIRECTION('',(-0.693710780689495,-0.720253672503772,3.85223453959367E-15));
#2547=DIRECTION('',(-0.276902587212547,0.960897995208127,-7.08609039128763E-15));
#2548=DIRECTION('',(-0.693710780689519,-0.720253672503749,3.79493538221872E-15));
#2549=DIRECTION('',(0.237920939470729,0.971284523999722,0.));
#2550=DIRECTION('',(0.693710780689482,0.720253672503785,-3.44575925552481E-15));
#2551=DIRECTION('center_axis',(0.720253672503749,-0.693710780689519,6.36075999656656E-15));
#2552=DIRECTION('ref_axis',(-0.693710780689519,-0.720253672503749,3.79493538221872E-15));
#2553=DIRECTION('',(0.693710780689519,0.720253672503749,-2.72441109521288E-15));
#2554=DIRECTION('',(-8.44028910886143E-8,-8.76323394842505E-8,-0.999999999999993));
#2555=DIRECTION('',(-2.14874305083918E-15,6.93822275350642E-15,1.));
#2556=DIRECTION('center_axis',(-0.720253672503785,0.693710780689482,-6.36075999656637E-15));
#2557=DIRECTION('ref_axis',(0.693710780689482,0.720253672503785,-3.44575925552481E-15));
#2558=DIRECTION('',(-0.693710780689482,-0.720253672503785,2.72441109521318E-15));
#2559=DIRECTION('',(2.14874305083918E-15,-6.93822275350642E-15,-1.));
#2560=DIRECTION('center_axis',(-2.22044604925031E-15,5.92118946466749E-15,
1.));
#2561=DIRECTION('ref_axis',(1.,0.,2.22044604925031E-15));
#2562=DIRECTION('',(-0.27690258721238,0.960897995208175,-6.30450634164968E-15));
#2563=DIRECTION('',(-0.69371078068972,-0.720253672503555,2.72441109521128E-15));
#2564=DIRECTION('',(0.237920939470729,0.971284523999722,-6.22775741920666E-15));
#2565=DIRECTION('',(0.693710780689468,0.720253672503798,-2.72441109521328E-15));
#2566=DIRECTION('',(0.971284525888705,-0.237920931759173,3.73778929765793E-15));
#2567=DIRECTION('',(-0.69371078068972,-0.720253672503555,2.72441109521128E-15));
#2568=DIRECTION('',(0.276902587212602,-0.960897995208111,6.30450634164979E-15));
#2569=DIRECTION('',(-0.237920931759158,-0.971284525888709,6.22775744888306E-15));
#2570=DIRECTION('',(-0.27690258721238,0.960897995208175,-6.30450634164968E-15));
#2571=DIRECTION('',(-0.237920931759158,-0.971284525888709,6.21222956126889E-15));
#2572=DIRECTION('',(-0.693710780689482,-0.720253672503785,2.72441109521318E-15));
#2573=DIRECTION('',(0.237920939470729,0.971284523999722,-6.22775741920666E-15));
#2574=DIRECTION('center_axis',(0.971284525887998,-0.237920931758984,1.20971209596944E-6));
#2575=DIRECTION('ref_axis',(1.17497463959551E-6,-2.87815829033391E-7,-0.999999999999268));
#2576=DIRECTION('',(0.237920931759158,0.971284525888709,-4.9606309300337E-15));
#2577=DIRECTION('',(6.73218079430689E-7,-2.33617861512857E-6,-0.999999999997044));
#2578=DIRECTION('',(6.73218079430689E-7,-2.33617861512857E-6,-0.999999999997044));
#2579=DIRECTION('',(-0.237920931759158,-0.971284525888709,6.22775744888306E-15));
#2580=DIRECTION('',(-6.73218079430957E-7,2.33617861512747E-6,0.999999999997044));
#2581=DIRECTION('',(-6.73218079430957E-7,2.33617861512747E-6,0.999999999997044));
#2582=DIRECTION('',(0.237920931759158,0.971284525888709,-4.9606309300337E-15));
#2583=DIRECTION('',(0.237920931759158,0.971284525888709,-4.9606309300337E-15));
#2584=DIRECTION('',(0.237920931759158,0.971284525888709,-4.9606309300337E-15));
#2585=DIRECTION('',(-3.83581538465052E-12,-1.56552761433793E-11,1.));
#2586=DIRECTION('',(-1.17497463959551E-6,2.87815829033391E-7,0.999999999999268));
#2587=DIRECTION('',(-3.83581538465052E-12,-1.56552761433793E-11,1.));
#2588=DIRECTION('',(0.237920931759173,0.971284525888705,1.61183482369527E-11));
#2589=DIRECTION('',(1.17497847462147E-6,-2.87800172986069E-7,-0.999999999999268));
#2590=DIRECTION('',(-0.237920931759158,-0.971284525888709,4.13010192838933E-15));
#2591=DIRECTION('',(-2.22044604925031E-15,7.105427357601E-15,1.));
#2592=DIRECTION('',(-2.22044604925031E-15,7.105427357601E-15,1.));
#2593=DIRECTION('',(0.237920931759158,0.971284525888709,-6.22775744888306E-15));
#2594=DIRECTION('',(6.73218079430979E-7,-2.33617861512738E-6,-0.999999999997044));
#2595=DIRECTION('',(6.73218079430979E-7,-2.33617861512738E-6,-0.999999999997044));
#2596=DIRECTION('',(-0.237920931759158,-0.971284525888709,4.13010192838933E-15));
#2597=DIRECTION('',(1.17497463959551E-6,-2.87815829033391E-7,-0.999999999999268));
#2598=DIRECTION('',(0.237920931759158,0.971284525888709,-4.9606309300337E-15));
#2599=DIRECTION('center_axis',(0.971284525887998,-0.237920931758984,1.20971209595807E-6));
#2600=DIRECTION('ref_axis',(1.17497463958446E-6,-2.87815829030684E-7,-0.999999999999268));
#2601=DIRECTION('',(0.237920931759158,0.971284525888709,-4.9606309300337E-15));
#2602=DIRECTION('',(6.73218079424358E-7,-2.3361786151066E-6,-0.999999999997044));
#2603=DIRECTION('center_axis',(-0.971284525887998,0.237920931758984,-1.20971209595807E-6));
#2604=DIRECTION('ref_axis',(-1.17497463958446E-6,2.87815829030684E-7,0.999999999999268));
#2605=DIRECTION('',(-1.17497463958446E-6,2.87815829030684E-7,0.999999999999268));
#2606=DIRECTION('',(0.237920931759158,0.971284525888709,-4.9606309300337E-15));
#2607=DIRECTION('',(-1.17497463958446E-6,2.87815829030684E-7,0.999999999999268));
#2608=DIRECTION('',(0.237920931759158,0.971284525888709,-4.9606309300337E-15));
#2609=DIRECTION('',(1.17497463958446E-6,-2.87815829030684E-7,-0.999999999999268));
#2610=DIRECTION('center_axis',(-1.17497463840423E-6,2.87815833848851E-7,
0.999999999999268));
#2611=DIRECTION('ref_axis',(0.971284525887997,-0.237920931758989,1.20971209595807E-6));
#2612=DIRECTION('',(0.237920931759158,0.971284525888709,-4.9606309300337E-15));
#2613=DIRECTION('',(0.237920931759158,0.971284525888709,-4.9606309300337E-15));
#2614=DIRECTION('',(0.971284525887997,-0.237920931758989,1.20971209595807E-6));
#2615=DIRECTION('center_axis',(-0.237920939470729,-0.971284523999722,0.));
#2616=DIRECTION('ref_axis',(0.,0.,-1.));
#2617=DIRECTION('',(-0.97128452399972,0.237920939470728,6.11296533570948E-8));
#2618=DIRECTION('',(5.93742862632137E-8,-1.454402455624E-8,0.999999999999998));
#2619=DIRECTION('',(0.97128452399972,-0.237920939470728,-6.11296533570947E-8));
#2620=DIRECTION('',(-5.93742862632137E-8,1.454402455624E-8,-0.999999999999998));
#2621=DIRECTION('center_axis',(0.97128452399972,-0.237920939470728,-6.11296533570947E-8));
#2622=DIRECTION('ref_axis',(-5.93742862112868E-8,1.45440247682258E-8,-0.999999999999998));
#2623=DIRECTION('',(0.237920939470729,0.971284523999722,0.));
#2624=DIRECTION('',(-5.93742862112868E-8,1.45440247682258E-8,-0.999999999999998));
#2625=DIRECTION('',(3.83581538465052E-12,1.56552761433793E-11,-1.));
#2626=DIRECTION('',(0.237920939470729,0.971284523999722,0.));
#2627=DIRECTION('center_axis',(5.93742862632138E-8,-1.454402455624E-8,0.999999999999998));
#2628=DIRECTION('ref_axis',(0.971284523999719,-0.237920939470731,-6.11296533570947E-8));
#2629=DIRECTION('',(0.237920939470729,0.971284523999722,0.));
#2630=DIRECTION('',(0.237920939470729,0.971284523999722,0.));
#2631=DIRECTION('',(0.237920939470729,0.971284523999722,0.));
#2632=DIRECTION('center_axis',(0.971284523999722,-0.237920939470729,3.56545984423102E-15));
#2633=DIRECTION('ref_axis',(0.237920939470729,0.971284523999722,-6.22775741920666E-15));
#2634=DIRECTION('',(0.237920939470729,0.971284523999722,-6.22775741920666E-15));
#2635=DIRECTION('',(-8.44028910886143E-8,-8.76323394842505E-8,-0.999999999999993));
#2636=DIRECTION('',(8.44028910886173E-8,8.76323394842629E-8,0.999999999999993));
#2637=DIRECTION('center_axis',(0.971284523999722,-0.237920939470729,3.56545984423102E-15));
#2638=DIRECTION('ref_axis',(0.237920939470729,0.971284523999722,-6.22775741920666E-15));
#2639=DIRECTION('',(0.237920939470729,0.971284523999722,-6.22775741920666E-15));
#2640=DIRECTION('',(-8.44028910886184E-8,-8.76323394842671E-8,-0.999999999999993));
#2641=DIRECTION('',(8.44028910885982E-8,8.76323394841848E-8,0.999999999999993));
#2642=DIRECTION('center_axis',(-0.971284525888709,0.237920931759158,-3.56545980276374E-15));
#2643=DIRECTION('ref_axis',(-0.237920931759158,-0.971284525888709,6.22775744888306E-15));
#2644=DIRECTION('center_axis',(0.720253672503798,-0.693710780689468,6.36075999656631E-15));
#2645=DIRECTION('ref_axis',(-0.693710780689468,-0.720253672503798,3.79792564027108E-15));
#2646=DIRECTION('',(-8.44028910886184E-8,-8.76323394842671E-8,-0.999999999999993));
#2647=DIRECTION('',(-1.29393903823673E-11,-1.34253105791544E-11,1.));
#2648=DIRECTION('center_axis',(-0.720253672503555,0.69371078068972,-6.36075999656754E-15));
#2649=DIRECTION('ref_axis',(0.69371078068972,0.720253672503555,-3.42684264378446E-15));
#2650=DIRECTION('',(-2.14874305083918E-15,6.93822275350642E-15,1.));
#2651=DIRECTION('',(8.44028910885982E-8,8.76323394841848E-8,0.999999999999993));
#2652=DIRECTION('center_axis',(0.960897995208175,0.27690258721238,1.43511058667136E-16));
#2653=DIRECTION('ref_axis',(0.27690258721238,-0.960897995208175,7.42373731600686E-15));
#2654=DIRECTION('center_axis',(0.971284523999722,-0.237920939470729,3.56545984423102E-15));
#2655=DIRECTION('ref_axis',(-0.237920939470729,-0.971284523999722,6.22775741920666E-15));
#2656=DIRECTION('',(-0.237920939470729,-0.971284523999722,6.22775741920666E-15));
#2657=DIRECTION('',(8.4402891088615E-8,8.76323394842531E-8,0.999999999999993));
#2658=DIRECTION('',(-0.237920939470729,-0.971284523999722,6.22775741920666E-15));
#2659=DIRECTION('',(-8.44028910886188E-8,-8.76323394842689E-8,-0.999999999999993));
#2660=DIRECTION('center_axis',(-0.971284525888709,0.237920931759158,-3.56545980276374E-15));
#2661=DIRECTION('ref_axis',(0.237920931759158,0.971284525888709,-6.22775744888306E-15));
#2662=DIRECTION('',(0.237920931759158,0.971284525888709,-6.22775744888306E-15));
#2663=DIRECTION('center_axis',(0.971284523999722,-0.237920939470729,3.56545984423102E-15));
#2664=DIRECTION('ref_axis',(-0.237920939470729,-0.971284523999722,6.22775741920666E-15));
#2665=DIRECTION('',(-0.237920939470729,-0.971284523999722,6.22775741920666E-15));
#2666=DIRECTION('',(8.44028910886206E-8,8.76323394842762E-8,0.999999999999993));
#2667=DIRECTION('',(-0.237920939470729,-0.971284523999722,6.22775741920666E-15));
#2668=DIRECTION('',(-8.44028910886317E-8,-8.76323394843213E-8,-0.999999999999993));
#2669=DIRECTION('center_axis',(2.22044604925031E-15,-5.92118946466749E-15,
-1.));
#2670=DIRECTION('ref_axis',(-1.,0.,-2.22044604925031E-15));
#2671=DIRECTION('',(-0.693710780689463,-0.720253672503803,2.72441109521332E-15));
#2672=DIRECTION('',(0.693710780689511,0.720253672503756,-2.72441109521294E-15));
#2673=DIRECTION('',(0.27690258721262,-0.960897995208106,6.3045063416498E-15));
#2674=DIRECTION('',(-0.27690258721254,0.960897995208129,-6.30450634164976E-15));
#2675=DIRECTION('',(0.693710780689441,0.720253672503825,-2.7244110952135E-15));
#2676=DIRECTION('',(-0.971284525888705,0.237920931759173,-3.73778929765793E-15));
#2677=DIRECTION('',(-0.693710780689302,-0.720253672503958,2.72441109521459E-15));
#2678=DIRECTION('',(0.693710780689441,0.720253672503825,-2.7244110952135E-15));
#2679=DIRECTION('',(0.27690258721262,-0.960897995208106,6.3045063416498E-15));
#2680=DIRECTION('center_axis',(-0.960897995208129,-0.27690258721254,-1.43511058665927E-16));
#2681=DIRECTION('ref_axis',(0.27690258721254,-0.960897995208129,7.26563743647024E-15));
#2682=DIRECTION('',(0.27690258721254,-0.960897995208129,7.26563743647024E-15));
#2683=DIRECTION('',(2.14874305083918E-15,-6.93822275350642E-15,-1.));
#2684=DIRECTION('center_axis',(0.960897995208106,0.27690258721262,1.43511058665321E-16));
#2685=DIRECTION('ref_axis',(-0.27690258721262,0.960897995208106,-7.26563743647026E-15));
#2686=DIRECTION('',(2.14874305083918E-15,-6.93822275350642E-15,-1.));
#2687=DIRECTION('',(-0.27690258721262,0.960897995208106,-7.26563743647026E-15));
#2688=DIRECTION('center_axis',(-0.720253672503757,0.693710780689512,-6.36075999656652E-15));
#2689=DIRECTION('ref_axis',(-0.693710780689511,-0.720253672503756,3.26251489808293E-15));
#2690=DIRECTION('',(8.4402891088615E-8,8.76323394842531E-8,0.999999999999993));
#2691=DIRECTION('',(0.693710780689437,0.720253672503829,-3.57719782674445E-15));
#2692=DIRECTION('center_axis',(0.720253672503803,-0.693710780689463,6.36075999656628E-15));
#2693=DIRECTION('ref_axis',(0.693710780689463,0.720253672503803,-3.56740898214455E-15));
#2694=DIRECTION('',(-2.14874305083918E-15,6.93822275350642E-15,1.));
#2695=DIRECTION('',(-0.693710780689467,-0.720253672503799,3.22372990666404E-15));
#2696=DIRECTION('',(-8.44028910886188E-8,-8.76323394842689E-8,-0.999999999999993));
#2697=DIRECTION('center_axis',(-0.720253672503785,0.693710780689482,-6.36075999656637E-15));
#2698=DIRECTION('ref_axis',(0.693710780689482,0.720253672503785,-3.44575925552481E-15));
#2699=DIRECTION('',(8.44028910886173E-8,8.76323394842629E-8,0.999999999999993));
#2700=DIRECTION('center_axis',(0.960897995208175,0.27690258721238,1.43511058667136E-16));
#2701=DIRECTION('ref_axis',(0.27690258721238,-0.960897995208175,7.42373731600686E-15));
#2702=DIRECTION('center_axis',(-0.960897995208111,-0.276902587212602,-1.43511058665459E-16));
#2703=DIRECTION('ref_axis',(-0.276902587212602,0.960897995208111,-7.08197924060418E-15));
#2704=DIRECTION('',(2.14874305083918E-15,-6.93822275350642E-15,-1.));
#2705=DIRECTION('',(-6.73218079424627E-7,2.3361786151055E-6,0.999999999997044));
#2706=DIRECTION('center_axis',(0.971284525887998,-0.237920931758984,1.20971209595807E-6));
#2707=DIRECTION('ref_axis',(1.17497463958446E-6,-2.87815829030684E-7,-0.999999999999268));
#2708=DIRECTION('',(-1.17497847447689E-6,2.8780017352846E-7,0.999999999999268));
#2709=DIRECTION('',(-0.237920931759173,-0.971284525888705,-1.61183482369511E-11));
#2710=DIRECTION('center_axis',(-0.720253672503555,0.69371078068972,-6.36075999656754E-15));
#2711=DIRECTION('ref_axis',(0.69371078068972,0.720253672503555,-3.42684264378446E-15));
#2712=DIRECTION('',(1.29393903823746E-11,1.34253105791526E-11,-1.));
#2713=DIRECTION('center_axis',(0.971284525887998,-0.237920931758984,1.20971209595807E-6));
#2714=DIRECTION('ref_axis',(1.17497463958446E-6,-2.87815829030684E-7,-0.999999999999268));
#2715=DIRECTION('',(1.17497463958446E-6,-2.87815829030684E-7,-0.999999999999268));
#2716=DIRECTION('center_axis',(3.83581538465052E-12,1.56552761433793E-11,
-1.));
#2717=DIRECTION('ref_axis',(-0.237920931759173,-0.971284525888705,-1.61183482369511E-11));
#2718=DIRECTION('',(0.971284525888705,-0.237920931759173,9.50240296925641E-16));
#2719=DIRECTION('',(0.237920931759173,0.971284525888705,1.61183482369511E-11));
#2720=DIRECTION('',(0.971284525888705,-0.237920931759173,9.50240296925641E-16));
#2721=DIRECTION('center_axis',(-0.237920931759173,-0.971284525888705,-1.61183482369511E-11));
#2722=DIRECTION('ref_axis',(-3.83581538465052E-12,-1.56552761433793E-11,
1.));
#2723=DIRECTION('',(-0.971284525888705,0.237920931759173,-9.50240296925641E-16));
#2724=DIRECTION('',(-0.971284525888705,0.237920931759173,-9.50240296925641E-16));
#2725=DIRECTION('',(3.83581538465052E-12,1.56552761433793E-11,-1.));
#2726=DIRECTION('center_axis',(0.971284525888705,-0.237920931759173,9.50240296925641E-16));
#2727=DIRECTION('ref_axis',(3.83581538465052E-12,1.56552761433793E-11,-1.));
#2728=DIRECTION('center_axis',(-0.971284525888705,0.237920931759173,-9.50240296925641E-16));
#2729=DIRECTION('ref_axis',(3.83581538465052E-12,1.56552761433793E-11,-1.));
#2730=DIRECTION('center_axis',(2.14088473980509E-15,-6.94789096934128E-15,
-1.));
#2731=DIRECTION('ref_axis',(-0.970613367902051,0.240644322704357,-3.74994186413317E-15));
#2732=DIRECTION('',(0.237920931759173,0.971284525888705,1.61183482369527E-11));
#2733=DIRECTION('',(-0.971284525888705,0.237920931759173,-9.50240296925641E-16));
#2734=DIRECTION('',(-0.237920931759158,-0.971284525888709,4.13010192838933E-15));
#2735=DIRECTION('',(0.971284525888705,-0.237920931759173,9.50240296718297E-16));
#2736=DIRECTION('',(0.693710780689465,0.720253672503801,-3.93240975007469E-15));
#2737=DIRECTION('',(-0.237920931759158,-0.971284525888709,4.13010192838933E-15));
#2738=DIRECTION('',(0.237920939470729,0.971284523999722,0.));
#2739=DIRECTION('',(-0.27690258721262,0.960897995208106,-7.26563743647026E-15));
#2740=DIRECTION('',(0.693710780689465,0.720253672503801,-3.93240975007469E-15));
#2741=DIRECTION('',(0.237920939470729,0.971284523999722,0.));
#2742=DIRECTION('',(-0.693710780689412,-0.720253672503852,3.34660043337574E-15));
#2743=DIRECTION('',(0.971284525888705,-0.237920931759173,9.50240296718297E-16));
#2744=DIRECTION('',(-0.97128452399972,0.237920939470728,6.11296533570947E-8));
#2745=DIRECTION('center_axis',(3.83581538465068E-12,1.56552761433808E-11,
-1.));
#2746=DIRECTION('ref_axis',(-0.237920931759173,-0.971284525888705,-1.61183482369511E-11));
#2747=DIRECTION('',(-0.237920931759173,-0.971284525888705,-1.61183482369527E-11));
#2748=DIRECTION('center_axis',(-5.93742862632138E-8,1.454402455624E-8,-0.999999999999998));
#2749=DIRECTION('ref_axis',(-0.97128452399972,0.237920939470728,6.11296533570947E-8));
#2750=DIRECTION('',(0.237920939470729,0.971284523999722,0.));
#2751=DIRECTION('',(0.237920939470729,0.971284523999722,0.));
#2752=DIRECTION('',(0.237920939470729,0.971284523999722,0.));
#2753=DIRECTION('center_axis',(0.960897995208106,0.27690258721262,1.43511058665321E-16));
#2754=DIRECTION('ref_axis',(-0.27690258721262,0.960897995208106,-7.26563743647026E-15));
#2755=DIRECTION('',(-2.14874305083918E-15,6.93822275350642E-15,1.));
#2756=DIRECTION('center_axis',(0.720253672503958,-0.693710780689303,6.3607599965655E-15));
#2757=DIRECTION('ref_axis',(0.693710780689302,0.720253672503958,-3.94070089029392E-15));
#2758=DIRECTION('',(-1.29393903823625E-11,-1.34253105791556E-11,1.));
#2759=DIRECTION('',(-8.44028910886317E-8,-8.76323394843213E-8,-0.999999999999993));
#2760=DIRECTION('center_axis',(-0.720253672503825,0.693710780689441,-6.36075999656618E-15));
#2761=DIRECTION('ref_axis',(-0.693710780689441,-0.720253672503825,3.48209771209268E-15));
#2762=DIRECTION('',(8.44028910886206E-8,8.76323394842762E-8,0.999999999999993));
#2763=DIRECTION('center_axis',(1.17497463840423E-6,-2.87815833848851E-7,
-0.999999999999268));
#2764=DIRECTION('ref_axis',(-0.971284525887998,0.237920931758984,-1.20971209595807E-6));
#2765=DIRECTION('',(0.971284525887998,-0.237920931758984,1.20971209595807E-6));
#2766=DIRECTION('',(-0.971284525887998,0.237920931758984,-1.20971209595807E-6));
#2767=DIRECTION('center_axis',(-0.720253672503825,0.693710780689441,-6.36075999656618E-15));
#2768=DIRECTION('ref_axis',(-0.693710780689441,-0.720253672503825,3.48209771209268E-15));
#2769=DIRECTION('',(1.29393903823665E-11,1.34253105791546E-11,-1.));
#2770=DIRECTION('center_axis',(0.971284525888705,-0.237920931759173,9.50240296925641E-16));
#2771=DIRECTION('ref_axis',(3.83581538465052E-12,1.56552761433793E-11,-1.));
#2772=DIRECTION('',(0.971284525888705,-0.237920931759173,9.50240296925641E-16));
#2773=DIRECTION('center_axis',(-0.971284525888705,0.237920931759173,-9.50240296925641E-16));
#2774=DIRECTION('ref_axis',(3.83581538465052E-12,1.56552761433793E-11,-1.));
#2775=DIRECTION('',(0.971284525888705,-0.237920931759173,9.50240296925641E-16));
#2776=DIRECTION('center_axis',(-0.237920931759173,-0.971284525888705,-1.61189094495747E-11));
#2777=DIRECTION('ref_axis',(-0.971284525888705,0.237920931759173,-9.50240296925641E-16));
#2778=DIRECTION('',(3.83582055007992E-12,1.56558526826372E-11,-1.));
#2779=DIRECTION('',(-1.17497847462147E-6,2.87800172986069E-7,0.999999999999268));
#2780=DIRECTION('',(3.83582055007992E-12,1.56558526826372E-11,-1.));
#2781=DIRECTION('',(3.83582055007992E-12,1.56558526826372E-11,-1.));
#2782=DIRECTION('',(3.83582055007992E-12,1.56558526826372E-11,-1.));
#2783=DIRECTION('center_axis',(-0.237920931759173,-0.971284525888705,-1.61183482369511E-11));
#2784=DIRECTION('ref_axis',(-3.83581538465052E-12,-1.56552761433793E-11,
1.));
#2785=DIRECTION('',(-5.93704514861314E-8,1.45596795870302E-8,-0.999999999999998));
#2786=DIRECTION('',(-3.83490487098083E-12,-1.56554991781903E-11,1.));
#2787=DIRECTION('',(-0.971284525888705,0.237920931759176,0.));
#2788=DIRECTION('',(0.971284525888705,-0.237920931759176,0.));
#2789=DIRECTION('',(-3.83490487098083E-12,-1.56554991781903E-11,1.));
#2790=DIRECTION('center_axis',(-0.237920931759158,-0.971284525888709,4.13010192838933E-15));
#2791=DIRECTION('ref_axis',(0.,-4.25220604087186E-15,-1.));
#2792=DIRECTION('center_axis',(0.237920931759158,0.971284525888709,-4.9606309300337E-15));
#2793=DIRECTION('ref_axis',(0.,5.10728915967729E-15,1.));
#2794=DIRECTION('center_axis',(0.237920931759158,0.971284525888709,-4.93433643422518E-15));
#2795=DIRECTION('ref_axis',(1.17497463841049E-6,-2.87815833823312E-7,-0.999999999999268));
#2796=DIRECTION('',(0.971284525888705,-0.237920931759172,0.));
#2797=DIRECTION('',(0.971284525888705,-0.237920931759172,0.));
#2798=DIRECTION('center_axis',(0.971284525888705,-0.237920931759173,9.50240296925641E-16));
#2799=DIRECTION('ref_axis',(3.83581538465052E-12,1.56552761433793E-11,-1.));
#2800=DIRECTION('',(-3.83581538465052E-12,-1.56552761433793E-11,1.));
#2801=DIRECTION('',(-0.237920931759173,-0.971284525888705,-1.61183482369511E-11));
#2802=DIRECTION('center_axis',(0.971284525888705,-0.237920931759173,9.50240296925641E-16));
#2803=DIRECTION('ref_axis',(3.83581538465052E-12,1.56552761433793E-11,-1.));
#2804=DIRECTION('',(3.83581538465052E-12,1.56552761433793E-11,-1.));
#2805=DIRECTION('center_axis',(0.971284525888705,-0.237920931759173,9.50240296925641E-16));
#2806=DIRECTION('ref_axis',(3.83581538465052E-12,1.56552761433793E-11,-1.));
#2807=DIRECTION('center_axis',(3.83581538465052E-12,1.56552761433793E-11,
-1.));
#2808=DIRECTION('ref_axis',(0.855037268835547,0.518566552047322,1.13980676812699E-11));
#2809=DIRECTION('center_axis',(0.168235504235844,0.686801874728533,-0.707106781175152));
#2810=DIRECTION('ref_axis',(-0.168235504230421,-0.686801874706396,-0.707106781197943));
#2811=DIRECTION('center_axis',(0.971284525888705,-0.237920931759173,9.50240296925641E-16));
#2812=DIRECTION('ref_axis',(3.83581538465052E-12,1.56552761433793E-11,-1.));
#2813=DIRECTION('',(-0.237920931759173,-0.971284525888705,-1.61183482369511E-11));
#2814=DIRECTION('center_axis',(0.971284525888705,-0.237920931759173,0.));
#2815=DIRECTION('ref_axis',(0.193992380301644,0.791951324896572,0.578947368401884));
#2816=DIRECTION('center_axis',(0.971284525888705,-0.237920931759173,9.50240296925641E-16));
#2817=DIRECTION('ref_axis',(3.83693077310456E-12,1.56529933048189E-11,-1.));
#2818=DIRECTION('center_axis',(0.971284525888705,-0.237920931759173,9.50240296925641E-16));
#2819=DIRECTION('ref_axis',(3.83581538465052E-12,1.56552761433793E-11,-1.));
#2820=DIRECTION('center_axis',(-3.83581538465052E-12,-1.56552761433793E-11,
1.));
#2821=DIRECTION('ref_axis',(0.237920931759173,0.971284525888705,1.61183482369511E-11));
#2822=DIRECTION('center_axis',(0.237920931759173,0.971284525888705,1.61183482369511E-11));
#2823=DIRECTION('ref_axis',(3.83581538465052E-12,1.56552761433793E-11,-1.));
#2824=DIRECTION('center_axis',(0.237920931759173,0.971284525888705,1.61183482369511E-11));
#2825=DIRECTION('ref_axis',(3.83581538465052E-12,1.56552761433793E-11,-1.));
#2826=DIRECTION('center_axis',(0.971284525888705,-0.237920931759173,9.50240296925641E-16));
#2827=DIRECTION('ref_axis',(3.83581538465052E-12,1.56552761433793E-11,-1.));
#2828=DIRECTION('center_axis',(0.971284525888705,-0.237920931759173,0.));
#2829=DIRECTION('ref_axis',(0.193992380301644,0.791951324896572,0.578947368401884));
#2830=DIRECTION('',(-0.237920931759173,-0.971284525888705,-1.61640031009426E-11));
#2831=DIRECTION('center_axis',(-3.83489243095423E-12,-1.56555022254361E-11,
1.));
#2832=DIRECTION('ref_axis',(-0.237920931759173,-0.971284525888705,-1.61183482369511E-11));
#2833=DIRECTION('',(0.971284525888705,-0.237920931759173,9.50240296925641E-16));
#2834=DIRECTION('',(-0.971284525888705,0.237920931759172,0.));
#2835=DIRECTION('center_axis',(0.971284525888705,-0.237920931759173,9.50240296925641E-16));
#2836=DIRECTION('ref_axis',(3.83581538465052E-12,1.56552761433793E-11,-1.));
#2837=DIRECTION('center_axis',(-0.971284525888705,0.237920931759173,-9.50240296925641E-16));
#2838=DIRECTION('ref_axis',(3.83581538465052E-12,1.56552761433793E-11,-1.));
#2839=DIRECTION('center_axis',(0.971284525888705,-0.237920931759173,9.50240296925641E-16));
#2840=DIRECTION('ref_axis',(3.83581538465052E-12,1.56552761433793E-11,-1.));
#2841=DIRECTION('center_axis',(-0.971284525888705,0.237920931759173,-9.50240296925641E-16));
#2842=DIRECTION('ref_axis',(3.83581538465052E-12,1.56552761433793E-11,-1.));
#2843=DIRECTION('center_axis',(-0.971284525888705,0.237920931759176,0.));
#2844=DIRECTION('ref_axis',(0.193992380301647,0.791951324896571,0.578947368401884));
#2845=DIRECTION('',(-0.971284525888705,0.237920931759176,0.));
#2846=DIRECTION('center_axis',(-0.971284525888705,0.237920931759176,0.));
#2847=DIRECTION('ref_axis',(-0.0183590270538173,-0.0749485921894179,-0.997018382305192));
#2848=DIRECTION('',(-0.971284525888705,0.237920931759176,0.));
#2849=DIRECTION('center_axis',(-0.971284525888705,0.237920931759172,0.));
#2850=DIRECTION('ref_axis',(0.0183621163916911,0.0749612040518974,0.997017377265165));
#2851=DIRECTION('',(-0.971284525888705,0.237920931759172,0.));
#2852=DIRECTION('center_axis',(-0.971284525888705,0.237920931759172,0.));
#2853=DIRECTION('ref_axis',(-0.193992380295678,-0.791951324872216,-0.5789473684372));
#2854=DIRECTION('center_axis',(0.,0.,-1.));
#2855=DIRECTION('ref_axis',(-0.237920931759173,-0.971284525888705,0.));
#2856=DIRECTION('center_axis',(3.83489243095423E-12,1.56555022254361E-11,
-1.));
#2857=DIRECTION('ref_axis',(0.237920931759173,0.971284525888705,1.61183482369511E-11));
#2858=DIRECTION('center_axis',(-3.83489243095423E-12,-1.56555022254361E-11,
1.));
#2859=DIRECTION('ref_axis',(-0.237920931759173,-0.971284525888705,-1.61183482369511E-11));
#2860=DIRECTION('center_axis',(-0.237920931759172,-0.971284525888705,-1.61183482369511E-11));
#2861=DIRECTION('ref_axis',(3.83581538465052E-12,1.56552761433793E-11,-1.));
#2862=DIRECTION('center_axis',(0.971284525888705,-0.237920931759173,9.50240296925641E-16));
#2863=DIRECTION('ref_axis',(3.83581538465052E-12,1.56552761433793E-11,-1.));
#2864=DIRECTION('',(0.971284525888705,-0.237920931759173,9.50240296925641E-16));
#2865=DIRECTION('center_axis',(0.237920931759173,0.971284525888705,1.61183482369511E-11));
#2866=DIRECTION('ref_axis',(3.83581538465052E-12,1.56552761433793E-11,-1.));
#2867=DIRECTION('',(0.971284525888705,-0.237920931759173,9.50240296925641E-16));
#2868=DIRECTION('',(-3.83581538465052E-12,-1.56552761433793E-11,1.));
#2869=DIRECTION('center_axis',(-3.83581538465052E-12,-1.56552761433793E-11,
1.));
#2870=DIRECTION('ref_axis',(0.237920931759173,0.971284525888705,1.61183482369511E-11));
#2871=DIRECTION('center_axis',(-3.83581538465052E-12,-1.56552761433793E-11,
1.));
#2872=DIRECTION('ref_axis',(0.237920931759173,0.971284525888705,1.61183482369511E-11));
#2873=DIRECTION('center_axis',(-3.83581538465052E-12,-1.56552761433793E-11,
1.));
#2874=DIRECTION('ref_axis',(0.237920931759173,0.971284525888705,1.61183482369511E-11));
#2875=DIRECTION('center_axis',(0.971284525888705,-0.237920931759173,9.50240296925641E-16));
#2876=DIRECTION('ref_axis',(3.83581538465052E-12,1.56552761433793E-11,-1.));
#2877=DIRECTION('center_axis',(0.971284525888705,-0.237920931759173,9.50240296925641E-16));
#2878=DIRECTION('ref_axis',(3.83581538465052E-12,1.56552761433793E-11,-1.));
#2879=DIRECTION('',(3.83581538465052E-12,1.56552761433793E-11,-1.));
#2880=DIRECTION('center_axis',(0.971284525888705,-0.237920931759173,9.50240296925641E-16));
#2881=DIRECTION('ref_axis',(3.83581538465052E-12,1.56552761433793E-11,-1.));
#2882=DIRECTION('',(-0.237920931759173,-0.971284525888705,-1.61183482369511E-11));
#2883=DIRECTION('center_axis',(0.971284525888705,-0.237920931759173,9.50240296925641E-16));
#2884=DIRECTION('ref_axis',(3.83581538465052E-12,1.56552761433793E-11,-1.));
#2885=DIRECTION('',(-3.83581538465052E-12,-1.56552761433793E-11,1.));
#2886=DIRECTION('center_axis',(3.83581538465052E-12,1.56552761433793E-11,
-1.));
#2887=DIRECTION('ref_axis',(-0.237920931759173,-0.971284525888705,-1.61183482369511E-11));
#2888=DIRECTION('center_axis',(-3.83581538465052E-12,-1.56552761433793E-11,
1.));
#2889=DIRECTION('ref_axis',(0.237920931759173,0.971284525888705,1.61183482369511E-11));
#2890=DIRECTION('center_axis',(0.971284525888705,-0.237920931759173,9.50240296925641E-16));
#2891=DIRECTION('ref_axis',(3.83693077310456E-12,1.56556249445809E-11,-1.));
#2892=DIRECTION('center_axis',(-3.83581538465052E-12,-1.56552761433793E-11,
1.));
#2893=DIRECTION('ref_axis',(0.237920931759173,0.971284525888705,1.61183482369511E-11));
#2894=DIRECTION('center_axis',(-3.83581538465052E-12,-1.56552761433793E-11,
1.));
#2895=DIRECTION('ref_axis',(0.237920931759173,0.971284525888705,1.61183482369511E-11));
#2896=DIRECTION('center_axis',(-3.83581538465052E-12,-1.56552761433793E-11,
1.));
#2897=DIRECTION('ref_axis',(0.237920931759173,0.971284525888705,1.61183482369511E-11));
#2898=DIRECTION('center_axis',(0.971284525888705,-0.237920931759173,9.50240296925641E-16));
#2899=DIRECTION('ref_axis',(3.83693077310456E-12,1.56556249445809E-11,-1.));
#2900=DIRECTION('center_axis',(-0.971284525888705,0.237920931759173,-9.50240296925641E-16));
#2901=DIRECTION('ref_axis',(3.83581538465052E-12,1.56552761433793E-11,-1.));
#2902=DIRECTION('center_axis',(0.237920931759173,0.971284525888705,1.61183482369511E-11));
#2903=DIRECTION('ref_axis',(3.83581538465052E-12,1.56552761433793E-11,-1.));
#2904=DIRECTION('center_axis',(0.971284525888705,-0.237920931759173,9.50240296925641E-16));
#2905=DIRECTION('ref_axis',(3.83581538465052E-12,1.56552761433793E-11,-1.));
#2906=DIRECTION('center_axis',(0.971284525888705,-0.237920931759173,9.50240296925641E-16));
#2907=DIRECTION('ref_axis',(3.83693077310456E-12,1.56529933048189E-11,-1.));
#2908=DIRECTION('center_axis',(0.237920931759173,0.971284525888705,1.61183482369511E-11));
#2909=DIRECTION('ref_axis',(3.83581538465052E-12,1.56552761433793E-11,-1.));
#2910=DIRECTION('center_axis',(0.237920931759173,0.971284525888705,1.61183482369511E-11));
#2911=DIRECTION('ref_axis',(3.83581538465052E-12,1.56552761433793E-11,-1.));
#2912=DIRECTION('center_axis',(-0.97128452399972,0.237920939470728,6.11296533570947E-8));
#2913=DIRECTION('ref_axis',(5.93742862772112E-8,-1.45440244990968E-8,0.999999999999998));
#2914=CARTESIAN_POINT('',(0.,0.,0.));
#2915=CARTESIAN_POINT('Origin',(-2.81370678579865,13.755458417322,-110.97977232195));
#2916=CARTESIAN_POINT('',(10.6871481240542,10.4483574658687,-110.92977232195));
#2917=CARTESIAN_POINT('',(-2.81370678579884,13.7554584173212,-110.92977232195));
#2918=CARTESIAN_POINT('',(3.93672066912766,12.1019079415949,-110.92977232195));
#2919=CARTESIAN_POINT('',(10.6871481240544,10.4483574658695,-110.97977232195));
#2920=CARTESIAN_POINT('',(10.6871481240544,10.4483574658695,-110.97977232195));
#2921=CARTESIAN_POINT('',(-2.81370678579865,13.755458417322,-110.97977232195));
#2922=CARTESIAN_POINT('',(-4.46489047980945,14.1599240013126,-110.97977232195));
#2923=CARTESIAN_POINT('',(-2.81370678579865,13.755458417322,-110.97977232195));
#2924=CARTESIAN_POINT('Origin',(10.6870358872096,10.4478992720077,-110.92977232195));
#2925=CARTESIAN_POINT('',(-2.81381902264337,13.7550002234602,-110.92977232195));
#2926=CARTESIAN_POINT('',(-2.81381902264337,13.7550002234602,-110.92977232195));
#2927=CARTESIAN_POINT('',(10.6870358872096,10.4478992720077,-110.92977232195));
#2928=CARTESIAN_POINT('',(-4.46500271665417,14.1594658074508,-110.92977232195));
#2929=CARTESIAN_POINT('',(10.6870358872096,10.4478992720077,-110.92977232195));
#2930=CARTESIAN_POINT('Origin',(5.70571793556966,11.6680976526573,-96.989604147832));
#2931=CARTESIAN_POINT('',(0.566082034443521,12.9270768009458,-101.42977232195));
#2932=CARTESIAN_POINT('',(0.875379245449496,14.1897466826442,-101.429772321929));
#2933=CARTESIAN_POINT('',(0.5660820341687,12.9270767998239,-101.42977232195));
#2934=CARTESIAN_POINT('',(-2.81381902266514,13.7550002217445,-104.349692991577));
#2935=CARTESIAN_POINT('',(-5.98654390607392,14.5321748196893,-107.090632685051));
#2936=CARTESIAN_POINT('',(-2.50452181121529,15.0176701053599,-104.349692991577));
#2937=CARTESIAN_POINT('',(-3.0695840247834,12.7108693560931,-104.349692991774));
#2938=CARTESIAN_POINT('',(6.01501514701951,12.9307675362727,-96.989604147832));
#2939=CARTESIAN_POINT('Origin',(-1.70043065267253,13.4822702528365,-100.433979733119));
#2940=CARTESIAN_POINT('',(-2.81381902267981,13.7550002233115,-101.42977232195));
#2941=CARTESIAN_POINT('',(-2.81381902304111,13.7550002218365,-100.431876027552));
#2942=CARTESIAN_POINT('',(-4.46500271669061,14.1594658073021,-101.42977232195));
#2943=CARTESIAN_POINT('Origin',(-1.39113344122269,14.7449401364519,-100.433979733119));
#2944=CARTESIAN_POINT('',(-2.50452181139289,15.0176701069668,-101.429772321929));
#2945=CARTESIAN_POINT('',(-4.15570550540369,15.4221356909574,-101.429772321929));
#2946=CARTESIAN_POINT('',(-2.50452181138746,15.0176701069889,-102.842640287573));
#2947=CARTESIAN_POINT('Origin',(10.6870358871694,10.4478992718433,-100.42977232195));
#2948=CARTESIAN_POINT('',(-2.81381902268365,13.7550002232958,-100.42977232195));
#2949=CARTESIAN_POINT('',(10.6870358871694,10.4478992718433,-100.42977232195));
#2950=CARTESIAN_POINT('',(-4.46500271669445,14.1594658072864,-100.42977232195));
#2951=CARTESIAN_POINT('',(-2.81381902268365,13.7550002232958,-100.42977232195));
#2952=CARTESIAN_POINT('',(10.6870358871732,10.447899271859,-101.42977232195));
#2953=CARTESIAN_POINT('',(-4.46500271669061,14.1594658073021,-101.42977232195));
#2954=CARTESIAN_POINT('',(10.6870358871694,10.4478992718433,-100.42977232195));
#2955=CARTESIAN_POINT('Origin',(-3.32534902596587,11.6667384926351,-100.429772321985));
#2956=CARTESIAN_POINT('',(-2.50452181135645,15.0176701071155,-110.929772321929));
#2957=CARTESIAN_POINT('',(-2.50430143859764,15.0185697532668,-110.979772321929));
#2958=CARTESIAN_POINT('Origin',(-2.18332855348157,16.3289042170653,-110.929772321907));
#2959=CARTESIAN_POINT('',(-2.50452181138746,15.0176701069889,-102.842640287573));
#2960=CARTESIAN_POINT('',(-2.78050535276103,13.8909994052811,-99.5797723219478));
#2961=CARTESIAN_POINT('Origin',(-2.18332855352184,16.3289042169009,-100.429772321907));
#2962=CARTESIAN_POINT('',(-3.52758181796443,10.8411466456164,-99.5797723219984));
#2963=CARTESIAN_POINT('',(-3.32534902596913,11.6667384926218,-99.5797723219847));
#2964=CARTESIAN_POINT('',(-3.52758181791073,10.8411466458356,-113.579772321998));
#2965=CARTESIAN_POINT('',(-3.52758181796117,10.8411466456297,-100.429772321998));
#2966=CARTESIAN_POINT('',(-2.50430143858766,15.0185697533075,-113.579772321929));
#2967=CARTESIAN_POINT('',(3.21633772425387,38.3724136373972,-113.579771882409));
#2968=CARTESIAN_POINT('',(-2.50430143859265,15.0185697532871,-112.279772321929));
#2969=CARTESIAN_POINT('Origin',(-2.18332855348157,16.3289042170653,-110.929772321907));
#2970=CARTESIAN_POINT('',(-3.24270076390412,12.004140407795,-105.129753809888));
#2971=CARTESIAN_POINT('',(-3.20034116744588,12.1770685325235,-105.129752146146));
#2972=CARTESIAN_POINT('',(-3.24269917126084,12.0041469095759,-105.129752146146));
#2973=CARTESIAN_POINT('',(-2.81381902266514,13.7550002233714,-105.255508253238));
#2974=CARTESIAN_POINT('Origin',(-3.01605181465881,12.9294083763726,-105.679772321964));
#2975=CARTESIAN_POINT('',(-2.81381902266188,13.7550002233847,-106.104036390662));
#2976=CARTESIAN_POINT('',(-2.81381902266514,13.7550002233714,-105.255508253238));
#2977=CARTESIAN_POINT('',(-3.20034457593971,12.177054617744,-106.229772321979));
#2978=CARTESIAN_POINT('Origin',(-3.01605181465881,12.9294083763726,-105.679772321964));
#2979=CARTESIAN_POINT('',(-3.24270194275176,12.0041355952867,-106.229772321979));
#2980=CARTESIAN_POINT('',(-3.24270194275176,12.0041355952866,-106.229772321979));
#2981=CARTESIAN_POINT('',(-3.24270194275598,12.0041355952694,-105.129772321979));
#2982=CARTESIAN_POINT('Origin',(-2.81381902266514,13.7550002233714,-105.255508253238));
#2983=CARTESIAN_POINT('',(-4.46500271667593,14.159465807362,-105.255508253238));
#2984=CARTESIAN_POINT('',(-3.97936045373158,14.0405053414824,-105.255508253238));
#2985=CARTESIAN_POINT('',(-4.46500271667268,14.1594658073753,-106.104036390662));
#2986=CARTESIAN_POINT('',(-4.46500271667593,14.159465807362,-105.255508253238));
#2987=CARTESIAN_POINT('',(-2.81381902266188,13.7550002233847,-106.104036390662));
#2988=CARTESIAN_POINT('Origin',(1.43543639095319,38.2473220494085,-105.67977232155));
#2989=CARTESIAN_POINT('',(-5.17876551197523,11.245612229607,-99.5797723219984));
#2990=CARTESIAN_POINT('',(-4.43168904677183,14.2954649892717,-99.5797723219478));
#2991=CARTESIAN_POINT('',(-4.97653271997993,12.0712040766124,-99.5797723219847));
#2992=CARTESIAN_POINT('',(-3.8345122475428,16.73336980085,-97.7797723219073));
#2993=CARTESIAN_POINT('Origin',(-3.83451224753264,16.7333698008915,-100.429772321907));
#2994=CARTESIAN_POINT('',(1.74473360220981,39.5099919329402,-97.7797723215294));
#2995=CARTESIAN_POINT('',(-3.8345122475428,16.73336980085,-97.7797723219073));
#2996=CARTESIAN_POINT('',(1.74473360221671,39.5099919329683,-99.5797723215294));
#2997=CARTESIAN_POINT('',(1.74473360223004,39.5099919330227,-103.054772321529));
#2998=CARTESIAN_POINT('',(2.45849639749423,42.4238455106345,-99.579772321481));
#2999=CARTESIAN_POINT('',(-4.97653271997993,12.0712040766124,-99.5797723219847));
#3000=CARTESIAN_POINT('',(2.45849639751552,42.4238455107213,-105.129772321481));
#3001=CARTESIAN_POINT('',(2.45849639749749,42.4238455106478,-100.429772321481));
#3002=CARTESIAN_POINT('',(2.13125915552197,41.0879375387209,-105.129772321534));
#3003=CARTESIAN_POINT('',(2.17361652233257,41.2608565611724,-105.129772321531));
#3004=CARTESIAN_POINT('',(1.74473360223849,39.5099919330572,-105.255508252817));
#3005=CARTESIAN_POINT('Origin',(1.9469663942354,40.3355837800692,-105.679772321516));
#3006=CARTESIAN_POINT('',(1.74473360224174,39.5099919330705,-106.104036390241));
#3007=CARTESIAN_POINT('',(1.74473360221997,39.5099919329816,-100.429772321529));
#3008=CARTESIAN_POINT('',(2.131259155521,41.087937538717,-106.229772321503));
#3009=CARTESIAN_POINT('Origin',(1.94696639423541,40.3355837800692,-105.679772321516));
#3010=CARTESIAN_POINT('',(2.45849639751974,42.4238455107386,-106.229772321481));
#3011=CARTESIAN_POINT('',(-4.97653271995443,12.0712040767165,-106.229772321985));
#3012=CARTESIAN_POINT('',(2.45849639753796,42.4238455108129,-110.979772321481));
#3013=CARTESIAN_POINT('',(2.4584963974975,42.4238455106478,-100.429772321481));
#3014=CARTESIAN_POINT('',(1.43521599510798,38.2464215483995,-110.979772321549));
#3015=CARTESIAN_POINT('',(0.213228638632706,33.2578010834613,-110.979772321633));
#3016=CARTESIAN_POINT('',(1.43543639097332,38.2473220494907,-110.92977232155));
#3017=CARTESIAN_POINT('Origin',(1.11424313309844,36.936087939541,-110.929772321572));
#3018=CARTESIAN_POINT('',(1.43543639093305,38.2473220493263,-100.42977232155));
#3019=CARTESIAN_POINT('',(1.43543639093305,38.2473220493263,-100.42977232155));
#3020=CARTESIAN_POINT('',(1.11424313305299,36.9360879393554,-99.0797723215721));
#3021=CARTESIAN_POINT('Origin',(1.11424313305816,36.9360879393766,-100.429772321572));
#3022=CARTESIAN_POINT('',(-3.83451224753782,16.7333698008704,-99.0797723219073));
#3023=CARTESIAN_POINT('',(-3.83451224753782,16.7333698008704,-99.0797723219073));
#3024=CARTESIAN_POINT('',(-4.15570550540752,15.4221356909418,-100.429772321929));
#3025=CARTESIAN_POINT('Origin',(-3.83451224753264,16.7333698008915,-100.429772321907));
#3026=CARTESIAN_POINT('',(-4.15570550536725,15.4221356911061,-110.929772321929));
#3027=CARTESIAN_POINT('',(-4.15570550540752,15.4221356909417,-100.429772321929));
#3028=CARTESIAN_POINT('',(-4.15548513260844,15.4230353372574,-110.979772321929));
#3029=CARTESIAN_POINT('Origin',(-3.83451224749236,16.7333698010559,-110.929772321907));
#3030=CARTESIAN_POINT('',(-4.15548513259847,15.4230353372981,-113.579772321929));
#3031=CARTESIAN_POINT('',(-4.15548513260844,15.4230353372574,-110.979772321929));
#3032=CARTESIAN_POINT('',(-5.17876551192153,11.2456122298262,-113.579772321998));
#3033=CARTESIAN_POINT('',(0.213228638642679,33.257801083502,-113.579772321633));
#3034=CARTESIAN_POINT('',(-5.17876551197197,11.2456122296203,-100.429772321998));
#3035=CARTESIAN_POINT('',(-4.89388486681456,12.4086043225004,-105.129756707745));
#3036=CARTESIAN_POINT('',(-4.89388563676256,12.4086011792773,-106.229772321979));
#3037=CARTESIAN_POINT('',(-4.89388563676678,12.40860117926,-105.129772321979));
#3038=CARTESIAN_POINT('',(-4.85152826995051,12.5815202017346,-106.229772321979));
#3039=CARTESIAN_POINT('',(-4.89388563676256,12.4086011792772,-106.229772321979));
#3040=CARTESIAN_POINT('Origin',(-4.66723550866961,13.3338739603632,-105.679772321964));
#3041=CARTESIAN_POINT('',(-4.85152486145668,12.5815341165141,-105.129752146146));
#3042=CARTESIAN_POINT('Origin',(-4.66723550866961,13.3338739603632,-105.679772321964));
#3043=CARTESIAN_POINT('',(-4.89388286527164,12.4086124935665,-105.129752146146));
#3044=CARTESIAN_POINT('Origin',(10.6871481240544,10.4483574658695,-110.97977232195));
#3045=CARTESIAN_POINT('',(10.9965534712554,11.7114688018143,-110.979772321929));
#3046=CARTESIAN_POINT('',(10.9965534712653,11.711468801855,-113.579772321929));
#3047=CARTESIAN_POINT('',(10.9965534712554,11.7114688018143,-110.979772321929));
#3048=CARTESIAN_POINT('',(10.6871481240643,10.4483574659102,-113.57977232195));
#3049=CARTESIAN_POINT('',(16.7171926341019,35.0653126859243,-113.579771882409));
#3050=CARTESIAN_POINT('',(10.6871481240544,10.4483574658695,-110.97977232195));
#3051=CARTESIAN_POINT('',(10.6870358871694,10.4478992718433,-100.42977232195));
#3052=CARTESIAN_POINT('',(10.9963330984601,11.7105691555143,-101.429772321929));
#3053=CARTESIAN_POINT('',(10.6870358871732,10.447899271859,-101.42977232195));
#3054=CARTESIAN_POINT('',(10.9963330984966,11.710569155663,-110.929772321929));
#3055=CARTESIAN_POINT('',(10.9963330984563,11.7105691554986,-100.429772321929));
#3056=CARTESIAN_POINT('Origin',(11.3175263563714,13.0218032656128,-110.929772321907));
#3057=CARTESIAN_POINT('Origin',(-4.15548513260844,15.4230353372574,-110.979772321929));
#3058=CARTESIAN_POINT('',(-4.15548513259847,15.4230353372981,-113.579772321929));
#3059=CARTESIAN_POINT('',(-4.15548513260844,15.4230353372574,-110.979772321929));
#3060=CARTESIAN_POINT('Origin',(12.7576909898371,62.1292564716733,-113.579771882409));
#3061=CARTESIAN_POINT('',(-1.13996559263238,10.2562882836767,-113.579772321998));
#3062=CARTESIAN_POINT('Origin',(-2.81381902267981,13.7550002233115,-101.42977232195));
#3063=CARTESIAN_POINT('',(-4.15570550540369,15.4221356909574,-101.429772321929));
#3064=CARTESIAN_POINT('Origin',(-4.89388563676678,12.40860117926,-105.129772321979));
#3065=CARTESIAN_POINT('',(-4.65106450529038,12.3491209463375,-106.229772321979));
#3066=CARTESIAN_POINT('',(-4.40824060232729,12.2896520276869,-105.129752146146));
#3067=CARTESIAN_POINT('Origin',(-4.4082433738182,12.2896407133977,-106.229772321979));
#3068=CARTESIAN_POINT('',(-3.20034457593971,12.177054617744,-106.229772321979));
#3069=CARTESIAN_POINT('Origin',(19.2838172345949,112.529093204249,-99.9462276766651));
#3070=CARTESIAN_POINT('',(15.8128621013036,89.7963191850405,-99.9462276770343));
#3071=CARTESIAN_POINT('',(21.261272870758,112.038822322232,-99.9462276766652));
#3072=CARTESIAN_POINT('',(12.6861493205826,77.0318779971294,-99.9462276772461));
#3073=CARTESIAN_POINT('',(14.1628293234353,90.2054120671105,-99.9462276770342));
#3074=CARTESIAN_POINT('',(13.7730622475337,90.3020470785813,-99.9462276770342));
#3075=CARTESIAN_POINT('',(19.6112400928898,112.447915204302,-99.9462276766651));
#3076=CARTESIAN_POINT('',(11.0349820761898,77.4363395515888,-99.9462276772461));
#3077=CARTESIAN_POINT('',(19.2838172345949,112.529093204249,-99.9462276766651));
#3078=CARTESIAN_POINT('Origin',(19.2838172346434,112.529093204446,-112.546227676666));
#3079=CARTESIAN_POINT('',(21.261287665315,112.038818654424,-112.546227676666));
#3080=CARTESIAN_POINT('',(21.2612800528945,112.038820541665,-106.062998888502));
#3081=CARTESIAN_POINT('',(19.6112548874467,112.447911536494,-112.546227676666));
#3082=CARTESIAN_POINT('',(19.6112554942282,112.447911386063,-113.063001973229));
#3083=CARTESIAN_POINT('',(19.2838172346434,112.529093204446,-112.546227676666));
#3084=CARTESIAN_POINT('Origin',(13.7730622475822,90.3020470787785,-112.546227677035));
#3085=CARTESIAN_POINT('',(15.8128768958605,89.7963155172329,-112.546227677035));
#3086=CARTESIAN_POINT('',(9.96198017271177,65.9107102964195,-112.546227677431));
#3087=CARTESIAN_POINT('',(14.1628441179923,90.2054083993029,-112.546227677035));
#3088=CARTESIAN_POINT('',(8.31081292831899,66.3151718508789,-112.546227677431));
#3089=CARTESIAN_POINT('',(13.7730622475822,90.3020470787785,-112.546227677035));
#3090=CARTESIAN_POINT('Origin',(13.7730622475337,90.3020470785813,-99.9462276770342));
#3091=CARTESIAN_POINT('',(15.8128618861615,89.7963192383776,-99.7629988111778));
#3092=CARTESIAN_POINT('',(14.1628373274952,90.2054100827759,-106.763001895905));
#3093=CARTESIAN_POINT('Origin',(19.873395824938,114.907095955784,-106.246227676626));
#3094=CARTESIAN_POINT('',(20.1941547743513,114.827570139779,-105.146227676626));
#3095=CARTESIAN_POINT('Origin',(20.1941560659396,114.827569819573,-106.246227676626));
#3096=CARTESIAN_POINT('',(21.8441875522196,114.418477257709,-105.146227676626));
#3097=CARTESIAN_POINT('',(19.8733958249337,114.907095955767,-105.146227676626));
#3098=CARTESIAN_POINT('Origin',(21.8441888438079,114.418476937503,-106.246227676626));
#3099=CARTESIAN_POINT('Origin',(13.1834836572391,87.9240443272437,-106.246227677074));
#3100=CARTESIAN_POINT('',(13.5799268533541,87.8257541042365,-105.146227677074));
#3101=CARTESIAN_POINT('Origin',(13.5799281449424,87.8257537840311,-106.246227677074));
#3102=CARTESIAN_POINT('',(15.2299596312224,87.4166612221665,-105.146227677074));
#3103=CARTESIAN_POINT('',(13.1834836572349,87.9240443272265,-105.146227677074));
#3104=CARTESIAN_POINT('Origin',(15.2299609228107,87.4166609019611,-106.246227677074));
#3105=CARTESIAN_POINT('Origin',(38.319005017141,48.7997806567522,-97.7797715269803));
#3106=CARTESIAN_POINT('',(23.1645531258897,79.7674744053313,-97.7797715269847));
#3107=CARTESIAN_POINT('',(23.1645531258897,79.7674744053313,-99.7797715269847));
#3108=CARTESIAN_POINT('',(23.1645531258897,79.7674744053313,-97.7797715269826));
#3109=CARTESIAN_POINT('',(16.6281243904176,93.1244816228847,-97.7797715269807));
#3110=CARTESIAN_POINT('',(38.319005017141,48.7997806567522,-97.7797715269803));
#3111=CARTESIAN_POINT('',(16.6281258844339,93.1244785699047,-99.5797723214814));
#3112=CARTESIAN_POINT('',(16.6281243904874,93.1244816227421,-97.7798556318088));
#3113=CARTESIAN_POINT('',(16.6281159243292,93.124498923097,-99.7797715269807));
#3114=CARTESIAN_POINT('',(16.6281150113903,93.1245007886618,-98.6798566600803));
#3115=CARTESIAN_POINT('',(38.319005017141,48.7997806567522,-99.7797715269803));
#3116=CARTESIAN_POINT('Origin',(3.10402256873088,125.310667777078,-97.779771526981));
#3117=CARTESIAN_POINT('',(24.6410163125631,81.3004303029767,-99.7797715269806));
#3118=CARTESIAN_POINT('',(24.6410163125631,81.3004303029767,-97.7797715269806));
#3119=CARTESIAN_POINT('',(24.641016312564,81.3004303029776,-97.7797715269826));
#3120=CARTESIAN_POINT('',(17.3708881382448,96.1567315688196,-99.7797715269807));
#3121=CARTESIAN_POINT('',(3.10402256873089,125.310667777078,-99.779771526981));
#3122=CARTESIAN_POINT('',(17.3708910280985,96.1567308609357,-99.5797723214814));
#3123=CARTESIAN_POINT('',(17.3708793065478,96.1567496161425,-98.6797816871751));
#3124=CARTESIAN_POINT('',(17.3708881382448,96.1567315688196,-97.7797715269807));
#3125=CARTESIAN_POINT('',(17.3708886856449,96.1567304502228,-97.7797806589037));
#3126=CARTESIAN_POINT('',(3.10402256873088,125.310667777078,-97.779771526981));
#3127=CARTESIAN_POINT('Origin',(14.0394421767547,68.8254376673763,-97.7797715269846));
#3128=CARTESIAN_POINT('',(4.10967797616644,42.0193804431538,-97.7797702650215));
#3129=CARTESIAN_POINT('',(12.0286536618219,68.2054910703513,-97.7797715269846));
#3130=CARTESIAN_POINT('',(-28.0832539593892,26.5588141272667,-97.7797715269844));
#3131=CARTESIAN_POINT('',(11.2153927619204,71.0276415463122,-97.7797715269846));
#3132=CARTESIAN_POINT('',(31.2993739993607,1.33288895795052,-97.7797715269841));
#3133=CARTESIAN_POINT('',(10.2590601775968,67.1235179053816,-97.7797715269846));
#3134=CARTESIAN_POINT('',(4.10967797616644,42.0193804431538,-97.7797702650215));
#3135=CARTESIAN_POINT('',(15.7093925327875,48.2099588590678,-97.7797715269845));
#3136=CARTESIAN_POINT('',(-4.94505003429654,119.884307064495,-97.779771526985));
#3137=CARTESIAN_POINT('',(6.2638522516659,38.4030115466821,-97.7797715269844));
#3138=CARTESIAN_POINT('',(55.5715848077133,89.5973658005256,-97.7797715269847));
#3139=CARTESIAN_POINT('',(3.39591518088896,39.1055268654876,-97.7797702650215));
#3140=CARTESIAN_POINT('',(1.74473360220981,39.5099919329402,-97.7797723215294));
#3141=CARTESIAN_POINT('',(1.74473360220981,39.5099919329402,-97.7797723215294));
#3142=CARTESIAN_POINT('',(11.317526356321,13.0218032654069,-97.7797723219073));
#3143=CARTESIAN_POINT('',(-3.8345122475428,16.73336980085,-97.7797723219073));
#3144=CARTESIAN_POINT('',(16.8967721826007,35.7984253016711,-97.7797723215298));
#3145=CARTESIAN_POINT('',(16.2662817369118,33.224521403892,-97.7797723215721));
#3146=CARTESIAN_POINT('',(15.2455884918011,36.2028908987714,-97.7797722176094));
#3147=CARTESIAN_POINT('',(15.2455884918011,36.2028908987714,-97.7797722176094));
#3148=CARTESIAN_POINT('',(8.51058496133337,37.8526632958615,-97.7797715269844));
#3149=CARTESIAN_POINT('',(1.74473360220981,39.5099919329402,-97.7797723215294));
#3150=CARTESIAN_POINT('',(18.0846579406963,47.793061248664,-97.7797715269845));
#3151=CARTESIAN_POINT('',(-15.4902936994143,12.9334585207342,-97.7797715269843));
#3152=CARTESIAN_POINT('',(19.0317434119054,51.6594301497664,-97.7797715269845));
#3153=CARTESIAN_POINT('',(15.2455884918011,36.2028908987714,-97.7797722176094));
#3154=CARTESIAN_POINT('',(17.3114489566685,49.8733134658928,-97.7797715269845));
#3155=CARTESIAN_POINT('',(55.5715848077133,89.5973658005256,-97.7797715269847));
#3156=CARTESIAN_POINT('',(12.6681327948872,65.986392205562,-97.7797715269846));
#3157=CARTESIAN_POINT('',(31.2993739993607,1.33288895795052,-97.7797715269841));
#3158=CARTESIAN_POINT('',(25.9086247098142,79.7334943019189,-97.7797722176094));
#3159=CARTESIAN_POINT('',(58.3243504337654,113.389516594586,-97.7797715269848));
#3160=CARTESIAN_POINT('',(26.8557110925731,83.5998641494448,-97.7797722176094));
#3161=CARTESIAN_POINT('',(15.2455884918011,36.2028908987714,-97.7797722176094));
#3162=CARTESIAN_POINT('',(-28.0832539593892,26.5588141272667,-97.7797715269844));
#3163=CARTESIAN_POINT('Origin',(58.3243504337654,113.389516594586,-97.7797715269848));
#3164=CARTESIAN_POINT('',(12.6681327948872,65.986392205562,-99.7797715269846));
#3165=CARTESIAN_POINT('',(25.9086242877997,79.7334938637573,-99.7797715269847));
#3166=CARTESIAN_POINT('',(36.5354637284021,90.7669394253121,-99.7797715269847));
#3167=CARTESIAN_POINT('',(25.9086240430314,79.7334936096235,-105.679771564681));
#3168=CARTESIAN_POINT('',(12.6681327948872,65.986392205562,-97.7797715269846));
#3169=CARTESIAN_POINT('Origin',(-28.0832539593892,26.5588141272667,-97.7797715269844));
#3170=CARTESIAN_POINT('',(12.0286536618219,68.2054910703513,-99.7797715269846));
#3171=CARTESIAN_POINT('',(-7.38859214067905,48.0452989723419,-99.7797715269845));
#3172=CARTESIAN_POINT('',(12.0286536618217,68.2054910703511,-97.7797715269846));
#3173=CARTESIAN_POINT('Origin',(14.0394421767547,68.8254376673763,-99.7797715269846));
#3174=CARTESIAN_POINT('',(17.3114489566685,49.8733134658928,-99.7797715269845));
#3175=CARTESIAN_POINT('',(4.01770291781681,96.004821467079,-99.7797715269848));
#3176=CARTESIAN_POINT('',(19.0317434119054,51.6594301497664,-99.7797715269845));
#3177=CARTESIAN_POINT('',(3.7372013244414,35.779685428471,-99.7797715269844));
#3178=CARTESIAN_POINT('',(18.0846575186836,47.7930608105098,-99.7797715269845));
#3179=CARTESIAN_POINT('',(17.0476949286297,43.5597818148627,-99.7797715269844));
#3180=CARTESIAN_POINT('',(8.51058496139697,37.8526632959289,-99.7797715269844));
#3181=CARTESIAN_POINT('',(40.6278733835727,71.1988294228913,-99.7797715269846));
#3182=CARTESIAN_POINT('',(6.26385225166591,38.4030115466821,-99.7797715269844));
#3183=CARTESIAN_POINT('',(8.82885898409366,37.7747005054011,-99.7797715269844));
#3184=CARTESIAN_POINT('',(15.7093925327869,48.2099588590673,-99.7797715269845));
#3185=CARTESIAN_POINT('',(3.7372013244414,35.779685428471,-99.7797715269844));
#3186=CARTESIAN_POINT('',(10.2590553304254,67.1235347258624,-99.7797715269846));
#3187=CARTESIAN_POINT('',(19.5769605155543,34.7888552197617,-99.7797715269844));
#3188=CARTESIAN_POINT('',(11.2153927619205,71.0276415463122,-99.7797715269846));
#3189=CARTESIAN_POINT('',(6.67802058793868,52.5043769816077,-99.7797715269845));
#3190=CARTESIAN_POINT('',(4.01770291781681,96.004821467079,-99.7797715269848));
#3191=CARTESIAN_POINT('',(9.86272802109183,65.5055898449295,-99.7797715269805));
#3192=CARTESIAN_POINT('',(26.8557106705587,83.5998637112832,-99.7797715269847));
#3193=CARTESIAN_POINT('',(-7.38859214067905,48.0452989723419,-99.7797715269845));
#3194=CARTESIAN_POINT('',(18.9808050658673,51.4514787948036,-99.7797715269845));
#3195=CARTESIAN_POINT('Origin',(4.10966575643263,42.0193834364378,-99.579772321499));
#3196=CARTESIAN_POINT('',(11.2153965218398,71.0276406253015,-99.5797723214813));
#3197=CARTESIAN_POINT('',(4.10968009112321,42.0193799250847,-99.5797723214811));
#3198=CARTESIAN_POINT('',(11.2153860970378,71.0276646745628,-98.6797366969448));
#3199=CARTESIAN_POINT('',(11.2153927619205,71.0276415463122,-102.779771526985));
#3200=CARTESIAN_POINT('',(11.2153860970378,71.0276646745628,-98.6797366969448));
#3201=CARTESIAN_POINT('',(10.2590553304254,67.1235347258624,-102.779771526985));
#3202=CARTESIAN_POINT('',(6.67802058793869,52.5043769816077,-102.779771526985));
#3203=CARTESIAN_POINT('',(10.2590525703054,67.1235443039373,-98.6798817062476));
#3204=CARTESIAN_POINT('',(10.2590613893886,67.1235137002531,-99.5797723214813));
#3205=CARTESIAN_POINT('',(10.2590525703054,67.1235443039373,-98.6798817062476));
#3206=CARTESIAN_POINT('',(10.0109301065863,66.11054660403,-99.5797723214813));
#3207=CARTESIAN_POINT('',(4.10968009112321,42.0193799250847,-99.5797723214811));
#3208=CARTESIAN_POINT('',(9.06384376746537,62.2441768018136,-99.5797723214812));
#3209=CARTESIAN_POINT('',(4.10968009112321,42.0193799250847,-99.5797723214811));
#3210=CARTESIAN_POINT('',(4.10968009150503,42.0193799266439,-99.579772321481));
#3211=CARTESIAN_POINT('',(4.10968009112321,42.0193799250847,-99.5797723214811));
#3212=CARTESIAN_POINT('',(4.10968009152632,42.0193799267308,-105.129772321481));
#3213=CARTESIAN_POINT('',(4.10968009150829,42.0193799266572,-100.429772321481));
#3214=CARTESIAN_POINT('',(4.10968009153054,42.019379926748,-106.229772321481));
#3215=CARTESIAN_POINT('',(4.10968009112324,42.0193799250847,-111.779772321481));
#3216=CARTESIAN_POINT('',(4.10968009154876,42.0193799268223,-110.979772321481));
#3217=CARTESIAN_POINT('',(4.10968009150829,42.0193799266572,-100.429772321481));
#3218=CARTESIAN_POINT('',(3.39591729627124,39.1055263491562,-110.979772321529));
#3219=CARTESIAN_POINT('',(-1.34157222281136,19.7652765131204,-110.97977232185));
#3220=CARTESIAN_POINT('',(3.39591729628121,39.1055263491969,-113.579772321529));
#3221=CARTESIAN_POINT('',(3.39590965891439,39.1055282198698,-105.279772321539));
#3222=CARTESIAN_POINT('',(10.2590626011829,67.1235094951281,-113.579771882409));
#3223=CARTESIAN_POINT('',(4.10968220608,42.0193794070156,-113.579774377941));
#3224=CARTESIAN_POINT('',(10.2590626011829,67.1235094951281,-111.579771882409));
#3225=CARTESIAN_POINT('',(10.2590626011829,67.1235094951281,-113.579771882409));
#3226=CARTESIAN_POINT('',(10.2590626011829,67.1235094951281,-108.579771882409));
#3227=CARTESIAN_POINT('',(10.2590626011829,67.1235094951281,-113.579771882409));
#3228=CARTESIAN_POINT('',(11.2153927619186,71.0276415463046,-108.579771882409));
#3229=CARTESIAN_POINT('',(6.67802740279034,52.504375312269,-108.579771882409));
#3230=CARTESIAN_POINT('',(11.2153927619186,71.0276415463045,-111.579771882409));
#3231=CARTESIAN_POINT('',(11.2153914155631,71.0276462183817,-106.579891764495));
#3232=CARTESIAN_POINT('',(11.215396128009,71.0276298654115,-113.579771882409));
#3233=CARTESIAN_POINT('',(11.2153914155631,71.0276462183817,-106.579891764495));
#3234=CARTESIAN_POINT('',(22.8530932100665,118.537174356528,-113.579774377941));
#3235=CARTESIAN_POINT('',(4.10968220608,42.0193794070156,-113.579774377941));
#3236=CARTESIAN_POINT('',(22.8530767604191,118.53717838595,-99.5797723214994));
#3237=CARTESIAN_POINT('',(22.8530910951097,118.537174874597,-111.779772321482));
#3238=CARTESIAN_POINT('',(4.10968009112321,42.0193799250847,-99.5797723214811));
#3239=CARTESIAN_POINT('Origin',(4.10967797616644,42.0193804431538,-97.7797702650215));
#3240=CARTESIAN_POINT('',(4.10967797616644,42.0193804431538,-97.7797702650215));
#3241=CARTESIAN_POINT('',(11.2153937044014,71.0276382757469,-97.7797356686469));
#3242=CARTESIAN_POINT('Origin',(2.45851496171649,42.423840961584,-113.579776434431));
#3243=CARTESIAN_POINT('',(2.45851496171649,42.423840961584,-113.579776434431));
#3244=CARTESIAN_POINT('',(21.2019074010988,118.941640458588,-97.7797723215299));
#3245=CARTESIAN_POINT('',(2.45849639711235,42.4238455090753,-97.7797723215295));
#3246=CARTESIAN_POINT('',(21.201925965703,118.941635911096,-113.579776434431));
#3247=CARTESIAN_POINT('',(21.201925965703,118.941635911096,-113.579776434431));
#3248=CARTESIAN_POINT('',(1.43521703422035,38.2463462157366,-113.579776434431));
#3249=CARTESIAN_POINT('',(2.45851496171649,42.423840961584,-113.579776434431));
#3250=CARTESIAN_POINT('',(1.43521703422035,38.2463462157366,-113.579776434431));
#3251=CARTESIAN_POINT('Origin',(2.45849639711235,42.4238455090753,-97.7797723215295));
#3252=CARTESIAN_POINT('',(4.10967797616644,42.0193804431538,-97.7797702650215));
#3253=CARTESIAN_POINT('',(22.8530889801529,118.537175392666,-97.7797702650219));
#3254=CARTESIAN_POINT('',(4.10967797616644,42.0193804431538,-97.7797702650215));
#3255=CARTESIAN_POINT('',(22.8530889801529,118.537175392666,-97.7797702650219));
#3256=CARTESIAN_POINT('Origin',(27.9672268416805,84.5648844151052,-105.679772447282));
#3257=CARTESIAN_POINT('',(28.7928191561371,84.3626515016572,-97.7797723215298));
#3258=CARTESIAN_POINT('',(27.1416354653376,84.7671170987575,-97.7797722176094));
#3259=CARTESIAN_POINT('',(27.5544313880375,84.6660006994824,-97.7797722435895));
#3260=CARTESIAN_POINT('',(28.7928182180234,84.3626517314528,-113.579772676954));
#3261=CARTESIAN_POINT('',(28.7928189216087,84.3626515591061,-101.729772410386));
#3262=CARTESIAN_POINT('',(27.1416345272238,84.7671173285531,-113.579772573034));
#3263=CARTESIAN_POINT('',(28.3800222953235,84.4637681307279,-113.579772650974));
#3264=CARTESIAN_POINT('',(27.1416347617523,84.7671172711042,-109.629772484178));
#3265=CARTESIAN_POINT('Origin',(16.8967721826007,35.7984253016711,-97.7797723215298));
#3266=CARTESIAN_POINT('',(16.8967721826007,35.7984253016711,-97.7797723215298));
#3267=CARTESIAN_POINT('',(16.8967722061242,35.7984253977037,-110.979772321529));
#3268=CARTESIAN_POINT('',(16.8967721826007,35.7984253016711,-97.7797723215298));
#3269=CARTESIAN_POINT('',(16.8967722061342,35.7984253977444,-113.579772321529));
#3270=CARTESIAN_POINT('',(16.8967722061241,35.7984253977029,-110.929772321529));
#3271=CARTESIAN_POINT('',(16.8967712444869,35.7984255314667,-113.579772676954));
#3272=CARTESIAN_POINT('Origin',(15.2455884918011,36.2028908987714,-97.7797722176094));
#3273=CARTESIAN_POINT('',(15.2455884918011,36.2028908987714,-97.7797722176094));
#3274=CARTESIAN_POINT('',(15.2455884918011,36.2028908987714,-97.7797722176094));
#3275=CARTESIAN_POINT('',(15.2455884918011,36.2028908987714,-97.7797722176094));
#3276=CARTESIAN_POINT('Origin',(25.9086242877998,79.7334938637573,-102.779771526985));
#3277=CARTESIAN_POINT('',(25.9086242877998,79.7334938637573,-102.779771526985));
#3278=CARTESIAN_POINT('',(26.8557106705587,83.5998637112832,-102.779771526985));
#3279=CARTESIAN_POINT('',(18.9808050658673,51.4514787948036,-102.779771526984));
#3280=CARTESIAN_POINT('',(25.9086240430314,79.7334936096235,-105.679771564681));
#3281=CARTESIAN_POINT('',(26.8557104257897,83.5998634571487,-105.679779434551));
#3282=CARTESIAN_POINT('Origin',(18.0846575186837,47.7930608105098,-102.779771526984));
#3283=CARTESIAN_POINT('',(18.0846575186837,47.7930608105098,-102.779771526984));
#3284=CARTESIAN_POINT('',(19.0317434119054,51.6594301497664,-102.779771526984));
#3285=CARTESIAN_POINT('',(17.0476949286297,43.5597818148627,-102.779771526984));
#3286=CARTESIAN_POINT('',(18.0846572739154,47.7930605563761,-105.679769474688));
#3287=CARTESIAN_POINT('',(19.03174365667,51.6594304038858,-105.679776110986));
#3288=CARTESIAN_POINT('Origin',(11.2153859470671,71.0276432156441,-102.779771526985));
#3289=CARTESIAN_POINT('Origin',(54.6090075168968,85.7149123289209,-97.7797715269847));
#3290=CARTESIAN_POINT('',(18.0846572739154,47.7930605563761,-105.679769474688));
#3291=CARTESIAN_POINT('',(8.51058496134943,37.8526632958795,-99.1047719248439));
#3292=CARTESIAN_POINT('Origin',(-17.7318292563619,13.4892027787124,-97.7797715269843));
#3293=CARTESIAN_POINT('',(17.3114489566688,49.8733134658842,-97.7797715269845));
#3294=CARTESIAN_POINT('',(19.03174365667,51.6594304038858,-105.679776110986));
#3295=CARTESIAN_POINT('Origin',(-3.98247274347561,123.766760536117,-97.779771526985));
#3296=CARTESIAN_POINT('Origin',(26.8557101810214,83.5998632030135,-108.579771882409));
#3297=CARTESIAN_POINT('',(26.8557101810214,83.5998632030135,-108.579771882409));
#3298=CARTESIAN_POINT('',(25.9086233762485,79.7334929173281,-108.579771882409));
#3299=CARTESIAN_POINT('',(18.9808047214948,51.4514788791522,-108.579771882409));
#3300=CARTESIAN_POINT('',(26.8557101810214,83.5998632030135,-111.579771882409));
#3301=CARTESIAN_POINT('',(26.8557097590069,83.5998627648518,-113.579772231394));
#3302=CARTESIAN_POINT('',(25.9086233762485,79.7334929173281,-111.579771882409));
#3303=CARTESIAN_POINT('',(18.9808047214948,51.4514788791522,-111.579771882409));
#3304=CARTESIAN_POINT('',(25.9086233762484,79.7334929173294,-113.579779404243));
#3305=CARTESIAN_POINT('Origin',(10.2590567263068,67.123510934208,-108.579771882409));
#3306=CARTESIAN_POINT('',(6.67802740279035,52.5043753122689,-111.579771882409));
#3307=CARTESIAN_POINT('Origin',(19.0317434119054,51.6594301497663,-108.579771882409));
#3308=CARTESIAN_POINT('',(19.0317434119054,51.6594301497663,-108.579771882409));
#3309=CARTESIAN_POINT('',(18.0846566071323,47.7930598640803,-108.579771882409));
#3310=CARTESIAN_POINT('',(17.0476945842598,43.5597818992219,-108.579771882409));
#3311=CARTESIAN_POINT('',(19.0317434119054,51.6594301497663,-111.579771882409));
#3312=CARTESIAN_POINT('',(19.0317429898911,51.6594297116048,-113.57976986042));
#3313=CARTESIAN_POINT('',(18.0846566071323,47.7930598640802,-111.579771882409));
#3314=CARTESIAN_POINT('',(17.0476945842598,43.5597818992218,-111.579771882409));
#3315=CARTESIAN_POINT('',(18.0846566071338,47.7930598640871,-113.579775799696));
#3316=CARTESIAN_POINT('Origin',(14.0394421767469,68.8254376673639,-111.579771882409));
#3317=CARTESIAN_POINT('',(12.6681327948853,65.9863922055593,-111.579771882409));
#3318=CARTESIAN_POINT('',(-7.14962711358615,45.4103614558442,-111.579771882409));
#3319=CARTESIAN_POINT('',(12.0286536618192,68.2054910703481,-111.579771882409));
#3320=CARTESIAN_POINT('',(34.6944422774185,91.7385223349811,-111.579771882409));
#3321=CARTESIAN_POINT('',(21.6586262892382,34.7878856779848,-111.579771882409));
#3322=CARTESIAN_POINT('',(15.7093925327848,48.2099588590727,-111.579771882409));
#3323=CARTESIAN_POINT('',(2.57551627719666,93.7866921440508,-111.579771882409));
#3324=CARTESIAN_POINT('',(6.26385225166592,38.4030115466821,-111.579771882409));
#3325=CARTESIAN_POINT('',(40.3889083564701,73.8337669393788,-111.579771882409));
#3326=CARTESIAN_POINT('',(8.51058493195568,37.8526632653617,-111.579771882409));
#3327=CARTESIAN_POINT('',(8.82885898411858,37.7747005054912,-111.579771882409));
#3328=CARTESIAN_POINT('',(5.57822277543,34.8081025188058,-111.579771882409));
#3329=CARTESIAN_POINT('',(17.311448956668,49.8733134658923,-111.579771882409));
#3330=CARTESIAN_POINT('',(40.3889083564701,73.8337669393788,-111.579771882409));
#3331=CARTESIAN_POINT('',(21.6586262892382,34.7878856779848,-111.579771882409));
#3332=CARTESIAN_POINT('Origin',(-4.94505003430096,119.884307064496,-113.579771882409));
#3333=CARTESIAN_POINT('',(15.7093925327848,48.2099588590726,-113.579771882409));
#3334=CARTESIAN_POINT('',(-4.94505003430096,119.884307064496,-113.579771882409));
#3335=CARTESIAN_POINT('',(15.7093925327848,48.2099588590726,-113.579771882409));
#3336=CARTESIAN_POINT('Origin',(31.2993739993673,1.3328889579395,-113.579771882408));
#3337=CARTESIAN_POINT('',(12.0286536618192,68.2054910703481,-113.579771882409));
#3338=CARTESIAN_POINT('',(12.0286536618192,68.2054910703481,-113.579771882409));
#3339=CARTESIAN_POINT('',(31.2993739993673,1.3328889579395,-113.579771882408));
#3340=CARTESIAN_POINT('Origin',(56.0828148768157,113.945260852556,-113.579771882409));
#3341=CARTESIAN_POINT('',(26.8557097590069,83.5998627648518,-113.579772573034));
#3342=CARTESIAN_POINT('',(26.8557097590069,83.5998627648518,-113.579772231394));
#3343=CARTESIAN_POINT('',(-28.0832539593847,26.5588141272656,-113.579771882409));
#3344=CARTESIAN_POINT('Origin',(-29.0458312502013,22.6763606556609,-113.579771882409));
#3345=CARTESIAN_POINT('',(12.6681327948853,65.9863922055592,-113.579771882409));
#3346=CARTESIAN_POINT('',(12.6681327948853,65.9863922055592,-113.579771882409));
#3347=CARTESIAN_POINT('',(25.9086233762485,79.7334929173281,-113.579771882409));
#3348=CARTESIAN_POINT('',(58.3243504337544,113.38951659458,-113.579771882409));
#3349=CARTESIAN_POINT('',(25.9086233762484,79.7334929173294,-113.579779404243));
#3350=CARTESIAN_POINT('Origin',(-28.0832539593892,26.5588141272667,-97.7797715269844));
#3351=CARTESIAN_POINT('',(26.8557104257897,83.5998634571487,-105.679779434551));
#3352=CARTESIAN_POINT('Origin',(-3.98247274347561,123.766760536117,-97.779771526985));
#3353=CARTESIAN_POINT('Origin',(29.0578384424176,1.8886332159089,-97.7797715269841));
#3354=CARTESIAN_POINT('',(15.709392532787,48.2099588590673,-97.7797715269845));
#3355=CARTESIAN_POINT('',(10.259060177669,67.1235179051215,-97.7798806779497));
#3356=CARTESIAN_POINT('Origin',(4.10967797616644,42.0193804431538,-97.7797702650215));
#3357=CARTESIAN_POINT('',(3.39591729622751,39.1055263489778,-99.5797723215294));
#3358=CARTESIAN_POINT('',(3.3959177955923,39.1055262266629,-100.004771293274));
#3359=CARTESIAN_POINT('',(-3.32534902596913,11.6667384926218,-99.5797723219847));
#3360=CARTESIAN_POINT('Origin',(-17.7318292563619,13.4892027787124,-97.7797715269843));
#3361=CARTESIAN_POINT('',(6.26385225154338,38.4030115465549,-99.1047719239126));
#3362=CARTESIAN_POINT('Origin',(4.10967797616644,42.0193804431538,-97.7797702650215));
#3363=CARTESIAN_POINT('',(22.8530910951097,118.537174874597,-99.5797723214815));
#3364=CARTESIAN_POINT('Origin',(-3.83451224753782,16.7333698008704,-99.0797723219073));
#3365=CARTESIAN_POINT('',(16.2662817369168,33.2245214039123,-99.0797723215721));
#3366=CARTESIAN_POINT('',(1.11424313305299,36.9360879393554,-99.0797723215721));
#3367=CARTESIAN_POINT('',(11.317526356326,13.0218032654273,-99.0797723219073));
#3368=CARTESIAN_POINT('',(16.2662817369168,33.2245214039123,-99.0797723215721));
#3369=CARTESIAN_POINT('',(-3.83451224753782,16.7333698008704,-99.0797723219073));
#3370=CARTESIAN_POINT('Origin',(1.43543639093305,38.2473220493263,-100.42977232155));
#3371=CARTESIAN_POINT('',(16.5874749947969,34.5357555138832,-100.42977232155));
#3372=CARTESIAN_POINT('',(16.6846034473857,34.5119634207073,-100.42977232155));
#3373=CARTESIAN_POINT('',(16.5874749948371,34.5357555140476,-110.92977232155));
#3374=CARTESIAN_POINT('',(16.684603447426,34.5119634208717,-110.92977232155));
#3375=CARTESIAN_POINT('',(16.5874749948371,34.5357555140476,-110.92977232155));
#3376=CARTESIAN_POINT('Origin',(1.11424313305816,36.9360879393766,-100.429772321572));
#3377=CARTESIAN_POINT('Origin',(16.266281736922,33.2245214039335,-100.429772321572));
#3378=CARTESIAN_POINT('Origin',(12.7576909898371,62.1292564716733,-113.579771882409));
#3379=CARTESIAN_POINT('',(11.7222533495579,12.1522079224086,-113.579772321919));
#3380=CARTESIAN_POINT('Ctrl Pts',(10.9965534712653,11.711468801855,-113.579772321929));
#3381=CARTESIAN_POINT('Ctrl Pts',(11.0684513080901,11.6938570723639,-113.579772321929));
#3382=CARTESIAN_POINT('Ctrl Pts',(11.1571942523249,11.6899674110924,-113.579772321929));
#3383=CARTESIAN_POINT('Ctrl Pts',(11.2303576289775,11.7012187342385,-113.579772321928));
#3384=CARTESIAN_POINT('Ctrl Pts',(11.3035464966246,11.7124739774801,-113.579772321928));
#3385=CARTESIAN_POINT('Ctrl Pts',(11.3870475119637,11.7428634371377,-113.579772321927));
#3386=CARTESIAN_POINT('Ctrl Pts',(11.4503542879913,11.7812762339232,-113.579772321926));
#3387=CARTESIAN_POINT('Ctrl Pts',(11.5137062306797,11.8197164365864,-113.579772321925));
#3388=CARTESIAN_POINT('Ctrl Pts',(11.5792615597063,11.8797972862942,-113.579772321924));
#3389=CARTESIAN_POINT('Ctrl Pts',(11.6230808093283,11.9395550572177,-113.579772321923));
#3390=CARTESIAN_POINT('Ctrl Pts',(11.6669672258826,11.999404425925,-113.579772321922));
#3391=CARTESIAN_POINT('Ctrl Pts',(11.7045958900932,12.0801233982866,-113.579772321921));
#3392=CARTESIAN_POINT('Ctrl Pts',(11.7222533495579,12.1522079224086,-113.579772321919));
#3393=CARTESIAN_POINT('',(17.0270961748626,33.808611629274,-113.57977232156));
#3394=CARTESIAN_POINT('',(13.3130636388069,18.6465058647859,-113.579772321812));
#3395=CARTESIAN_POINT('',(16.5872546220887,34.5348558679386,-113.57977232155));
#3396=CARTESIAN_POINT('Ctrl Pts',(17.0270961748626,33.808611629274,-113.57977232156));
#3397=CARTESIAN_POINT('Ctrl Pts',(17.0447536343272,33.880696153396,-113.579772321559));
#3398=CARTESIAN_POINT('Ctrl Pts',(17.0486915344738,33.9696678444658,-113.579772321557));
#3399=CARTESIAN_POINT('Ctrl Pts',(17.0374346712492,34.0430248313381,-113.579772321556));
#3400=CARTESIAN_POINT('Ctrl Pts',(17.0261950363386,34.1162695473951,-113.579772321555));
#3401=CARTESIAN_POINT('Ctrl Pts',(16.9958294429739,34.1998466998053,-113.579772321554));
#3402=CARTESIAN_POINT('Ctrl Pts',(16.9574159570625,34.2632148457725,-113.579772321553));
#3403=CARTESIAN_POINT('Ctrl Pts',(16.9190298579811,34.3265378135267,-113.579772321552));
#3404=CARTESIAN_POINT('Ctrl Pts',(16.8590275561298,34.3920791180109,-113.579772321551));
#3405=CARTESIAN_POINT('Ctrl Pts',(16.7993265246894,34.4358863970046,-113.579772321551));
#3406=CARTESIAN_POINT('Ctrl Pts',(16.7396462865569,34.479678418335,-113.579772321551));
#3407=CARTESIAN_POINT('Ctrl Pts',(16.6591524589134,34.5172441384475,-113.57977232155));
#3408=CARTESIAN_POINT('Ctrl Pts',(16.5872546220887,34.5348558679386,-113.57977232155));
#3409=CARTESIAN_POINT('',(3.08640181336758,37.8419562448985,-113.579771296589));
#3410=CARTESIAN_POINT('',(1.43521601822487,38.2464224033817,-113.57977232155));
#3411=CARTESIAN_POINT('',(4.10968220608,42.0193794070156,-113.579774377941));
#3412=CARTESIAN_POINT('',(6.26385225173061,38.4030115467492,-113.579772321529));
#3413=CARTESIAN_POINT('',(5.54071239008738,38.5801482199778,-113.579772321529));
#3414=CARTESIAN_POINT('',(-17.731829256342,13.4892027787168,-113.579771882409));
#3415=CARTESIAN_POINT('',(4.10968220608,42.0193794070156,-113.579774377941));
#3416=CARTESIAN_POINT('',(15.2455875536874,36.202891128567,-113.579772573034));
#3417=CARTESIAN_POINT('',(17.311448956668,49.8733134658923,-113.579771882409));
#3418=CARTESIAN_POINT('',(31.2993739993673,1.3328889579395,-113.579771882408));
#3419=CARTESIAN_POINT('',(19.0317429898912,51.6594297116056,-113.579771882409));
#3420=CARTESIAN_POINT('',(-17.731829256342,13.4892027787168,-113.579771882409));
#3421=CARTESIAN_POINT('',(18.0846566071323,47.7930598640802,-113.579771882409));
#3422=CARTESIAN_POINT('',(15.2455875536874,36.202891128567,-113.579772573034));
#3423=CARTESIAN_POINT('',(8.51058493195569,37.8526632653616,-113.579771882409));
#3424=CARTESIAN_POINT('',(54.6090075168923,85.714912328922,-113.579771882409));
#3425=CARTESIAN_POINT('',(15.2455875536874,36.202891128567,-113.579772573034));
#3426=CARTESIAN_POINT('',(5.54071239008738,38.5801482199778,-113.579772321529));
#3427=CARTESIAN_POINT('',(16.483975321787,35.8995419307418,-113.579772650974));
#3428=CARTESIAN_POINT('',(18.2901630349803,33.5009350282134,-113.57977232156));
#3429=CARTESIAN_POINT('Origin',(16.4447224357918,33.9529847985559,-113.57977232156));
#3430=CARTESIAN_POINT('',(12.9849232332132,11.8429107111217,-113.579772321919));
#3431=CARTESIAN_POINT('',(14.5757335224622,18.337208653499,-113.579772321812));
#3432=CARTESIAN_POINT('Ctrl Pts',(12.9849232332132,11.8429107111217,-113.579772321919));
#3433=CARTESIAN_POINT('Ctrl Pts',(12.9290509618763,11.6148186631691,-113.579772321923));
#3434=CARTESIAN_POINT('Ctrl Pts',(12.8099767564927,11.3594091653133,-113.579772321928));
#3435=CARTESIAN_POINT('Ctrl Pts',(12.671078228803,11.170055284843,-113.579772321931));
#3436=CARTESIAN_POINT('Ctrl Pts',(12.532360827832,10.9809483259752,-113.579772321935));
#3437=CARTESIAN_POINT('Ctrl Pts',(12.3248319104336,10.7908497996093,-113.579772321938));
#3438=CARTESIAN_POINT('Ctrl Pts',(12.1243029620451,10.6692270217979,-113.579772321941));
#3439=CARTESIAN_POINT('Ctrl Pts',(11.9238254291843,10.5476354280094,-113.579772321944));
#3440=CARTESIAN_POINT('Ctrl Pts',(11.6594095395307,10.4514620055898,-113.579772321946));
#3441=CARTESIAN_POINT('Ctrl Pts',(11.4276608506759,10.4158487766427,-113.579772321948));
#3442=CARTESIAN_POINT('Ctrl Pts',(11.1959323031586,10.3802386428504,-113.579772321949));
#3443=CARTESIAN_POINT('Ctrl Pts',(10.9148645359542,10.3925772084783,-113.57977232195));
#3444=CARTESIAN_POINT('Ctrl Pts',(10.6871481240643,10.4483574659102,-113.57977232195));
#3445=CARTESIAN_POINT('Origin',(16.8967712444869,35.7984255314667,-113.579772676954));
#3446=CARTESIAN_POINT('',(15.2455875536874,36.202891128567,-113.579772573034));
#3447=CARTESIAN_POINT('',(15.2455875536874,36.202891128567,-113.579772573034));
#3448=CARTESIAN_POINT('',(15.2455875536874,36.202891128567,-113.579772573034));
#3449=CARTESIAN_POINT('Origin',(31.2993739993673,1.3328889579395,-113.579771882408));
#3450=CARTESIAN_POINT('',(17.311448956668,49.8733134658923,-113.579771882409));
#3451=CARTESIAN_POINT('Origin',(-15.4902936993769,12.933458520753,-113.579771882409));
#3452=CARTESIAN_POINT('',(8.51058496145113,37.8526632959857,-107.004772101614));
#3453=CARTESIAN_POINT('',(18.0846566071338,47.7930598640871,-113.579775799696));
#3454=CARTESIAN_POINT('Origin',(55.5715848077089,89.5973658005267,-113.579771882409));
#3455=CARTESIAN_POINT('',(19.0317429898911,51.6594297116048,-113.57976986042));
#3456=CARTESIAN_POINT('Origin',(4.10968220608,42.0193794070156,-113.579774377941));
#3457=CARTESIAN_POINT('',(3.08638427858386,37.8418846611683,-113.579774377941));
#3458=CARTESIAN_POINT('',(22.8530932100665,118.537174356528,-113.579774377941));
#3459=CARTESIAN_POINT('Origin',(55.5715848077089,89.5973658005267,-113.579771882409));
#3460=CARTESIAN_POINT('',(6.26385225164553,38.4030115466609,-107.00477210261));
#3461=CARTESIAN_POINT('Origin',(1.11424313309844,36.936087939541,-110.929772321572));
#3462=CARTESIAN_POINT('',(3.08639877224617,37.8419570496031,-110.97977232155));
#3463=CARTESIAN_POINT('',(16.5872546220787,34.5348558678979,-110.97977232155));
#3464=CARTESIAN_POINT('',(1.4352160182149,38.246422403341,-110.97977232155));
#3465=CARTESIAN_POINT('Origin',(16.2662817369622,33.2245214040978,-110.929772321572));
#3466=CARTESIAN_POINT('',(1.4352160182149,38.246422403341,-110.97977232155));
#3467=CARTESIAN_POINT('Origin',(16.5872546220787,34.5348558678979,-110.97977232155));
#3468=CARTESIAN_POINT('',(16.5872546220787,34.5348558678979,-110.97977232155));
#3469=CARTESIAN_POINT('',(3.08639207487874,37.8419586900616,-105.279780729059));
#3470=CARTESIAN_POINT('Ctrl Pts',(17.0270961748526,33.8086116292333,-110.97977232156));
#3471=CARTESIAN_POINT('Ctrl Pts',(17.0270961748626,33.808611629274,-113.57977232156));
#3472=CARTESIAN_POINT('Ctrl Pts',(17.0447536343173,33.8806961533552,-110.979772321559));
#3473=CARTESIAN_POINT('Ctrl Pts',(17.0447536343272,33.880696153396,-113.579772321559));
#3474=CARTESIAN_POINT('Ctrl Pts',(17.0486915344639,33.9696678444251,-110.979772321557));
#3475=CARTESIAN_POINT('Ctrl Pts',(17.0486915344738,33.9696678444658,-113.579772321557));
#3476=CARTESIAN_POINT('Ctrl Pts',(17.0261950363286,34.1162695473544,-110.979772321555));
#3477=CARTESIAN_POINT('Ctrl Pts',(17.0261950363386,34.1162695473951,-113.579772321555));
#3478=CARTESIAN_POINT('Ctrl Pts',(16.995829442964,34.1998466997646,-110.979772321554));
#3479=CARTESIAN_POINT('Ctrl Pts',(16.9958294429739,34.1998466998053,-113.579772321554));
#3480=CARTESIAN_POINT('Ctrl Pts',(16.9190298579712,34.326537813486,-110.979772321552));
#3481=CARTESIAN_POINT('Ctrl Pts',(16.9190298579811,34.3265378135267,-113.579772321552));
#3482=CARTESIAN_POINT('Ctrl Pts',(16.8590275561198,34.3920791179701,-110.979772321551));
#3483=CARTESIAN_POINT('Ctrl Pts',(16.8590275561298,34.3920791180109,-113.579772321551));
#3484=CARTESIAN_POINT('Ctrl Pts',(16.739646286547,34.4796784182943,-110.979772321551));
#3485=CARTESIAN_POINT('Ctrl Pts',(16.7396462865569,34.479678418335,-113.579772321551));
#3486=CARTESIAN_POINT('Ctrl Pts',(16.6591524589035,34.5172441384068,-110.97977232155));
#3487=CARTESIAN_POINT('Ctrl Pts',(16.6591524589134,34.5172441384475,-113.57977232155));
#3488=CARTESIAN_POINT('Ctrl Pts',(16.5872546220787,34.5348558678979,-110.97977232155));
#3489=CARTESIAN_POINT('Ctrl Pts',(16.5872546220887,34.5348558679386,-113.57977232155));
#3490=CARTESIAN_POINT('',(17.0270961748526,33.8086116292333,-110.97977232156));
#3491=CARTESIAN_POINT('Ctrl Pts',(16.5872546220787,34.5348558678979,-110.97977232155));
#3492=CARTESIAN_POINT('Ctrl Pts',(16.6591524589035,34.5172441384068,-110.97977232155));
#3493=CARTESIAN_POINT('Ctrl Pts',(16.739646286547,34.4796784182943,-110.979772321551));
#3494=CARTESIAN_POINT('Ctrl Pts',(16.7993265246794,34.4358863969639,-110.979772321551));
#3495=CARTESIAN_POINT('Ctrl Pts',(16.8590275561198,34.3920791179701,-110.979772321551));
#3496=CARTESIAN_POINT('Ctrl Pts',(16.9190298579712,34.326537813486,-110.979772321552));
#3497=CARTESIAN_POINT('Ctrl Pts',(16.9574159570525,34.2632148457318,-110.979772321553));
#3498=CARTESIAN_POINT('Ctrl Pts',(16.995829442964,34.1998466997646,-110.979772321554));
#3499=CARTESIAN_POINT('Ctrl Pts',(17.0261950363286,34.1162695473544,-110.979772321555));
#3500=CARTESIAN_POINT('Ctrl Pts',(17.0374346712392,34.0430248312974,-110.979772321556));
#3501=CARTESIAN_POINT('Ctrl Pts',(17.0486915344639,33.9696678444251,-110.979772321557));
#3502=CARTESIAN_POINT('Ctrl Pts',(17.0447536343173,33.8806961533552,-110.979772321559));
#3503=CARTESIAN_POINT('Ctrl Pts',(17.0270961748526,33.8086116292333,-110.97977232156));
#3504=CARTESIAN_POINT('',(17.0270961748526,33.8086116292333,-110.97977232156));
#3505=CARTESIAN_POINT('Ctrl Pts',(10.9965534712554,11.7114688018143,-110.979772321929));
#3506=CARTESIAN_POINT('Ctrl Pts',(10.9965534712653,11.711468801855,-113.579772321929));
#3507=CARTESIAN_POINT('Ctrl Pts',(11.0684513080801,11.6938570723232,-110.979772321929));
#3508=CARTESIAN_POINT('Ctrl Pts',(11.0684513080901,11.6938570723639,-113.579772321929));
#3509=CARTESIAN_POINT('Ctrl Pts',(11.157194252315,11.6899674110516,-110.979772321929));
#3510=CARTESIAN_POINT('Ctrl Pts',(11.1571942523249,11.6899674110924,-113.579772321929));
#3511=CARTESIAN_POINT('Ctrl Pts',(11.3035464966146,11.7124739774394,-110.979772321928));
#3512=CARTESIAN_POINT('Ctrl Pts',(11.3035464966246,11.7124739774801,-113.579772321928));
#3513=CARTESIAN_POINT('Ctrl Pts',(11.3870475119537,11.742863437097,-110.979772321927));
#3514=CARTESIAN_POINT('Ctrl Pts',(11.3870475119637,11.7428634371377,-113.579772321927));
#3515=CARTESIAN_POINT('Ctrl Pts',(11.5137062306697,11.8197164365457,-110.979772321925));
#3516=CARTESIAN_POINT('Ctrl Pts',(11.5137062306797,11.8197164365864,-113.579772321925));
#3517=CARTESIAN_POINT('Ctrl Pts',(11.5792615596963,11.8797972862535,-110.979772321924));
#3518=CARTESIAN_POINT('Ctrl Pts',(11.5792615597063,11.8797972862942,-113.579772321924));
#3519=CARTESIAN_POINT('Ctrl Pts',(11.6669672258727,11.9994044258842,-110.979772321922));
#3520=CARTESIAN_POINT('Ctrl Pts',(11.6669672258826,11.999404425925,-113.579772321922));
#3521=CARTESIAN_POINT('Ctrl Pts',(11.7045958900832,12.0801233982459,-110.979772321921));
#3522=CARTESIAN_POINT('Ctrl Pts',(11.7045958900932,12.0801233982866,-113.579772321921));
#3523=CARTESIAN_POINT('Ctrl Pts',(11.7222533495479,12.1522079223679,-110.979772321919));
#3524=CARTESIAN_POINT('Ctrl Pts',(11.7222533495579,12.1522079224086,-113.579772321919));
#3525=CARTESIAN_POINT('',(11.7222533495479,12.1522079223679,-110.979772321919));
#3526=CARTESIAN_POINT('Ctrl Pts',(11.7222533495479,12.1522079223679,-110.979772321919));
#3527=CARTESIAN_POINT('Ctrl Pts',(11.7045958900832,12.0801233982459,-110.979772321921));
#3528=CARTESIAN_POINT('Ctrl Pts',(11.6669672258727,11.9994044258842,-110.979772321922));
#3529=CARTESIAN_POINT('Ctrl Pts',(11.6230808093184,11.939555057177,-110.979772321923));
#3530=CARTESIAN_POINT('Ctrl Pts',(11.5792615596963,11.8797972862535,-110.979772321924));
#3531=CARTESIAN_POINT('Ctrl Pts',(11.5137062306697,11.8197164365457,-110.979772321925));
#3532=CARTESIAN_POINT('Ctrl Pts',(11.4503542879813,11.7812762338825,-110.979772321926));
#3533=CARTESIAN_POINT('Ctrl Pts',(11.3870475119537,11.742863437097,-110.979772321927));
#3534=CARTESIAN_POINT('Ctrl Pts',(11.3035464966146,11.7124739774394,-110.979772321928));
#3535=CARTESIAN_POINT('Ctrl Pts',(11.2303576289675,11.7012187341978,-110.979772321928));
#3536=CARTESIAN_POINT('Ctrl Pts',(11.157194252315,11.6899674110516,-110.979772321929));
#3537=CARTESIAN_POINT('Ctrl Pts',(11.0684513080801,11.6938570723232,-110.979772321929));
#3538=CARTESIAN_POINT('Ctrl Pts',(10.9965534712554,11.7114688018143,-110.979772321929));
#3539=CARTESIAN_POINT('',(11.7222533495479,12.1522079223679,-110.979772321919));
#3540=CARTESIAN_POINT('Ctrl Pts',(12.9849232332032,11.842910711081,-110.979772321919));
#3541=CARTESIAN_POINT('Ctrl Pts',(12.9849232332132,11.8429107111217,-113.579772321919));
#3542=CARTESIAN_POINT('Ctrl Pts',(12.9290509618663,11.6148186631284,-110.979772321923));
#3543=CARTESIAN_POINT('Ctrl Pts',(12.9290509618763,11.6148186631691,-113.579772321923));
#3544=CARTESIAN_POINT('Ctrl Pts',(12.8099767564827,11.3594091652726,-110.979772321928));
#3545=CARTESIAN_POINT('Ctrl Pts',(12.8099767564927,11.3594091653133,-113.579772321928));
#3546=CARTESIAN_POINT('Ctrl Pts',(12.532360827822,10.9809483259345,-110.979772321935));
#3547=CARTESIAN_POINT('Ctrl Pts',(12.532360827832,10.9809483259752,-113.579772321935));
#3548=CARTESIAN_POINT('Ctrl Pts',(12.3248319104236,10.7908497995686,-110.979772321938));
#3549=CARTESIAN_POINT('Ctrl Pts',(12.3248319104336,10.7908497996093,-113.579772321938));
#3550=CARTESIAN_POINT('Ctrl Pts',(11.9238254291744,10.5476354279687,-110.979772321944));
#3551=CARTESIAN_POINT('Ctrl Pts',(11.9238254291843,10.5476354280094,-113.579772321944));
#3552=CARTESIAN_POINT('Ctrl Pts',(11.6594095395207,10.4514620055491,-110.979772321946));
#3553=CARTESIAN_POINT('Ctrl Pts',(11.6594095395307,10.4514620055898,-113.579772321946));
#3554=CARTESIAN_POINT('Ctrl Pts',(11.1959323031486,10.3802386428097,-110.979772321949));
#3555=CARTESIAN_POINT('Ctrl Pts',(11.1959323031586,10.3802386428504,-113.579772321949));
#3556=CARTESIAN_POINT('Ctrl Pts',(10.9148645359443,10.3925772084376,-110.97977232195));
#3557=CARTESIAN_POINT('Ctrl Pts',(10.9148645359542,10.3925772084783,-113.57977232195));
#3558=CARTESIAN_POINT('Ctrl Pts',(10.6871481240544,10.4483574658695,-110.97977232195));
#3559=CARTESIAN_POINT('Ctrl Pts',(10.6871481240643,10.4483574659102,-113.57977232195));
#3560=CARTESIAN_POINT('',(12.9849232332032,11.842910711081,-110.979772321919));
#3561=CARTESIAN_POINT('Ctrl Pts',(10.6871481240544,10.4483574658695,-110.97977232195));
#3562=CARTESIAN_POINT('Ctrl Pts',(10.9148645359443,10.3925772084376,-110.97977232195));
#3563=CARTESIAN_POINT('Ctrl Pts',(11.1959323031486,10.3802386428097,-110.979772321949));
#3564=CARTESIAN_POINT('Ctrl Pts',(11.4276608506659,10.415848776602,-110.979772321948));
#3565=CARTESIAN_POINT('Ctrl Pts',(11.6594095395207,10.4514620055491,-110.979772321946));
#3566=CARTESIAN_POINT('Ctrl Pts',(11.9238254291744,10.5476354279687,-110.979772321944));
#3567=CARTESIAN_POINT('Ctrl Pts',(12.1243029620351,10.6692270217572,-110.979772321941));
#3568=CARTESIAN_POINT('Ctrl Pts',(12.3248319104236,10.7908497995686,-110.979772321938));
#3569=CARTESIAN_POINT('Ctrl Pts',(12.532360827822,10.9809483259345,-110.979772321935));
#3570=CARTESIAN_POINT('Ctrl Pts',(12.671078228793,11.1700552848023,-110.979772321931));
#3571=CARTESIAN_POINT('Ctrl Pts',(12.8099767564827,11.3594091652726,-110.979772321928));
#3572=CARTESIAN_POINT('Ctrl Pts',(12.9290509618663,11.6148186631284,-110.979772321923));
#3573=CARTESIAN_POINT('Ctrl Pts',(12.9849232332032,11.842910711081,-110.979772321919));
#3574=CARTESIAN_POINT('',(12.9849232332032,11.842910711081,-110.979772321919));
#3575=CARTESIAN_POINT('Origin',(1.74473360221997,39.5099919329816,-100.429772321529));
#3576=CARTESIAN_POINT('',(15.2455879643704,36.2028911158007,-107.004772872133));
#3577=CARTESIAN_POINT('',(3.39591729625254,39.1055263490799,-106.104036390241));
#3578=CARTESIAN_POINT('',(3.39591729624085,39.1055263490321,-103.054772321529));
#3579=CARTESIAN_POINT('',(3.39591729625254,39.1055263490799,-106.104036390241));
#3580=CARTESIAN_POINT('',(3.39591729624929,39.1055263490666,-105.255508252817));
#3581=CARTESIAN_POINT('',(3.39591729624928,39.1055263490666,-105.255508252817));
#3582=CARTESIAN_POINT('',(3.39591729624085,39.1055263490321,-103.054772321529));
#3583=CARTESIAN_POINT('Origin',(2.26079854187098,38.0441159582592,-105.679773349726));
#3584=CARTESIAN_POINT('Origin',(22.0275074729279,118.739405651881,-105.679773349727));
#3585=CARTESIAN_POINT('Origin',(3.28409646894146,42.2216107023688,-105.679773349726));
#3586=CARTESIAN_POINT('',(2.9441386604641,42.304885044859,-106.229772321481));
#3587=CARTESIAN_POINT('',(2.94413866045988,42.3048850448418,-105.129772321481));
#3588=CARTESIAN_POINT('Origin',(13.1629669555197,12.569753495106,-100.429772321907));
#3589=CARTESIAN_POINT('',(18.290163034927,33.5009350279958,-99.67977232156));
#3590=CARTESIAN_POINT('',(18.2901630349299,33.5009350280076,-100.42977232156));
#3591=CARTESIAN_POINT('',(13.1629669555168,12.5697534950942,-99.6797723219074));
#3592=CARTESIAN_POINT('',(13.1629669555168,12.5697534950942,-99.6797723219073));
#3593=CARTESIAN_POINT('',(12.9845262567003,11.8412901006894,-100.429772321919));
#3594=CARTESIAN_POINT('Origin',(13.1629669555197,12.569753495106,-100.429772321907));
#3595=CARTESIAN_POINT('',(12.9845262567406,11.8412901008538,-110.929772321919));
#3596=CARTESIAN_POINT('',(12.9845262567406,11.8412901008538,-110.929772321919));
#3597=CARTESIAN_POINT('Origin',(13.16296695556,12.5697534952703,-110.929772321907));
#3598=CARTESIAN_POINT('Origin',(16.4447224357413,33.95298479835,-100.42977232156));
#3599=CARTESIAN_POINT('Origin',(16.4447224357385,33.9529847983383,-99.67977232156));
#3600=CARTESIAN_POINT('Origin',(-3.32534902596587,11.6667384926351,-100.429772321985));
#3601=CARTESIAN_POINT('',(3.78244284953179,40.6834719547264,-106.229772321503));
#3602=CARTESIAN_POINT('',(-3.32534902594363,11.6667384927259,-106.229772321985));
#3603=CARTESIAN_POINT('Origin',(3.5981500882462,39.9311181960786,-105.679772321516));
#3604=CARTESIAN_POINT('Origin',(16.2662817369622,33.2245214040978,-110.929772321572));
#3605=CARTESIAN_POINT('',(17.0274931513148,33.8102322394589,-110.92977232156));
#3606=CARTESIAN_POINT('Origin',(16.8490524524955,33.0817688450423,-110.929772321572));
#3607=CARTESIAN_POINT('Origin',(16.4447224357816,33.9529847985144,-110.92977232156));
#3608=CARTESIAN_POINT('Origin',(11.3175263563283,13.0218032654367,-99.6797723219073));
#3609=CARTESIAN_POINT('Origin',(11.3175263563283,13.0218032654367,-99.6797723219073));
#3610=CARTESIAN_POINT('Origin',(-3.32534902596587,11.6667384926351,-100.429772321985));
#3611=CARTESIAN_POINT('',(3.78244284953276,40.6834719547303,-105.129772321534));
#3612=CARTESIAN_POINT('Origin',(3.5981500882462,39.9311181960786,-105.679772321516));
#3613=CARTESIAN_POINT('',(3.82480021634337,40.8563909771818,-105.129772321531));
#3614=CARTESIAN_POINT('Origin',(-3.59840356298545,15.5957175301558,-99.5797723219243));
#3615=CARTESIAN_POINT('',(-4.43168904677183,14.2954649892717,-99.5797723219478));
#3616=CARTESIAN_POINT('',(-4.69312324903087,11.1266517637274,-99.5797723219984));
#3617=CARTESIAN_POINT('Origin',(-3.83451224749236,16.7333698010559,-110.929772321907));
#3618=CARTESIAN_POINT('Origin',(11.3175263563714,13.0218032656128,-110.929772321907));
#3619=CARTESIAN_POINT('Origin',(-3.83451224753264,16.7333698008915,-100.429772321907));
#3620=CARTESIAN_POINT('Origin',(11.3175263563312,13.0218032654484,-100.429772321907));
#3621=CARTESIAN_POINT('Origin',(3.5981500882462,39.9311181960786,-105.679772321516));
#3622=CARTESIAN_POINT('',(3.78244284953276,40.6834719547303,-105.129772321534));
#3623=CARTESIAN_POINT('Origin',(3.5981500882462,39.9311181960786,-105.679772321516));
#3624=CARTESIAN_POINT('',(3.78244284953179,40.6834719547264,-106.229772321503));
#3625=CARTESIAN_POINT('Origin',(-3.01605181465881,12.9294083763726,-105.679772321964));
#3626=CARTESIAN_POINT('',(-3.20034116744588,12.1770685325235,-105.129752146146));
#3627=CARTESIAN_POINT('Origin',(-3.01605181465881,12.9294083763726,-105.679772321964));
#3628=CARTESIAN_POINT('Origin',(-3.20034116744588,12.1770685325235,-105.129752146146));
#3629=CARTESIAN_POINT('Origin',(2.65925878527271,41.1418960952756,-105.1297723215));
#3630=CARTESIAN_POINT('Origin',(2.94413866046409,42.304885044859,-106.229772321481));
#3631=CARTESIAN_POINT('Origin',(-4.69312324902762,11.1266517637407,-100.429772321998));
#3632=CARTESIAN_POINT('Origin',(-3.83451224749236,16.7333698010559,-110.929772321907));
#3633=CARTESIAN_POINT('',(-4.15570550536725,15.4221356911061,-110.929772321929));
#3634=CARTESIAN_POINT('Origin',(-4.15570550540752,15.4221356909418,-100.429772321929));
#3635=CARTESIAN_POINT('',(10.9963330984563,11.7105691554986,-100.429772321929));
#3636=CARTESIAN_POINT('',(-4.15570550540752,15.4221356909418,-100.429772321929));
#3637=CARTESIAN_POINT('',(10.9963330984563,11.7105691554986,-100.429772321929));
#3638=CARTESIAN_POINT('Ctrl Pts',(10.6870358872096,10.4478992720077,-110.92977232195));
#3639=CARTESIAN_POINT('Ctrl Pts',(10.68703588721,10.4478992720091,-111.018204022146));
#3640=CARTESIAN_POINT('Ctrl Pts',(10.6884385373775,10.4536254281437,-111.106438988616));
#3641=CARTESIAN_POINT('Ctrl Pts',(12.5324764863982,9.99584950166529,-110.92977232195));
#3642=CARTESIAN_POINT('Ctrl Pts',(12.5324764863985,9.99584950166667,-111.018204022146));
#3643=CARTESIAN_POINT('Ctrl Pts',(12.533879136566,10.0015756578013,-111.106438988616));
#3644=CARTESIAN_POINT('Ctrl Pts',(12.9845262567406,11.8412901008538,-110.929772321919));
#3645=CARTESIAN_POINT('Ctrl Pts',(12.9845262567407,11.8412901008542,-110.954800161598));
#3646=CARTESIAN_POINT('Ctrl Pts',(12.9849232332032,11.842910711081,-110.979772321919));
#3647=CARTESIAN_POINT('Origin',(11.1390856575521,12.2933398711962,-110.929772321919));
#3648=CARTESIAN_POINT('Origin',(11.1390856575118,12.2933398710319,-100.429772321919));
#3649=CARTESIAN_POINT('Origin',(11.1390856575118,12.2933398710319,-100.429772321919));
#3650=CARTESIAN_POINT('Ctrl Pts',(11.317526356321,13.0218032654069,-97.7797723219073));
#3651=CARTESIAN_POINT('Ctrl Pts',(10.6870358871592,10.4478992718018,-97.77977232195));
#3652=CARTESIAN_POINT('Ctrl Pts',(10.6870358871694,10.4478992718433,-100.42977232195));
#3653=CARTESIAN_POINT('Ctrl Pts',(13.1629669555096,12.5697534950645,-97.7797723219073));
#3654=CARTESIAN_POINT('Ctrl Pts',(12.5324764863478,9.99584950145939,-97.77977232195));
#3655=CARTESIAN_POINT('Ctrl Pts',(12.532476486358,9.99584950150089,-100.42977232195));
#3656=CARTESIAN_POINT('Ctrl Pts',(13.1629669555168,12.5697534950942,-99.6797723219074));
#3657=CARTESIAN_POINT('Ctrl Pts',(12.9845262566975,11.8412901006778,-99.6797723219195));
#3658=CARTESIAN_POINT('Ctrl Pts',(12.9845262567003,11.8412901006895,-100.429772321919));
#3659=CARTESIAN_POINT('Origin',(11.9002970718644,12.8790507063929,-100.429772321907));
#3660=CARTESIAN_POINT('',(11.7218563730853,12.1505873121407,-110.929772321919));
#3661=CARTESIAN_POINT('Origin',(11.9002970719047,12.8790507065573,-110.929772321907));
#3662=CARTESIAN_POINT('',(11.721856373045,12.1505873119764,-100.429772321919));
#3663=CARTESIAN_POINT('',(11.7218563730853,12.1505873121407,-110.929772321919));
#3664=CARTESIAN_POINT('',(11.9002970718615,12.8790507063812,-99.6797723219074));
#3665=CARTESIAN_POINT('Origin',(11.9002970718644,12.8790507063929,-100.429772321907));
#3666=CARTESIAN_POINT('',(16.8490524524523,33.0817688448662,-99.679772321572));
#3667=CARTESIAN_POINT('',(11.9002970718615,12.8790507063812,-99.6797723219073));
#3668=CARTESIAN_POINT('',(17.0274931512746,33.8102322392945,-100.42977232156));
#3669=CARTESIAN_POINT('Origin',(16.8490524524552,33.081768844878,-100.429772321572));
#3670=CARTESIAN_POINT('',(17.0274931512746,33.8102322392945,-100.42977232156));
#3671=CARTESIAN_POINT('Origin',(16.4447224357413,33.95298479835,-100.42977232156));
#3672=CARTESIAN_POINT('Origin',(16.4447224357413,33.95298479835,-100.42977232156));
#3673=CARTESIAN_POINT('Origin',(11.3175263563714,13.0218032656128,-110.929772321907));
#3674=CARTESIAN_POINT('Origin',(11.1390856575521,12.2933398711962,-110.929772321919));
#3675=CARTESIAN_POINT('Origin',(11.1390856575118,12.2933398710319,-100.429772321919));
#3676=CARTESIAN_POINT('Origin',(11.1390856575118,12.2933398710319,-100.429772321919));
#3677=CARTESIAN_POINT('Origin',(11.3175263563312,13.0218032654484,-100.429772321907));
#3678=CARTESIAN_POINT('Origin',(11.3175263563312,13.0218032654484,-100.429772321907));
#3679=CARTESIAN_POINT('Origin',(11.3175263563283,13.0218032654367,-99.6797723219073));
#3680=CARTESIAN_POINT('Origin',(-3.83451224753264,16.7333698008915,-100.429772321907));
#3681=CARTESIAN_POINT('Origin',(16.266281736922,33.2245214039335,-100.429772321572));
#3682=CARTESIAN_POINT('Origin',(16.2662817369191,33.2245214039217,-99.6797723215721));
#3683=CARTESIAN_POINT('Origin',(11.3175263563283,13.0218032654367,-99.6797723219073));
#3684=CARTESIAN_POINT('Origin',(15.2455875536874,36.202891128567,-113.579772573034));
#3685=UNCERTAINTY_MEASURE_WITH_UNIT(LENGTH_MEASURE(0.01),#3689,
'DISTANCE_ACCURACY_VALUE',
'Maximum model space distance between geometric entities at asserted c
onnectivities');
#3686=UNCERTAINTY_MEASURE_WITH_UNIT(LENGTH_MEASURE(0.01),#3689,
'DISTANCE_ACCURACY_VALUE',
'Maximum model space distance between geometric entities at asserted c
onnectivities');
#3687=(
GEOMETRIC_REPRESENTATION_CONTEXT(3)
GLOBAL_UNCERTAINTY_ASSIGNED_CONTEXT((#3685))
GLOBAL_UNIT_ASSIGNED_CONTEXT((#3689,#3691,#3692))
REPRESENTATION_CONTEXT('','3D')
);
#3688=(
GEOMETRIC_REPRESENTATION_CONTEXT(3)
GLOBAL_UNCERTAINTY_ASSIGNED_CONTEXT((#3686))
GLOBAL_UNIT_ASSIGNED_CONTEXT((#3689,#3691,#3692))
REPRESENTATION_CONTEXT('','3D')
);
#3689=(
LENGTH_UNIT()
NAMED_UNIT(*)
SI_UNIT(.MILLI.,.METRE.)
);
#3690=(
LENGTH_UNIT()
NAMED_UNIT(*)
SI_UNIT($,.METRE.)
);
#3691=(
NAMED_UNIT(*)
PLANE_ANGLE_UNIT()
SI_UNIT($,.RADIAN.)
);
#3692=(
NAMED_UNIT(*)
SI_UNIT($,.STERADIAN.)
SOLID_ANGLE_UNIT()
);
#3693=SHAPE_DEFINITION_REPRESENTATION(#3694,#3695);
#3694=PRODUCT_DEFINITION_SHAPE('',$,#3697);
#3695=SHAPE_REPRESENTATION('',(#2214),#3687);
#3696=PRODUCT_DEFINITION_CONTEXT('part definition',#3701,'design');
#3697=PRODUCT_DEFINITION('l1','l1',#3698,#3696);
#3698=PRODUCT_DEFINITION_FORMATION('',$,#3703);
#3699=PRODUCT_RELATED_PRODUCT_CATEGORY('l1','l1',(#3703));
#3700=APPLICATION_PROTOCOL_DEFINITION('international standard',
'automotive_design',2009,#3701);
#3701=APPLICATION_CONTEXT(
'Core Data for Automotive Mechanical Design Process');
#3702=PRODUCT_CONTEXT('part definition',#3701,'mechanical');
#3703=PRODUCT('l1','l1',$,(#3702));
#3704=PRESENTATION_STYLE_ASSIGNMENT((#3706));
#3705=PRESENTATION_STYLE_ASSIGNMENT((#3707));
#3706=SURFACE_STYLE_USAGE(.BOTH.,#3708);
#3707=SURFACE_STYLE_USAGE(.BOTH.,#3709);
#3708=SURFACE_SIDE_STYLE('',(#3710));
#3709=SURFACE_SIDE_STYLE('',(#3711));
#3710=SURFACE_STYLE_FILL_AREA(#3712);
#3711=SURFACE_STYLE_FILL_AREA(#3713);
#3712=FILL_AREA_STYLE('Steel - Satin',(#3714));
#3713=FILL_AREA_STYLE('PLA (White)',(#3715));
#3714=FILL_AREA_STYLE_COLOUR('Steel - Satin',#3716);
#3715=FILL_AREA_STYLE_COLOUR('PLA (White)',#3717);
#3716=COLOUR_RGB('Steel - Satin',0.627450980392157,0.627450980392157,0.627450980392157);
#3717=COLOUR_RGB('PLA (White)',0.964705882352941,0.964705882352941,0.952941176470588);
ENDSEC;
END-ISO-10303-21;
