ISO-10303-21;
HEADER;
/* Generated by software containing ST-Developer
 * from STEP Tools, Inc. (www.steptools.com) 
 */

FILE_DESCRIPTION(
/* description */ (''),
/* implementation_level */ '2;1');

FILE_NAME(
/* name */ 'top_leg.step',
/* time_stamp */ '2026-05-27T17:20:57-07:00',
/* author */ (''),
/* organization */ (''),
/* preprocessor_version */ 'ST-DEVELOPER v20.1',
/* originating_system */ 'Autodesk Translation Framework v15.8.0.0',
/* authorisation */ '');

FILE_SCHEMA (('AUTOMOTIVE_DESIGN { 1 0 10303 214 3 1 1 }'));
ENDSEC;

DATA;
#10=MECHANICAL_DESIGN_GEOMETRIC_PRESENTATION_REPRESENTATION('',(#13),#1859);
#11=SHAPE_REPRESENTATION_RELATIONSHIP('SRR','None',#1866,#12);
#12=ADVANCED_BREP_SHAPE_REPRESENTATION('',(#14),#1858);
#13=STYLED_ITEM('',(#1875),#14);
#14=MANIFOLD_SOLID_BREP('l2',#996);
#15=(
BOUNDED_CURVE()
B_SPLINE_CURVE(5,(#1706,#1707,#1708,#1709,#1710,#1711,#1712,#1713,#1714,
#1715,#1716,#1717,#1718,#1719,#1720),.UNSPECIFIED.,.F.,.F.)
B_SPLINE_CURVE_WITH_KNOTS((6,1,1,1,1,1,1,1,1,1,6),(0.,0.1,0.2,0.3,0.4,0.5,
0.6,0.7,0.8,0.9,1.),.UNSPECIFIED.)
CURVE()
GEOMETRIC_REPRESENTATION_ITEM()
RATIONAL_B_SPLINE_CURVE((1.,1.,1.,1.,1.,1.,1.,1.,1.,1.,1.,1.,1.,1.,1.))
REPRESENTATION_ITEM('')
);
#16=(
BOUNDED_CURVE()
B_SPLINE_CURVE(5,(#1834,#1835,#1836,#1837,#1838,#1839,#1840,#1841,#1842,
#1843,#1844,#1845,#1846,#1847,#1848),.UNSPECIFIED.,.F.,.F.)
B_SPLINE_CURVE_WITH_KNOTS((6,1,1,1,1,1,1,1,1,1,6),(0.,0.1,0.2,0.3,0.4,0.5,
0.6,0.7,0.8,0.9,1.),.UNSPECIFIED.)
CURVE()
GEOMETRIC_REPRESENTATION_ITEM()
RATIONAL_B_SPLINE_CURVE((1.,1.,1.,1.,1.,1.,1.,1.,1.,1.,1.,1.,1.,1.,1.))
REPRESENTATION_ITEM('')
);
#17=B_SPLINE_CURVE_WITH_KNOTS('',3,(#1626,#1627,#1628,#1629,#1630,#1631,
#1632,#1633,#1634,#1635,#1636,#1637,#1638,#1639,#1640,#1641,#1642,#1643,
#1644,#1645,#1646,#1647,#1648,#1649,#1650,#1651,#1652,#1653,#1654,#1655,
#1656,#1657,#1658,#1659,#1660,#1661,#1662,#1663,#1664,#1665,#1666,#1667,
#1668,#1669,#1670,#1671,#1672,#1673,#1674,#1675,#1676,#1677,#1678,#1679,
#1680,#1681,#1682,#1683,#1684,#1685,#1686,#1687,#1688,#1689,#1690,#1691,
#1692,#1693,#1694,#1695,#1696,#1697,#1698,#1699,#1700,#1701,#1702,#1703,
#1704),.UNSPECIFIED.,.F.,.F.,(4,3,3,3,3,3,3,3,3,3,3,3,3,3,3,3,3,3,3,3,3,
3,3,3,3,3,4),(0.,0.202805723287462,0.407431507117651,0.614430604487561,
0.826479382352399,1.04527319252678,1.27408620381824,1.5281511100855,2.07532582466358,
2.31471476229149,2.52421074911501,2.71140152849757,2.8858619647839,3.05434130806611,
3.23254177798136,3.41886354469035,3.61703337454572,3.834362389205,4.10105913972628,
4.44439241987774,4.69551099748706,4.92512627524084,5.14341833091291,5.35056112320253,
5.55507345129501,5.75672177137462,5.90554882671011),.UNSPECIFIED.);
#18=B_SPLINE_CURVE_WITH_KNOTS('',3,(#1755,#1756,#1757,#1758,#1759,#1760,
#1761,#1762,#1763,#1764,#1765,#1766,#1767,#1768,#1769,#1770,#1771,#1772,
#1773,#1774,#1775,#1776,#1777,#1778,#1779,#1780,#1781,#1782,#1783,#1784,
#1785,#1786,#1787,#1788,#1789,#1790,#1791,#1792,#1793,#1794,#1795,#1796,
#1797,#1798,#1799,#1800,#1801,#1802,#1803,#1804,#1805,#1806,#1807,#1808,
#1809,#1810,#1811,#1812,#1813,#1814,#1815,#1816,#1817,#1818,#1819,#1820,
#1821,#1822,#1823,#1824,#1825,#1826,#1827,#1828,#1829,#1830,#1831,#1832,
#1833),.UNSPECIFIED.,.F.,.F.,(4,3,3,3,3,3,3,3,3,3,3,3,3,3,3,3,3,3,3,3,3,
3,3,3,3,3,4),(0.,0.346424419503877,0.696398485856263,1.05116778086714,1.41644528908108,
1.79605057445155,2.19838121615553,2.66419180127012,3.23830644517011,3.65531090581668,
4.02512954144202,4.35643368400783,4.66328457648593,4.95383672679042,5.24508079075833,
5.55976275863908,5.89766922002149,6.26773745494183,6.69824528690569,7.37671028620326,
7.80450341206322,8.19511570592787,8.56862369812992,8.92420471642926,9.27507117818376,
9.62121305697006,9.91037781551522),.UNSPECIFIED.);
#19=(
BOUNDED_SURFACE()
B_SPLINE_SURFACE(5,1,((#1595,#1596),(#1597,#1598),(#1599,#1600),(#1601,
#1602),(#1603,#1604),(#1605,#1606),(#1607,#1608),(#1609,#1610),(#1611,#1612),
(#1613,#1614),(#1615,#1616),(#1617,#1618),(#1619,#1620),(#1621,#1622),(#1623,
#1624)),.UNSPECIFIED.,.F.,.F.,.F.)
B_SPLINE_SURFACE_WITH_KNOTS((6,1,1,1,1,1,1,1,1,1,6),(2,2),(0.,0.1,0.2,0.3,
0.4,0.5,0.6,0.7,0.8,0.9,1.),(0.,0.5),.UNSPECIFIED.)
GEOMETRIC_REPRESENTATION_ITEM()
RATIONAL_B_SPLINE_SURFACE(((1.,1.),(1.,1.),(1.,1.),(1.,1.),(1.,1.),(1.,
1.),(1.,1.),(1.,1.),(1.,1.),(1.,1.),(1.,1.),(1.,1.),(1.,1.),(1.,1.),(1.,
1.)))
REPRESENTATION_ITEM('')
SURFACE()
);
#20=(
BOUNDED_SURFACE()
B_SPLINE_SURFACE(5,1,((#1725,#1726),(#1727,#1728),(#1729,#1730),(#1731,
#1732),(#1733,#1734),(#1735,#1736),(#1737,#1738),(#1739,#1740),(#1741,#1742),
(#1743,#1744),(#1745,#1746),(#1747,#1748),(#1749,#1750),(#1751,#1752),(#1753,
#1754)),.UNSPECIFIED.,.F.,.F.,.F.)
B_SPLINE_SURFACE_WITH_KNOTS((6,1,1,1,1,1,1,1,1,1,6),(2,2),(0.,0.1,0.2,0.3,
0.4,0.5,0.6,0.7,0.8,0.9,1.),(0.,0.5),.UNSPECIFIED.)
GEOMETRIC_REPRESENTATION_ITEM()
RATIONAL_B_SPLINE_SURFACE(((1.,1.),(1.,1.),(1.,1.),(1.,1.),(1.,1.),(1.,
1.),(1.,1.),(1.,1.),(1.,1.),(1.,1.),(1.,1.),(1.,1.),(1.,1.),(1.,1.),(1.,
1.)))
REPRESENTATION_ITEM('')
SURFACE()
);
#21=FACE_BOUND('',#139,.T.);
#22=FACE_BOUND('',#147,.T.);
#23=FACE_BOUND('',#148,.T.);
#24=FACE_BOUND('',#149,.T.);
#25=FACE_BOUND('',#183,.T.);
#26=FACE_BOUND('',#184,.T.);
#27=FACE_BOUND('',#185,.T.);
#28=PLANE('',#1019);
#29=PLANE('',#1023);
#30=PLANE('',#1030);
#31=PLANE('',#1037);
#32=PLANE('',#1038);
#33=PLANE('',#1039);
#34=PLANE('',#1040);
#35=PLANE('',#1041);
#36=PLANE('',#1042);
#37=PLANE('',#1043);
#38=PLANE('',#1044);
#39=PLANE('',#1048);
#40=PLANE('',#1049);
#41=PLANE('',#1050);
#42=PLANE('',#1051);
#43=PLANE('',#1052);
#44=PLANE('',#1053);
#45=PLANE('',#1054);
#46=PLANE('',#1055);
#47=PLANE('',#1056);
#48=PLANE('',#1057);
#49=PLANE('',#1058);
#50=PLANE('',#1059);
#51=PLANE('',#1060);
#52=PLANE('',#1061);
#53=PLANE('',#1062);
#54=PLANE('',#1063);
#55=PLANE('',#1064);
#56=PLANE('',#1065);
#57=PLANE('',#1066);
#58=PLANE('',#1067);
#59=PLANE('',#1068);
#60=PLANE('',#1069);
#61=PLANE('',#1070);
#62=PLANE('',#1071);
#63=PLANE('',#1072);
#64=PLANE('',#1073);
#65=PLANE('',#1074);
#66=PLANE('',#1075);
#67=PLANE('',#1076);
#68=PLANE('',#1077);
#69=PLANE('',#1078);
#70=PLANE('',#1079);
#71=FACE_OUTER_BOUND('',#125,.T.);
#72=FACE_OUTER_BOUND('',#126,.T.);
#73=FACE_OUTER_BOUND('',#127,.T.);
#74=FACE_OUTER_BOUND('',#128,.T.);
#75=FACE_OUTER_BOUND('',#129,.T.);
#76=FACE_OUTER_BOUND('',#130,.T.);
#77=FACE_OUTER_BOUND('',#131,.T.);
#78=FACE_OUTER_BOUND('',#132,.T.);
#79=FACE_OUTER_BOUND('',#133,.T.);
#80=FACE_OUTER_BOUND('',#134,.T.);
#81=FACE_OUTER_BOUND('',#135,.T.);
#82=FACE_OUTER_BOUND('',#136,.T.);
#83=FACE_OUTER_BOUND('',#137,.T.);
#84=FACE_OUTER_BOUND('',#138,.T.);
#85=FACE_OUTER_BOUND('',#140,.T.);
#86=FACE_OUTER_BOUND('',#141,.T.);
#87=FACE_OUTER_BOUND('',#142,.T.);
#88=FACE_OUTER_BOUND('',#143,.T.);
#89=FACE_OUTER_BOUND('',#144,.T.);
#90=FACE_OUTER_BOUND('',#145,.T.);
#91=FACE_OUTER_BOUND('',#146,.T.);
#92=FACE_OUTER_BOUND('',#150,.T.);
#93=FACE_OUTER_BOUND('',#151,.T.);
#94=FACE_OUTER_BOUND('',#152,.T.);
#95=FACE_OUTER_BOUND('',#153,.T.);
#96=FACE_OUTER_BOUND('',#154,.T.);
#97=FACE_OUTER_BOUND('',#155,.T.);
#98=FACE_OUTER_BOUND('',#156,.T.);
#99=FACE_OUTER_BOUND('',#157,.T.);
#100=FACE_OUTER_BOUND('',#158,.T.);
#101=FACE_OUTER_BOUND('',#159,.T.);
#102=FACE_OUTER_BOUND('',#160,.T.);
#103=FACE_OUTER_BOUND('',#161,.T.);
#104=FACE_OUTER_BOUND('',#162,.T.);
#105=FACE_OUTER_BOUND('',#163,.T.);
#106=FACE_OUTER_BOUND('',#164,.T.);
#107=FACE_OUTER_BOUND('',#165,.T.);
#108=FACE_OUTER_BOUND('',#166,.T.);
#109=FACE_OUTER_BOUND('',#167,.T.);
#110=FACE_OUTER_BOUND('',#168,.T.);
#111=FACE_OUTER_BOUND('',#169,.T.);
#112=FACE_OUTER_BOUND('',#170,.T.);
#113=FACE_OUTER_BOUND('',#171,.T.);
#114=FACE_OUTER_BOUND('',#172,.T.);
#115=FACE_OUTER_BOUND('',#173,.T.);
#116=FACE_OUTER_BOUND('',#174,.T.);
#117=FACE_OUTER_BOUND('',#175,.T.);
#118=FACE_OUTER_BOUND('',#176,.T.);
#119=FACE_OUTER_BOUND('',#177,.T.);
#120=FACE_OUTER_BOUND('',#178,.T.);
#121=FACE_OUTER_BOUND('',#179,.T.);
#122=FACE_OUTER_BOUND('',#180,.T.);
#123=FACE_OUTER_BOUND('',#181,.T.);
#124=FACE_OUTER_BOUND('',#182,.T.);
#125=EDGE_LOOP('',(#657,#658,#659,#660));
#126=EDGE_LOOP('',(#661,#662,#663,#664));
#127=EDGE_LOOP('',(#665,#666,#667,#668));
#128=EDGE_LOOP('',(#669,#670,#671,#672));
#129=EDGE_LOOP('',(#673,#674,#675,#676));
#130=EDGE_LOOP('',(#677,#678,#679,#680));
#131=EDGE_LOOP('',(#681,#682,#683,#684));
#132=EDGE_LOOP('',(#685,#686,#687,#688));
#133=EDGE_LOOP('',(#689,#690,#691,#692));
#134=EDGE_LOOP('',(#693,#694,#695,#696));
#135=EDGE_LOOP('',(#697,#698,#699,#700));
#136=EDGE_LOOP('',(#701,#702,#703));
#137=EDGE_LOOP('',(#704,#705,#706));
#138=EDGE_LOOP('',(#707,#708,#709,#710,#711,#712,#713,#714));
#139=EDGE_LOOP('',(#715,#716,#717,#718,#719,#720,#721,#722));
#140=EDGE_LOOP('',(#723,#724,#725,#726));
#141=EDGE_LOOP('',(#727,#728,#729,#730));
#142=EDGE_LOOP('',(#731,#732,#733,#734));
#143=EDGE_LOOP('',(#735,#736,#737,#738));
#144=EDGE_LOOP('',(#739,#740,#741,#742));
#145=EDGE_LOOP('',(#743,#744,#745,#746));
#146=EDGE_LOOP('',(#747,#748,#749,#750,#751,#752,#753,#754,#755,#756,#757,
#758,#759,#760));
#147=EDGE_LOOP('',(#761));
#148=EDGE_LOOP('',(#762));
#149=EDGE_LOOP('',(#763));
#150=EDGE_LOOP('',(#764,#765,#766,#767,#768,#769));
#151=EDGE_LOOP('',(#770,#771,#772,#773));
#152=EDGE_LOOP('',(#774,#775,#776,#777,#778,#779));
#153=EDGE_LOOP('',(#780,#781,#782,#783));
#154=EDGE_LOOP('',(#784,#785,#786,#787,#788,#789,#790,#791,#792,#793,#794,
#795,#796,#797,#798));
#155=EDGE_LOOP('',(#799,#800,#801,#802));
#156=EDGE_LOOP('',(#803,#804,#805,#806,#807,#808,#809));
#157=EDGE_LOOP('',(#810,#811,#812,#813));
#158=EDGE_LOOP('',(#814,#815,#816,#817,#818,#819,#820,#821));
#159=EDGE_LOOP('',(#822,#823,#824,#825,#826,#827,#828,#829,#830));
#160=EDGE_LOOP('',(#831,#832,#833,#834));
#161=EDGE_LOOP('',(#835,#836,#837,#838));
#162=EDGE_LOOP('',(#839,#840,#841,#842));
#163=EDGE_LOOP('',(#843,#844,#845,#846));
#164=EDGE_LOOP('',(#847,#848,#849,#850));
#165=EDGE_LOOP('',(#851,#852,#853,#854));
#166=EDGE_LOOP('',(#855,#856,#857,#858,#859));
#167=EDGE_LOOP('',(#860,#861,#862,#863));
#168=EDGE_LOOP('',(#864,#865,#866,#867));
#169=EDGE_LOOP('',(#868,#869,#870,#871,#872));
#170=EDGE_LOOP('',(#873,#874,#875,#876));
#171=EDGE_LOOP('',(#877,#878,#879,#880));
#172=EDGE_LOOP('',(#881,#882,#883,#884));
#173=EDGE_LOOP('',(#885,#886,#887,#888,#889,#890,#891,#892));
#174=EDGE_LOOP('',(#893,#894,#895,#896,#897,#898));
#175=EDGE_LOOP('',(#899,#900,#901,#902));
#176=EDGE_LOOP('',(#903,#904,#905,#906));
#177=EDGE_LOOP('',(#907,#908,#909,#910));
#178=EDGE_LOOP('',(#911,#912,#913));
#179=EDGE_LOOP('',(#914,#915,#916));
#180=EDGE_LOOP('',(#917,#918,#919,#920,#921));
#181=EDGE_LOOP('',(#922,#923,#924,#925));
#182=EDGE_LOOP('',(#926,#927,#928,#929));
#183=EDGE_LOOP('',(#930));
#184=EDGE_LOOP('',(#931));
#185=EDGE_LOOP('',(#932));
#186=LINE('',#1343,#302);
#187=LINE('',#1349,#303);
#188=LINE('',#1354,#304);
#189=LINE('',#1358,#305);
#190=LINE('',#1363,#306);
#191=LINE('',#1365,#307);
#192=LINE('',#1367,#308);
#193=LINE('',#1368,#309);
#194=LINE('',#1373,#310);
#195=LINE('',#1375,#311);
#196=LINE('',#1378,#312);
#197=LINE('',#1380,#313);
#198=LINE('',#1381,#314);
#199=LINE('',#1382,#315);
#200=LINE('',#1386,#316);
#201=LINE('',#1390,#317);
#202=LINE('',#1395,#318);
#203=LINE('',#1399,#319);
#204=LINE('',#1402,#320);
#205=LINE('',#1403,#321);
#206=LINE('',#1408,#322);
#207=LINE('',#1414,#323);
#208=LINE('',#1417,#324);
#209=LINE('',#1419,#325);
#210=LINE('',#1423,#326);
#211=LINE('',#1425,#327);
#212=LINE('',#1427,#328);
#213=LINE('',#1429,#329);
#214=LINE('',#1431,#330);
#215=LINE('',#1433,#331);
#216=LINE('',#1435,#332);
#217=LINE('',#1436,#333);
#218=LINE('',#1437,#334);
#219=LINE('',#1438,#335);
#220=LINE('',#1439,#336);
#221=LINE('',#1441,#337);
#222=LINE('',#1443,#338);
#223=LINE('',#1445,#339);
#224=LINE('',#1447,#340);
#225=LINE('',#1449,#341);
#226=LINE('',#1454,#342);
#227=LINE('',#1460,#343);
#228=LINE('',#1462,#344);
#229=LINE('',#1464,#345);
#230=LINE('',#1466,#346);
#231=LINE('',#1468,#347);
#232=LINE('',#1469,#348);
#233=LINE('',#1472,#349);
#234=LINE('',#1474,#350);
#235=LINE('',#1475,#351);
#236=LINE('',#1478,#352);
#237=LINE('',#1480,#353);
#238=LINE('',#1482,#354);
#239=LINE('',#1484,#355);
#240=LINE('',#1485,#356);
#241=LINE('',#1487,#357);
#242=LINE('',#1488,#358);
#243=LINE('',#1491,#359);
#244=LINE('',#1493,#360);
#245=LINE('',#1495,#361);
#246=LINE('',#1497,#362);
#247=LINE('',#1498,#363);
#248=LINE('',#1500,#364);
#249=LINE('',#1502,#365);
#250=LINE('',#1504,#366);
#251=LINE('',#1506,#367);
#252=LINE('',#1508,#368);
#253=LINE('',#1509,#369);
#254=LINE('',#1511,#370);
#255=LINE('',#1512,#371);
#256=LINE('',#1515,#372);
#257=LINE('',#1517,#373);
#258=LINE('',#1519,#374);
#259=LINE('',#1521,#375);
#260=LINE('',#1522,#376);
#261=LINE('',#1525,#377);
#262=LINE('',#1527,#378);
#263=LINE('',#1529,#379);
#264=LINE('',#1530,#380);
#265=LINE('',#1533,#381);
#266=LINE('',#1535,#382);
#267=LINE('',#1536,#383);
#268=LINE('',#1537,#384);
#269=LINE('',#1540,#385);
#270=LINE('',#1542,#386);
#271=LINE('',#1544,#387);
#272=LINE('',#1546,#388);
#273=LINE('',#1548,#389);
#274=LINE('',#1549,#390);
#275=LINE('',#1553,#391);
#276=LINE('',#1554,#392);
#277=LINE('',#1555,#393);
#278=LINE('',#1557,#394);
#279=LINE('',#1558,#395);
#280=LINE('',#1562,#396);
#281=LINE('',#1564,#397);
#282=LINE('',#1565,#398);
#283=LINE('',#1568,#399);
#284=LINE('',#1569,#400);
#285=LINE('',#1571,#401);
#286=LINE('',#1573,#402);
#287=LINE('',#1576,#403);
#288=LINE('',#1578,#404);
#289=LINE('',#1580,#405);
#290=LINE('',#1581,#406);
#291=LINE('',#1584,#407);
#292=LINE('',#1585,#408);
#293=LINE('',#1587,#409);
#294=LINE('',#1590,#410);
#295=LINE('',#1593,#411);
#296=LINE('',#1594,#412);
#297=LINE('',#1721,#413);
#298=LINE('',#1723,#414);
#299=LINE('',#1724,#415);
#300=LINE('',#1852,#416);
#301=LINE('',#1854,#417);
#302=VECTOR('',#1086,0.600000000000023);
#303=VECTOR('',#1093,0.600000000000023);
#304=VECTOR('',#1098,10.);
#305=VECTOR('',#1101,10.);
#306=VECTOR('',#1106,10.);
#307=VECTOR('',#1107,1000.);
#308=VECTOR('',#1108,10.);
#309=VECTOR('',#1109,10.);
#310=VECTOR('',#1114,1000.);
#311=VECTOR('',#1117,1000.);
#312=VECTOR('',#1120,10.);
#313=VECTOR('',#1121,10.);
#314=VECTOR('',#1122,10.);
#315=VECTOR('',#1123,1000.);
#316=VECTOR('',#1126,10.);
#317=VECTOR('',#1129,10.);
#318=VECTOR('',#1134,1000.);
#319=VECTOR('',#1137,1000.);
#320=VECTOR('',#1142,10.);
#321=VECTOR('',#1143,1000.);
#322=VECTOR('',#1148,1000.);
#323=VECTOR('',#1155,1000.);
#324=VECTOR('',#1160,10.);
#325=VECTOR('',#1163,10.);
#326=VECTOR('',#1166,10.);
#327=VECTOR('',#1167,10.);
#328=VECTOR('',#1168,10.);
#329=VECTOR('',#1169,10.);
#330=VECTOR('',#1170,10.);
#331=VECTOR('',#1171,10.);
#332=VECTOR('',#1172,10.);
#333=VECTOR('',#1173,10.);
#334=VECTOR('',#1174,10.);
#335=VECTOR('',#1175,10.);
#336=VECTOR('',#1176,10.);
#337=VECTOR('',#1179,10.);
#338=VECTOR('',#1182,1000.);
#339=VECTOR('',#1185,1000.);
#340=VECTOR('',#1188,10.);
#341=VECTOR('',#1191,1000.);
#342=VECTOR('',#1196,3.45);
#343=VECTOR('',#1203,10.);
#344=VECTOR('',#1204,10.);
#345=VECTOR('',#1205,10.);
#346=VECTOR('',#1206,10.);
#347=VECTOR('',#1207,10.);
#348=VECTOR('',#1208,10.);
#349=VECTOR('',#1211,10.);
#350=VECTOR('',#1212,10.);
#351=VECTOR('',#1213,10.);
#352=VECTOR('',#1216,10.);
#353=VECTOR('',#1217,10.);
#354=VECTOR('',#1218,10.);
#355=VECTOR('',#1219,10.);
#356=VECTOR('',#1220,10.);
#357=VECTOR('',#1223,10.);
#358=VECTOR('',#1224,10.);
#359=VECTOR('',#1227,10.);
#360=VECTOR('',#1228,10.);
#361=VECTOR('',#1229,10.);
#362=VECTOR('',#1230,10.);
#363=VECTOR('',#1231,10.);
#364=VECTOR('',#1232,10.);
#365=VECTOR('',#1233,10.);
#366=VECTOR('',#1234,10.);
#367=VECTOR('',#1235,10.);
#368=VECTOR('',#1236,10.);
#369=VECTOR('',#1237,10.);
#370=VECTOR('',#1240,10.);
#371=VECTOR('',#1241,10.);
#372=VECTOR('',#1244,10.);
#373=VECTOR('',#1245,10.);
#374=VECTOR('',#1246,10.);
#375=VECTOR('',#1247,10.);
#376=VECTOR('',#1248,10.);
#377=VECTOR('',#1251,10.);
#378=VECTOR('',#1252,10.);
#379=VECTOR('',#1253,10.);
#380=VECTOR('',#1254,10.);
#381=VECTOR('',#1257,10.);
#382=VECTOR('',#1258,10.);
#383=VECTOR('',#1259,10.);
#384=VECTOR('',#1260,10.);
#385=VECTOR('',#1263,10.);
#386=VECTOR('',#1264,10.);
#387=VECTOR('',#1265,10.);
#388=VECTOR('',#1266,10.);
#389=VECTOR('',#1267,10.);
#390=VECTOR('',#1268,10.);
#391=VECTOR('',#1271,10.);
#392=VECTOR('',#1272,10.);
#393=VECTOR('',#1273,10.);
#394=VECTOR('',#1276,10.);
#395=VECTOR('',#1277,10.);
#396=VECTOR('',#1282,10.);
#397=VECTOR('',#1283,10.);
#398=VECTOR('',#1284,10.);
#399=VECTOR('',#1287,10.);
#400=VECTOR('',#1288,10.);
#401=VECTOR('',#1291,10.);
#402=VECTOR('',#1294,10.);
#403=VECTOR('',#1299,10.);
#404=VECTOR('',#1302,10.);
#405=VECTOR('',#1303,10.);
#406=VECTOR('',#1304,10.);
#407=VECTOR('',#1307,10.);
#408=VECTOR('',#1308,10.);
#409=VECTOR('',#1311,10.);
#410=VECTOR('',#1316,10.);
#411=VECTOR('',#1319,10.);
#412=VECTOR('',#1320,10.);
#413=VECTOR('',#1321,10.);
#414=VECTOR('',#1324,10.);
#415=VECTOR('',#1325,10.);
#416=VECTOR('',#1332,10.);
#417=VECTOR('',#1335,10.);
#418=CIRCLE('',#1011,0.800000000000023);
#419=CIRCLE('',#1012,0.800000000000023);
#420=CIRCLE('',#1014,0.800000000000023);
#421=CIRCLE('',#1015,0.800000000000023);
#422=CIRCLE('',#1017,3.70000000000001);
#423=CIRCLE('',#1018,3.70000000000001);
#424=CIRCLE('',#1021,2.20000000000001);
#425=CIRCLE('',#1022,2.20000000000001);
#426=CIRCLE('',#1025,3.70000000000001);
#427=CIRCLE('',#1026,3.70000000000001);
#428=CIRCLE('',#1028,2.20000000000001);
#429=CIRCLE('',#1029,2.20000000000001);
#430=CIRCLE('',#1032,2.);
#431=CIRCLE('',#1033,2.);
#432=CIRCLE('',#1035,2.);
#433=CIRCLE('',#1036,2.);
#434=CIRCLE('',#1046,3.45);
#435=CIRCLE('',#1047,3.45);
#436=VERTEX_POINT('',#1340);
#437=VERTEX_POINT('',#1342);
#438=VERTEX_POINT('',#1346);
#439=VERTEX_POINT('',#1348);
#440=VERTEX_POINT('',#1352);
#441=VERTEX_POINT('',#1353);
#442=VERTEX_POINT('',#1355);
#443=VERTEX_POINT('',#1357);
#444=VERTEX_POINT('',#1361);
#445=VERTEX_POINT('',#1362);
#446=VERTEX_POINT('',#1364);
#447=VERTEX_POINT('',#1366);
#448=VERTEX_POINT('',#1370);
#449=VERTEX_POINT('',#1372);
#450=VERTEX_POINT('',#1377);
#451=VERTEX_POINT('',#1379);
#452=VERTEX_POINT('',#1384);
#453=VERTEX_POINT('',#1385);
#454=VERTEX_POINT('',#1387);
#455=VERTEX_POINT('',#1389);
#456=VERTEX_POINT('',#1393);
#457=VERTEX_POINT('',#1394);
#458=VERTEX_POINT('',#1396);
#459=VERTEX_POINT('',#1398);
#460=VERTEX_POINT('',#1405);
#461=VERTEX_POINT('',#1407);
#462=VERTEX_POINT('',#1411);
#463=VERTEX_POINT('',#1413);
#464=VERTEX_POINT('',#1421);
#465=VERTEX_POINT('',#1422);
#466=VERTEX_POINT('',#1424);
#467=VERTEX_POINT('',#1426);
#468=VERTEX_POINT('',#1428);
#469=VERTEX_POINT('',#1430);
#470=VERTEX_POINT('',#1432);
#471=VERTEX_POINT('',#1434);
#472=VERTEX_POINT('',#1451);
#473=VERTEX_POINT('',#1453);
#474=VERTEX_POINT('',#1458);
#475=VERTEX_POINT('',#1459);
#476=VERTEX_POINT('',#1461);
#477=VERTEX_POINT('',#1463);
#478=VERTEX_POINT('',#1465);
#479=VERTEX_POINT('',#1467);
#480=VERTEX_POINT('',#1471);
#481=VERTEX_POINT('',#1473);
#482=VERTEX_POINT('',#1477);
#483=VERTEX_POINT('',#1479);
#484=VERTEX_POINT('',#1481);
#485=VERTEX_POINT('',#1483);
#486=VERTEX_POINT('',#1490);
#487=VERTEX_POINT('',#1492);
#488=VERTEX_POINT('',#1494);
#489=VERTEX_POINT('',#1496);
#490=VERTEX_POINT('',#1499);
#491=VERTEX_POINT('',#1501);
#492=VERTEX_POINT('',#1503);
#493=VERTEX_POINT('',#1505);
#494=VERTEX_POINT('',#1507);
#495=VERTEX_POINT('',#1514);
#496=VERTEX_POINT('',#1516);
#497=VERTEX_POINT('',#1518);
#498=VERTEX_POINT('',#1520);
#499=VERTEX_POINT('',#1524);
#500=VERTEX_POINT('',#1526);
#501=VERTEX_POINT('',#1528);
#502=VERTEX_POINT('',#1532);
#503=VERTEX_POINT('',#1534);
#504=VERTEX_POINT('',#1539);
#505=VERTEX_POINT('',#1541);
#506=VERTEX_POINT('',#1543);
#507=VERTEX_POINT('',#1545);
#508=VERTEX_POINT('',#1547);
#509=VERTEX_POINT('',#1551);
#510=VERTEX_POINT('',#1552);
#511=VERTEX_POINT('',#1561);
#512=VERTEX_POINT('',#1563);
#513=VERTEX_POINT('',#1567);
#514=VERTEX_POINT('',#1579);
#515=VERTEX_POINT('',#1583);
#516=VERTEX_POINT('',#1592);
#517=VERTEX_POINT('',#1625);
#518=VERTEX_POINT('',#1705);
#519=EDGE_CURVE('',#436,#436,#418,.T.);
#520=EDGE_CURVE('',#436,#437,#186,.T.);
#521=EDGE_CURVE('',#437,#437,#419,.T.);
#522=EDGE_CURVE('',#438,#438,#420,.T.);
#523=EDGE_CURVE('',#438,#439,#187,.T.);
#524=EDGE_CURVE('',#439,#439,#421,.T.);
#525=EDGE_CURVE('',#440,#441,#188,.T.);
#526=EDGE_CURVE('',#442,#440,#422,.T.);
#527=EDGE_CURVE('',#443,#442,#189,.T.);
#528=EDGE_CURVE('',#441,#443,#423,.T.);
#529=EDGE_CURVE('',#444,#445,#190,.T.);
#530=EDGE_CURVE('',#446,#444,#191,.T.);
#531=EDGE_CURVE('',#447,#446,#192,.T.);
#532=EDGE_CURVE('',#445,#447,#193,.T.);
#533=EDGE_CURVE('',#448,#444,#424,.T.);
#534=EDGE_CURVE('',#448,#449,#194,.T.);
#535=EDGE_CURVE('',#446,#449,#425,.T.);
#536=EDGE_CURVE('',#446,#444,#195,.T.);
#537=EDGE_CURVE('',#450,#448,#196,.T.);
#538=EDGE_CURVE('',#451,#450,#197,.T.);
#539=EDGE_CURVE('',#449,#451,#198,.T.);
#540=EDGE_CURVE('',#448,#449,#199,.T.);
#541=EDGE_CURVE('',#452,#453,#200,.T.);
#542=EDGE_CURVE('',#454,#452,#426,.T.);
#543=EDGE_CURVE('',#455,#454,#201,.T.);
#544=EDGE_CURVE('',#453,#455,#427,.T.);
#545=EDGE_CURVE('',#456,#457,#202,.T.);
#546=EDGE_CURVE('',#458,#457,#428,.T.);
#547=EDGE_CURVE('',#458,#459,#203,.T.);
#548=EDGE_CURVE('',#456,#459,#429,.T.);
#549=EDGE_CURVE('',#449,#442,#204,.T.);
#550=EDGE_CURVE('',#443,#448,#205,.T.);
#551=EDGE_CURVE('',#460,#450,#430,.T.);
#552=EDGE_CURVE('',#460,#461,#206,.T.);
#553=EDGE_CURVE('',#451,#461,#431,.T.);
#554=EDGE_CURVE('',#462,#447,#432,.T.);
#555=EDGE_CURVE('',#463,#462,#207,.T.);
#556=EDGE_CURVE('',#445,#463,#433,.T.);
#557=EDGE_CURVE('',#461,#449,#208,.T.);
#558=EDGE_CURVE('',#446,#462,#209,.T.);
#559=EDGE_CURVE('',#464,#465,#210,.T.);
#560=EDGE_CURVE('',#464,#466,#211,.T.);
#561=EDGE_CURVE('',#467,#466,#212,.T.);
#562=EDGE_CURVE('',#468,#467,#213,.T.);
#563=EDGE_CURVE('',#469,#468,#214,.T.);
#564=EDGE_CURVE('',#470,#469,#215,.T.);
#565=EDGE_CURVE('',#471,#470,#216,.T.);
#566=EDGE_CURVE('',#471,#465,#217,.T.);
#567=EDGE_CURVE('',#440,#456,#218,.T.);
#568=EDGE_CURVE('',#459,#453,#219,.T.);
#569=EDGE_CURVE('',#455,#446,#220,.T.);
#570=EDGE_CURVE('',#460,#448,#221,.T.);
#571=EDGE_CURVE('',#457,#441,#222,.T.);
#572=EDGE_CURVE('',#452,#458,#223,.T.);
#573=EDGE_CURVE('',#463,#444,#224,.T.);
#574=EDGE_CURVE('',#444,#454,#225,.T.);
#575=EDGE_CURVE('',#472,#472,#434,.T.);
#576=EDGE_CURVE('',#472,#473,#226,.T.);
#577=EDGE_CURVE('',#473,#473,#435,.T.);
#578=EDGE_CURVE('',#474,#475,#227,.T.);
#579=EDGE_CURVE('',#474,#476,#228,.T.);
#580=EDGE_CURVE('',#476,#477,#229,.T.);
#581=EDGE_CURVE('',#478,#477,#230,.T.);
#582=EDGE_CURVE('',#478,#479,#231,.T.);
#583=EDGE_CURVE('',#479,#475,#232,.T.);
#584=EDGE_CURVE('',#480,#474,#233,.T.);
#585=EDGE_CURVE('',#481,#480,#234,.T.);
#586=EDGE_CURVE('',#476,#481,#235,.T.);
#587=EDGE_CURVE('',#482,#480,#236,.T.);
#588=EDGE_CURVE('',#482,#483,#237,.T.);
#589=EDGE_CURVE('',#483,#484,#238,.T.);
#590=EDGE_CURVE('',#484,#485,#239,.T.);
#591=EDGE_CURVE('',#485,#481,#240,.T.);
#592=EDGE_CURVE('',#484,#478,#241,.T.);
#593=EDGE_CURVE('',#477,#485,#242,.T.);
#594=EDGE_CURVE('',#475,#486,#243,.T.);
#595=EDGE_CURVE('',#486,#487,#244,.T.);
#596=EDGE_CURVE('',#487,#488,#245,.T.);
#597=EDGE_CURVE('',#488,#489,#246,.T.);
#598=EDGE_CURVE('',#489,#467,#247,.T.);
#599=EDGE_CURVE('',#466,#490,#248,.T.);
#600=EDGE_CURVE('',#490,#491,#249,.T.);
#601=EDGE_CURVE('',#492,#491,#250,.T.);
#602=EDGE_CURVE('',#492,#493,#251,.T.);
#603=EDGE_CURVE('',#493,#494,#252,.T.);
#604=EDGE_CURVE('',#494,#482,#253,.T.);
#605=EDGE_CURVE('',#479,#469,#254,.T.);
#606=EDGE_CURVE('',#469,#486,#255,.T.);
#607=EDGE_CURVE('',#494,#495,#256,.T.);
#608=EDGE_CURVE('',#496,#495,#257,.T.);
#609=EDGE_CURVE('',#496,#497,#258,.T.);
#610=EDGE_CURVE('',#498,#497,#259,.T.);
#611=EDGE_CURVE('',#498,#483,#260,.T.);
#612=EDGE_CURVE('',#498,#499,#261,.T.);
#613=EDGE_CURVE('',#500,#499,#262,.T.);
#614=EDGE_CURVE('',#501,#500,#263,.T.);
#615=EDGE_CURVE('',#498,#501,#264,.T.);
#616=EDGE_CURVE('',#502,#476,#265,.T.);
#617=EDGE_CURVE('',#503,#502,#266,.T.);
#618=EDGE_CURVE('',#503,#500,#267,.T.);
#619=EDGE_CURVE('',#481,#499,#268,.T.);
#620=EDGE_CURVE('',#499,#504,#269,.T.);
#621=EDGE_CURVE('',#504,#505,#270,.T.);
#622=EDGE_CURVE('',#506,#505,#271,.T.);
#623=EDGE_CURVE('',#506,#507,#272,.T.);
#624=EDGE_CURVE('',#508,#507,#273,.T.);
#625=EDGE_CURVE('',#508,#502,#274,.T.);
#626=EDGE_CURVE('',#509,#510,#275,.T.);
#627=EDGE_CURVE('',#491,#509,#276,.T.);
#628=EDGE_CURVE('',#510,#490,#277,.T.);
#629=EDGE_CURVE('',#464,#510,#278,.T.);
#630=EDGE_CURVE('',#465,#509,#279,.T.);
#631=EDGE_CURVE('',#488,#511,#280,.T.);
#632=EDGE_CURVE('',#512,#487,#281,.T.);
#633=EDGE_CURVE('',#511,#512,#282,.T.);
#634=EDGE_CURVE('',#513,#511,#283,.T.);
#635=EDGE_CURVE('',#513,#489,#284,.T.);
#636=EDGE_CURVE('',#468,#513,#285,.T.);
#637=EDGE_CURVE('',#469,#512,#286,.T.);
#638=EDGE_CURVE('',#465,#492,#287,.T.);
#639=EDGE_CURVE('',#497,#504,#288,.T.);
#640=EDGE_CURVE('',#514,#496,#289,.T.);
#641=EDGE_CURVE('',#505,#514,#290,.T.);
#642=EDGE_CURVE('',#515,#514,#291,.T.);
#643=EDGE_CURVE('',#506,#515,#292,.T.);
#644=EDGE_CURVE('',#495,#515,#293,.T.);
#645=EDGE_CURVE('',#470,#501,#294,.T.);
#646=EDGE_CURVE('',#503,#516,#295,.T.);
#647=EDGE_CURVE('',#516,#471,#296,.T.);
#648=EDGE_CURVE('',#495,#517,#17,.T.);
#649=EDGE_CURVE('',#518,#494,#15,.T.);
#650=EDGE_CURVE('',#518,#517,#297,.T.);
#651=EDGE_CURVE('',#493,#515,#298,.T.);
#652=EDGE_CURVE('',#507,#493,#299,.T.);
#653=EDGE_CURVE('',#517,#515,#18,.T.);
#654=EDGE_CURVE('',#493,#518,#16,.T.);
#655=EDGE_CURVE('',#508,#465,#300,.T.);
#656=EDGE_CURVE('',#516,#508,#301,.T.);
#657=ORIENTED_EDGE('',*,*,#519,.F.);
#658=ORIENTED_EDGE('',*,*,#520,.T.);
#659=ORIENTED_EDGE('',*,*,#521,.F.);
#660=ORIENTED_EDGE('',*,*,#520,.F.);
#661=ORIENTED_EDGE('',*,*,#522,.F.);
#662=ORIENTED_EDGE('',*,*,#523,.T.);
#663=ORIENTED_EDGE('',*,*,#524,.F.);
#664=ORIENTED_EDGE('',*,*,#523,.F.);
#665=ORIENTED_EDGE('',*,*,#525,.F.);
#666=ORIENTED_EDGE('',*,*,#526,.F.);
#667=ORIENTED_EDGE('',*,*,#527,.F.);
#668=ORIENTED_EDGE('',*,*,#528,.F.);
#669=ORIENTED_EDGE('',*,*,#529,.F.);
#670=ORIENTED_EDGE('',*,*,#530,.F.);
#671=ORIENTED_EDGE('',*,*,#531,.F.);
#672=ORIENTED_EDGE('',*,*,#532,.F.);
#673=ORIENTED_EDGE('',*,*,#533,.F.);
#674=ORIENTED_EDGE('',*,*,#534,.T.);
#675=ORIENTED_EDGE('',*,*,#535,.F.);
#676=ORIENTED_EDGE('',*,*,#536,.T.);
#677=ORIENTED_EDGE('',*,*,#537,.F.);
#678=ORIENTED_EDGE('',*,*,#538,.F.);
#679=ORIENTED_EDGE('',*,*,#539,.F.);
#680=ORIENTED_EDGE('',*,*,#540,.F.);
#681=ORIENTED_EDGE('',*,*,#541,.F.);
#682=ORIENTED_EDGE('',*,*,#542,.F.);
#683=ORIENTED_EDGE('',*,*,#543,.F.);
#684=ORIENTED_EDGE('',*,*,#544,.F.);
#685=ORIENTED_EDGE('',*,*,#545,.T.);
#686=ORIENTED_EDGE('',*,*,#546,.F.);
#687=ORIENTED_EDGE('',*,*,#547,.T.);
#688=ORIENTED_EDGE('',*,*,#548,.F.);
#689=ORIENTED_EDGE('',*,*,#527,.T.);
#690=ORIENTED_EDGE('',*,*,#549,.F.);
#691=ORIENTED_EDGE('',*,*,#534,.F.);
#692=ORIENTED_EDGE('',*,*,#550,.F.);
#693=ORIENTED_EDGE('',*,*,#538,.T.);
#694=ORIENTED_EDGE('',*,*,#551,.F.);
#695=ORIENTED_EDGE('',*,*,#552,.T.);
#696=ORIENTED_EDGE('',*,*,#553,.F.);
#697=ORIENTED_EDGE('',*,*,#532,.T.);
#698=ORIENTED_EDGE('',*,*,#554,.F.);
#699=ORIENTED_EDGE('',*,*,#555,.F.);
#700=ORIENTED_EDGE('',*,*,#556,.F.);
#701=ORIENTED_EDGE('',*,*,#539,.T.);
#702=ORIENTED_EDGE('',*,*,#553,.T.);
#703=ORIENTED_EDGE('',*,*,#557,.T.);
#704=ORIENTED_EDGE('',*,*,#531,.T.);
#705=ORIENTED_EDGE('',*,*,#558,.T.);
#706=ORIENTED_EDGE('',*,*,#554,.T.);
#707=ORIENTED_EDGE('',*,*,#559,.F.);
#708=ORIENTED_EDGE('',*,*,#560,.T.);
#709=ORIENTED_EDGE('',*,*,#561,.F.);
#710=ORIENTED_EDGE('',*,*,#562,.F.);
#711=ORIENTED_EDGE('',*,*,#563,.F.);
#712=ORIENTED_EDGE('',*,*,#564,.F.);
#713=ORIENTED_EDGE('',*,*,#565,.F.);
#714=ORIENTED_EDGE('',*,*,#566,.T.);
#715=ORIENTED_EDGE('',*,*,#526,.T.);
#716=ORIENTED_EDGE('',*,*,#567,.T.);
#717=ORIENTED_EDGE('',*,*,#548,.T.);
#718=ORIENTED_EDGE('',*,*,#568,.T.);
#719=ORIENTED_EDGE('',*,*,#544,.T.);
#720=ORIENTED_EDGE('',*,*,#569,.T.);
#721=ORIENTED_EDGE('',*,*,#535,.T.);
#722=ORIENTED_EDGE('',*,*,#549,.T.);
#723=ORIENTED_EDGE('',*,*,#552,.F.);
#724=ORIENTED_EDGE('',*,*,#570,.T.);
#725=ORIENTED_EDGE('',*,*,#540,.T.);
#726=ORIENTED_EDGE('',*,*,#557,.F.);
#727=ORIENTED_EDGE('',*,*,#525,.T.);
#728=ORIENTED_EDGE('',*,*,#571,.F.);
#729=ORIENTED_EDGE('',*,*,#545,.F.);
#730=ORIENTED_EDGE('',*,*,#567,.F.);
#731=ORIENTED_EDGE('',*,*,#541,.T.);
#732=ORIENTED_EDGE('',*,*,#568,.F.);
#733=ORIENTED_EDGE('',*,*,#547,.F.);
#734=ORIENTED_EDGE('',*,*,#572,.F.);
#735=ORIENTED_EDGE('',*,*,#555,.T.);
#736=ORIENTED_EDGE('',*,*,#558,.F.);
#737=ORIENTED_EDGE('',*,*,#530,.T.);
#738=ORIENTED_EDGE('',*,*,#573,.F.);
#739=ORIENTED_EDGE('',*,*,#543,.T.);
#740=ORIENTED_EDGE('',*,*,#574,.F.);
#741=ORIENTED_EDGE('',*,*,#536,.F.);
#742=ORIENTED_EDGE('',*,*,#569,.F.);
#743=ORIENTED_EDGE('',*,*,#575,.F.);
#744=ORIENTED_EDGE('',*,*,#576,.T.);
#745=ORIENTED_EDGE('',*,*,#577,.F.);
#746=ORIENTED_EDGE('',*,*,#576,.F.);
#747=ORIENTED_EDGE('',*,*,#550,.T.);
#748=ORIENTED_EDGE('',*,*,#570,.F.);
#749=ORIENTED_EDGE('',*,*,#551,.T.);
#750=ORIENTED_EDGE('',*,*,#537,.T.);
#751=ORIENTED_EDGE('',*,*,#533,.T.);
#752=ORIENTED_EDGE('',*,*,#529,.T.);
#753=ORIENTED_EDGE('',*,*,#556,.T.);
#754=ORIENTED_EDGE('',*,*,#573,.T.);
#755=ORIENTED_EDGE('',*,*,#574,.T.);
#756=ORIENTED_EDGE('',*,*,#542,.T.);
#757=ORIENTED_EDGE('',*,*,#572,.T.);
#758=ORIENTED_EDGE('',*,*,#546,.T.);
#759=ORIENTED_EDGE('',*,*,#571,.T.);
#760=ORIENTED_EDGE('',*,*,#528,.T.);
#761=ORIENTED_EDGE('',*,*,#519,.T.);
#762=ORIENTED_EDGE('',*,*,#522,.T.);
#763=ORIENTED_EDGE('',*,*,#577,.T.);
#764=ORIENTED_EDGE('',*,*,#578,.F.);
#765=ORIENTED_EDGE('',*,*,#579,.T.);
#766=ORIENTED_EDGE('',*,*,#580,.T.);
#767=ORIENTED_EDGE('',*,*,#581,.F.);
#768=ORIENTED_EDGE('',*,*,#582,.T.);
#769=ORIENTED_EDGE('',*,*,#583,.T.);
#770=ORIENTED_EDGE('',*,*,#584,.F.);
#771=ORIENTED_EDGE('',*,*,#585,.F.);
#772=ORIENTED_EDGE('',*,*,#586,.F.);
#773=ORIENTED_EDGE('',*,*,#579,.F.);
#774=ORIENTED_EDGE('',*,*,#587,.F.);
#775=ORIENTED_EDGE('',*,*,#588,.T.);
#776=ORIENTED_EDGE('',*,*,#589,.T.);
#777=ORIENTED_EDGE('',*,*,#590,.T.);
#778=ORIENTED_EDGE('',*,*,#591,.T.);
#779=ORIENTED_EDGE('',*,*,#585,.T.);
#780=ORIENTED_EDGE('',*,*,#592,.T.);
#781=ORIENTED_EDGE('',*,*,#581,.T.);
#782=ORIENTED_EDGE('',*,*,#593,.T.);
#783=ORIENTED_EDGE('',*,*,#590,.F.);
#784=ORIENTED_EDGE('',*,*,#587,.T.);
#785=ORIENTED_EDGE('',*,*,#584,.T.);
#786=ORIENTED_EDGE('',*,*,#578,.T.);
#787=ORIENTED_EDGE('',*,*,#594,.T.);
#788=ORIENTED_EDGE('',*,*,#595,.T.);
#789=ORIENTED_EDGE('',*,*,#596,.T.);
#790=ORIENTED_EDGE('',*,*,#597,.T.);
#791=ORIENTED_EDGE('',*,*,#598,.T.);
#792=ORIENTED_EDGE('',*,*,#561,.T.);
#793=ORIENTED_EDGE('',*,*,#599,.T.);
#794=ORIENTED_EDGE('',*,*,#600,.T.);
#795=ORIENTED_EDGE('',*,*,#601,.F.);
#796=ORIENTED_EDGE('',*,*,#602,.T.);
#797=ORIENTED_EDGE('',*,*,#603,.T.);
#798=ORIENTED_EDGE('',*,*,#604,.T.);
#799=ORIENTED_EDGE('',*,*,#583,.F.);
#800=ORIENTED_EDGE('',*,*,#605,.T.);
#801=ORIENTED_EDGE('',*,*,#606,.T.);
#802=ORIENTED_EDGE('',*,*,#594,.F.);
#803=ORIENTED_EDGE('',*,*,#588,.F.);
#804=ORIENTED_EDGE('',*,*,#604,.F.);
#805=ORIENTED_EDGE('',*,*,#607,.T.);
#806=ORIENTED_EDGE('',*,*,#608,.F.);
#807=ORIENTED_EDGE('',*,*,#609,.T.);
#808=ORIENTED_EDGE('',*,*,#610,.F.);
#809=ORIENTED_EDGE('',*,*,#611,.T.);
#810=ORIENTED_EDGE('',*,*,#612,.T.);
#811=ORIENTED_EDGE('',*,*,#613,.F.);
#812=ORIENTED_EDGE('',*,*,#614,.F.);
#813=ORIENTED_EDGE('',*,*,#615,.F.);
#814=ORIENTED_EDGE('',*,*,#580,.F.);
#815=ORIENTED_EDGE('',*,*,#616,.F.);
#816=ORIENTED_EDGE('',*,*,#617,.F.);
#817=ORIENTED_EDGE('',*,*,#618,.T.);
#818=ORIENTED_EDGE('',*,*,#613,.T.);
#819=ORIENTED_EDGE('',*,*,#619,.F.);
#820=ORIENTED_EDGE('',*,*,#591,.F.);
#821=ORIENTED_EDGE('',*,*,#593,.F.);
#822=ORIENTED_EDGE('',*,*,#620,.T.);
#823=ORIENTED_EDGE('',*,*,#621,.T.);
#824=ORIENTED_EDGE('',*,*,#622,.F.);
#825=ORIENTED_EDGE('',*,*,#623,.T.);
#826=ORIENTED_EDGE('',*,*,#624,.F.);
#827=ORIENTED_EDGE('',*,*,#625,.T.);
#828=ORIENTED_EDGE('',*,*,#616,.T.);
#829=ORIENTED_EDGE('',*,*,#586,.T.);
#830=ORIENTED_EDGE('',*,*,#619,.T.);
#831=ORIENTED_EDGE('',*,*,#626,.F.);
#832=ORIENTED_EDGE('',*,*,#627,.F.);
#833=ORIENTED_EDGE('',*,*,#600,.F.);
#834=ORIENTED_EDGE('',*,*,#628,.F.);
#835=ORIENTED_EDGE('',*,*,#626,.T.);
#836=ORIENTED_EDGE('',*,*,#629,.F.);
#837=ORIENTED_EDGE('',*,*,#559,.T.);
#838=ORIENTED_EDGE('',*,*,#630,.T.);
#839=ORIENTED_EDGE('',*,*,#628,.T.);
#840=ORIENTED_EDGE('',*,*,#599,.F.);
#841=ORIENTED_EDGE('',*,*,#560,.F.);
#842=ORIENTED_EDGE('',*,*,#629,.T.);
#843=ORIENTED_EDGE('',*,*,#631,.F.);
#844=ORIENTED_EDGE('',*,*,#596,.F.);
#845=ORIENTED_EDGE('',*,*,#632,.F.);
#846=ORIENTED_EDGE('',*,*,#633,.F.);
#847=ORIENTED_EDGE('',*,*,#631,.T.);
#848=ORIENTED_EDGE('',*,*,#634,.F.);
#849=ORIENTED_EDGE('',*,*,#635,.T.);
#850=ORIENTED_EDGE('',*,*,#597,.F.);
#851=ORIENTED_EDGE('',*,*,#598,.F.);
#852=ORIENTED_EDGE('',*,*,#635,.F.);
#853=ORIENTED_EDGE('',*,*,#636,.F.);
#854=ORIENTED_EDGE('',*,*,#562,.T.);
#855=ORIENTED_EDGE('',*,*,#633,.T.);
#856=ORIENTED_EDGE('',*,*,#637,.F.);
#857=ORIENTED_EDGE('',*,*,#563,.T.);
#858=ORIENTED_EDGE('',*,*,#636,.T.);
#859=ORIENTED_EDGE('',*,*,#634,.T.);
#860=ORIENTED_EDGE('',*,*,#632,.T.);
#861=ORIENTED_EDGE('',*,*,#595,.F.);
#862=ORIENTED_EDGE('',*,*,#606,.F.);
#863=ORIENTED_EDGE('',*,*,#637,.T.);
#864=ORIENTED_EDGE('',*,*,#638,.T.);
#865=ORIENTED_EDGE('',*,*,#601,.T.);
#866=ORIENTED_EDGE('',*,*,#627,.T.);
#867=ORIENTED_EDGE('',*,*,#630,.F.);
#868=ORIENTED_EDGE('',*,*,#621,.F.);
#869=ORIENTED_EDGE('',*,*,#639,.F.);
#870=ORIENTED_EDGE('',*,*,#609,.F.);
#871=ORIENTED_EDGE('',*,*,#640,.F.);
#872=ORIENTED_EDGE('',*,*,#641,.F.);
#873=ORIENTED_EDGE('',*,*,#641,.T.);
#874=ORIENTED_EDGE('',*,*,#642,.F.);
#875=ORIENTED_EDGE('',*,*,#643,.F.);
#876=ORIENTED_EDGE('',*,*,#622,.T.);
#877=ORIENTED_EDGE('',*,*,#640,.T.);
#878=ORIENTED_EDGE('',*,*,#608,.T.);
#879=ORIENTED_EDGE('',*,*,#644,.T.);
#880=ORIENTED_EDGE('',*,*,#642,.T.);
#881=ORIENTED_EDGE('',*,*,#639,.T.);
#882=ORIENTED_EDGE('',*,*,#620,.F.);
#883=ORIENTED_EDGE('',*,*,#612,.F.);
#884=ORIENTED_EDGE('',*,*,#610,.T.);
#885=ORIENTED_EDGE('',*,*,#589,.F.);
#886=ORIENTED_EDGE('',*,*,#611,.F.);
#887=ORIENTED_EDGE('',*,*,#615,.T.);
#888=ORIENTED_EDGE('',*,*,#645,.F.);
#889=ORIENTED_EDGE('',*,*,#564,.T.);
#890=ORIENTED_EDGE('',*,*,#605,.F.);
#891=ORIENTED_EDGE('',*,*,#582,.F.);
#892=ORIENTED_EDGE('',*,*,#592,.F.);
#893=ORIENTED_EDGE('',*,*,#614,.T.);
#894=ORIENTED_EDGE('',*,*,#618,.F.);
#895=ORIENTED_EDGE('',*,*,#646,.T.);
#896=ORIENTED_EDGE('',*,*,#647,.T.);
#897=ORIENTED_EDGE('',*,*,#565,.T.);
#898=ORIENTED_EDGE('',*,*,#645,.T.);
#899=ORIENTED_EDGE('',*,*,#648,.F.);
#900=ORIENTED_EDGE('',*,*,#607,.F.);
#901=ORIENTED_EDGE('',*,*,#649,.F.);
#902=ORIENTED_EDGE('',*,*,#650,.T.);
#903=ORIENTED_EDGE('',*,*,#643,.T.);
#904=ORIENTED_EDGE('',*,*,#651,.F.);
#905=ORIENTED_EDGE('',*,*,#652,.F.);
#906=ORIENTED_EDGE('',*,*,#623,.F.);
#907=ORIENTED_EDGE('',*,*,#653,.F.);
#908=ORIENTED_EDGE('',*,*,#650,.F.);
#909=ORIENTED_EDGE('',*,*,#654,.F.);
#910=ORIENTED_EDGE('',*,*,#651,.T.);
#911=ORIENTED_EDGE('',*,*,#648,.T.);
#912=ORIENTED_EDGE('',*,*,#653,.T.);
#913=ORIENTED_EDGE('',*,*,#644,.F.);
#914=ORIENTED_EDGE('',*,*,#649,.T.);
#915=ORIENTED_EDGE('',*,*,#603,.F.);
#916=ORIENTED_EDGE('',*,*,#654,.T.);
#917=ORIENTED_EDGE('',*,*,#655,.F.);
#918=ORIENTED_EDGE('',*,*,#624,.T.);
#919=ORIENTED_EDGE('',*,*,#652,.T.);
#920=ORIENTED_EDGE('',*,*,#602,.F.);
#921=ORIENTED_EDGE('',*,*,#638,.F.);
#922=ORIENTED_EDGE('',*,*,#647,.F.);
#923=ORIENTED_EDGE('',*,*,#656,.T.);
#924=ORIENTED_EDGE('',*,*,#655,.T.);
#925=ORIENTED_EDGE('',*,*,#566,.F.);
#926=ORIENTED_EDGE('',*,*,#656,.F.);
#927=ORIENTED_EDGE('',*,*,#646,.F.);
#928=ORIENTED_EDGE('',*,*,#617,.T.);
#929=ORIENTED_EDGE('',*,*,#625,.F.);
#930=ORIENTED_EDGE('',*,*,#521,.T.);
#931=ORIENTED_EDGE('',*,*,#524,.T.);
#932=ORIENTED_EDGE('',*,*,#575,.T.);
#933=CYLINDRICAL_SURFACE('',#1010,0.800000000000023);
#934=CYLINDRICAL_SURFACE('',#1013,0.800000000000023);
#935=CYLINDRICAL_SURFACE('',#1016,3.70000000000001);
#936=CYLINDRICAL_SURFACE('',#1020,2.20000000000001);
#937=CYLINDRICAL_SURFACE('',#1024,3.70000000000001);
#938=CYLINDRICAL_SURFACE('',#1027,2.20000000000001);
#939=CYLINDRICAL_SURFACE('',#1031,2.);
#940=CYLINDRICAL_SURFACE('',#1034,2.);
#941=CYLINDRICAL_SURFACE('',#1045,3.45);
#942=ADVANCED_FACE('',(#71),#933,.F.);
#943=ADVANCED_FACE('',(#72),#934,.F.);
#944=ADVANCED_FACE('',(#73),#935,.F.);
#945=ADVANCED_FACE('',(#74),#28,.F.);
#946=ADVANCED_FACE('',(#75),#936,.F.);
#947=ADVANCED_FACE('',(#76),#29,.F.);
#948=ADVANCED_FACE('',(#77),#937,.F.);
#949=ADVANCED_FACE('',(#78),#938,.F.);
#950=ADVANCED_FACE('',(#79),#30,.F.);
#951=ADVANCED_FACE('',(#80),#939,.F.);
#952=ADVANCED_FACE('',(#81),#940,.F.);
#953=ADVANCED_FACE('',(#82),#31,.T.);
#954=ADVANCED_FACE('',(#83),#32,.T.);
#955=ADVANCED_FACE('',(#84,#21),#33,.T.);
#956=ADVANCED_FACE('',(#85),#34,.F.);
#957=ADVANCED_FACE('',(#86),#35,.F.);
#958=ADVANCED_FACE('',(#87),#36,.F.);
#959=ADVANCED_FACE('',(#88),#37,.F.);
#960=ADVANCED_FACE('',(#89),#38,.F.);
#961=ADVANCED_FACE('',(#90),#941,.F.);
#962=ADVANCED_FACE('',(#91,#22,#23,#24),#39,.T.);
#963=ADVANCED_FACE('',(#92),#40,.F.);
#964=ADVANCED_FACE('',(#93),#41,.F.);
#965=ADVANCED_FACE('',(#94),#42,.F.);
#966=ADVANCED_FACE('',(#95),#43,.F.);
#967=ADVANCED_FACE('',(#96),#44,.T.);
#968=ADVANCED_FACE('',(#97),#45,.T.);
#969=ADVANCED_FACE('',(#98),#46,.T.);
#970=ADVANCED_FACE('',(#99),#47,.F.);
#971=ADVANCED_FACE('',(#100),#48,.T.);
#972=ADVANCED_FACE('',(#101),#49,.F.);
#973=ADVANCED_FACE('',(#102),#50,.F.);
#974=ADVANCED_FACE('',(#103),#51,.T.);
#975=ADVANCED_FACE('',(#104),#52,.F.);
#976=ADVANCED_FACE('',(#105),#53,.F.);
#977=ADVANCED_FACE('',(#106),#54,.F.);
#978=ADVANCED_FACE('',(#107),#55,.F.);
#979=ADVANCED_FACE('',(#108),#56,.T.);
#980=ADVANCED_FACE('',(#109),#57,.T.);
#981=ADVANCED_FACE('',(#110),#58,.T.);
#982=ADVANCED_FACE('',(#111),#59,.F.);
#983=ADVANCED_FACE('',(#112),#60,.T.);
#984=ADVANCED_FACE('',(#113),#61,.T.);
#985=ADVANCED_FACE('',(#114),#62,.F.);
#986=ADVANCED_FACE('',(#115),#63,.T.);
#987=ADVANCED_FACE('',(#116),#64,.T.);
#988=ADVANCED_FACE('',(#117),#19,.F.);
#989=ADVANCED_FACE('',(#118),#65,.F.);
#990=ADVANCED_FACE('',(#119),#20,.F.);
#991=ADVANCED_FACE('',(#120),#66,.T.);
#992=ADVANCED_FACE('',(#121),#67,.T.);
#993=ADVANCED_FACE('',(#122),#68,.T.);
#994=ADVANCED_FACE('',(#123),#69,.T.);
#995=ADVANCED_FACE('',(#124,#25,#26,#27),#70,.T.);
#996=CLOSED_SHELL('',(#942,#943,#944,#945,#946,#947,#948,#949,#950,#951,
#952,#953,#954,#955,#956,#957,#958,#959,#960,#961,#962,#963,#964,#965,#966,
#967,#968,#969,#970,#971,#972,#973,#974,#975,#976,#977,#978,#979,#980,#981,
#982,#983,#984,#985,#986,#987,#988,#989,#990,#991,#992,#993,#994,#995));
#997=DERIVED_UNIT_ELEMENT(#999,1.);
#998=DERIVED_UNIT_ELEMENT(#1861,-3.);
#999=(
MASS_UNIT()
NAMED_UNIT(*)
SI_UNIT(.KILO.,.GRAM.)
);
#1000=DERIVED_UNIT((#997,#998));
#1001=MEASURE_REPRESENTATION_ITEM('density measure',
POSITIVE_RATIO_MEASURE(1140.),#1000);
#1002=PROPERTY_DEFINITION_REPRESENTATION(#1007,#1004);
#1003=PROPERTY_DEFINITION_REPRESENTATION(#1008,#1005);
#1004=REPRESENTATION('material name',(#1006),#1858);
#1005=REPRESENTATION('density',(#1001),#1858);
#1006=DESCRIPTIVE_REPRESENTATION_ITEM('Printed PLA Plastic',
'Printed PLA Plastic');
#1007=PROPERTY_DEFINITION('material property','material name',#1868);
#1008=PROPERTY_DEFINITION('material property','density of part',#1868);
#1009=AXIS2_PLACEMENT_3D('',#1338,#1080,#1081);
#1010=AXIS2_PLACEMENT_3D('',#1339,#1082,#1083);
#1011=AXIS2_PLACEMENT_3D('',#1341,#1084,#1085);
#1012=AXIS2_PLACEMENT_3D('',#1344,#1087,#1088);
#1013=AXIS2_PLACEMENT_3D('',#1345,#1089,#1090);
#1014=AXIS2_PLACEMENT_3D('',#1347,#1091,#1092);
#1015=AXIS2_PLACEMENT_3D('',#1350,#1094,#1095);
#1016=AXIS2_PLACEMENT_3D('',#1351,#1096,#1097);
#1017=AXIS2_PLACEMENT_3D('',#1356,#1099,#1100);
#1018=AXIS2_PLACEMENT_3D('',#1359,#1102,#1103);
#1019=AXIS2_PLACEMENT_3D('',#1360,#1104,#1105);
#1020=AXIS2_PLACEMENT_3D('',#1369,#1110,#1111);
#1021=AXIS2_PLACEMENT_3D('',#1371,#1112,#1113);
#1022=AXIS2_PLACEMENT_3D('',#1374,#1115,#1116);
#1023=AXIS2_PLACEMENT_3D('',#1376,#1118,#1119);
#1024=AXIS2_PLACEMENT_3D('',#1383,#1124,#1125);
#1025=AXIS2_PLACEMENT_3D('',#1388,#1127,#1128);
#1026=AXIS2_PLACEMENT_3D('',#1391,#1130,#1131);
#1027=AXIS2_PLACEMENT_3D('',#1392,#1132,#1133);
#1028=AXIS2_PLACEMENT_3D('',#1397,#1135,#1136);
#1029=AXIS2_PLACEMENT_3D('',#1400,#1138,#1139);
#1030=AXIS2_PLACEMENT_3D('',#1401,#1140,#1141);
#1031=AXIS2_PLACEMENT_3D('',#1404,#1144,#1145);
#1032=AXIS2_PLACEMENT_3D('',#1406,#1146,#1147);
#1033=AXIS2_PLACEMENT_3D('',#1409,#1149,#1150);
#1034=AXIS2_PLACEMENT_3D('',#1410,#1151,#1152);
#1035=AXIS2_PLACEMENT_3D('',#1412,#1153,#1154);
#1036=AXIS2_PLACEMENT_3D('',#1415,#1156,#1157);
#1037=AXIS2_PLACEMENT_3D('',#1416,#1158,#1159);
#1038=AXIS2_PLACEMENT_3D('',#1418,#1161,#1162);
#1039=AXIS2_PLACEMENT_3D('',#1420,#1164,#1165);
#1040=AXIS2_PLACEMENT_3D('',#1440,#1177,#1178);
#1041=AXIS2_PLACEMENT_3D('',#1442,#1180,#1181);
#1042=AXIS2_PLACEMENT_3D('',#1444,#1183,#1184);
#1043=AXIS2_PLACEMENT_3D('',#1446,#1186,#1187);
#1044=AXIS2_PLACEMENT_3D('',#1448,#1189,#1190);
#1045=AXIS2_PLACEMENT_3D('',#1450,#1192,#1193);
#1046=AXIS2_PLACEMENT_3D('',#1452,#1194,#1195);
#1047=AXIS2_PLACEMENT_3D('',#1455,#1197,#1198);
#1048=AXIS2_PLACEMENT_3D('',#1456,#1199,#1200);
#1049=AXIS2_PLACEMENT_3D('',#1457,#1201,#1202);
#1050=AXIS2_PLACEMENT_3D('',#1470,#1209,#1210);
#1051=AXIS2_PLACEMENT_3D('',#1476,#1214,#1215);
#1052=AXIS2_PLACEMENT_3D('',#1486,#1221,#1222);
#1053=AXIS2_PLACEMENT_3D('',#1489,#1225,#1226);
#1054=AXIS2_PLACEMENT_3D('',#1510,#1238,#1239);
#1055=AXIS2_PLACEMENT_3D('',#1513,#1242,#1243);
#1056=AXIS2_PLACEMENT_3D('',#1523,#1249,#1250);
#1057=AXIS2_PLACEMENT_3D('',#1531,#1255,#1256);
#1058=AXIS2_PLACEMENT_3D('',#1538,#1261,#1262);
#1059=AXIS2_PLACEMENT_3D('',#1550,#1269,#1270);
#1060=AXIS2_PLACEMENT_3D('',#1556,#1274,#1275);
#1061=AXIS2_PLACEMENT_3D('',#1559,#1278,#1279);
#1062=AXIS2_PLACEMENT_3D('',#1560,#1280,#1281);
#1063=AXIS2_PLACEMENT_3D('',#1566,#1285,#1286);
#1064=AXIS2_PLACEMENT_3D('',#1570,#1289,#1290);
#1065=AXIS2_PLACEMENT_3D('',#1572,#1292,#1293);
#1066=AXIS2_PLACEMENT_3D('',#1574,#1295,#1296);
#1067=AXIS2_PLACEMENT_3D('',#1575,#1297,#1298);
#1068=AXIS2_PLACEMENT_3D('',#1577,#1300,#1301);
#1069=AXIS2_PLACEMENT_3D('',#1582,#1305,#1306);
#1070=AXIS2_PLACEMENT_3D('',#1586,#1309,#1310);
#1071=AXIS2_PLACEMENT_3D('',#1588,#1312,#1313);
#1072=AXIS2_PLACEMENT_3D('',#1589,#1314,#1315);
#1073=AXIS2_PLACEMENT_3D('',#1591,#1317,#1318);
#1074=AXIS2_PLACEMENT_3D('',#1722,#1322,#1323);
#1075=AXIS2_PLACEMENT_3D('',#1849,#1326,#1327);
#1076=AXIS2_PLACEMENT_3D('',#1850,#1328,#1329);
#1077=AXIS2_PLACEMENT_3D('',#1851,#1330,#1331);
#1078=AXIS2_PLACEMENT_3D('',#1853,#1333,#1334);
#1079=AXIS2_PLACEMENT_3D('',#1855,#1336,#1337);
#1080=DIRECTION('axis',(0.,0.,1.));
#1081=DIRECTION('refdir',(1.,0.,0.));
#1082=DIRECTION('center_axis',(0.,0.,1.));
#1083=DIRECTION('ref_axis',(-1.,2.8162194798398E-12,0.));
#1084=DIRECTION('center_axis',(-1.76115429204941E-15,7.96345553366447E-15,
1.));
#1085=DIRECTION('ref_axis',(-1.,2.8162194798398E-12,0.));
#1086=DIRECTION('',(0.,0.,1.));
#1087=DIRECTION('center_axis',(1.77516421701051E-15,-7.96413241886846E-15,
-1.));
#1088=DIRECTION('ref_axis',(-1.,2.8162194798398E-12,0.));
#1089=DIRECTION('center_axis',(0.,0.,1.));
#1090=DIRECTION('ref_axis',(-1.,2.8162194798398E-12,0.));
#1091=DIRECTION('center_axis',(-1.76115429204941E-15,7.96345553366447E-15,
1.));
#1092=DIRECTION('ref_axis',(-1.,2.8162194798398E-12,0.));
#1093=DIRECTION('',(0.,0.,1.));
#1094=DIRECTION('center_axis',(1.77516421701051E-15,-7.96413241886846E-15,
-1.));
#1095=DIRECTION('ref_axis',(-1.,2.8162194798398E-12,0.));
#1096=DIRECTION('center_axis',(0.,0.,-1.));
#1097=DIRECTION('ref_axis',(-1.,2.8162194798398E-12,0.));
#1098=DIRECTION('',(0.,0.,1.));
#1099=DIRECTION('center_axis',(-1.77516421701051E-15,7.96413241886846E-15,
1.));
#1100=DIRECTION('ref_axis',(-1.,2.8162194798398E-12,0.));
#1101=DIRECTION('',(0.,0.,-1.));
#1102=DIRECTION('center_axis',(2.60324098722934E-29,4.32664308209004E-29,
-1.));
#1103=DIRECTION('ref_axis',(-1.,2.8162194798398E-12,-2.61176921323172E-29));
#1104=DIRECTION('center_axis',(2.61481653048943E-14,-1.,0.));
#1105=DIRECTION('ref_axis',(-1.,-2.61481653048943E-14,-3.74708929979981E-29));
#1106=DIRECTION('',(-1.,-2.61481653048943E-14,-3.74708929979981E-29));
#1107=DIRECTION('',(-1.76115429204941E-15,7.96345553366447E-15,1.));
#1108=DIRECTION('',(1.,2.61481653048943E-14,1.7751642170103E-15));
#1109=DIRECTION('',(1.76115429204941E-15,-7.96345553366447E-15,-1.));
#1110=DIRECTION('center_axis',(0.,0.,-1.));
#1111=DIRECTION('ref_axis',(-1.,2.8162194798398E-12,0.));
#1112=DIRECTION('center_axis',(2.60324098722934E-29,4.32664308209004E-29,
-1.));
#1113=DIRECTION('ref_axis',(-1.,2.8162194798398E-12,-2.59965525584196E-29));
#1114=DIRECTION('',(1.76115429204941E-15,-7.96345553366447E-15,-1.));
#1115=DIRECTION('center_axis',(-1.77516421701051E-15,7.96413241886846E-15,
1.));
#1116=DIRECTION('ref_axis',(-1.,2.8162194798398E-12,0.));
#1117=DIRECTION('',(-1.76115429204941E-15,7.96345553366447E-15,1.));
#1118=DIRECTION('center_axis',(2.61481653048943E-14,-1.,0.));
#1119=DIRECTION('ref_axis',(-1.,-2.61481653048943E-14,-3.74708929979981E-29));
#1120=DIRECTION('',(-1.,-2.61481653048943E-14,-3.74708929979981E-29));
#1121=DIRECTION('',(-1.76115429204941E-15,7.96345553366447E-15,1.));
#1122=DIRECTION('',(1.,2.61481653048943E-14,1.7751642170103E-15));
#1123=DIRECTION('',(1.76115429204941E-15,-7.96345553366447E-15,-1.));
#1124=DIRECTION('center_axis',(0.,0.,-1.));
#1125=DIRECTION('ref_axis',(1.,9.8659628936099E-14,0.));
#1126=DIRECTION('',(0.,0.,-1.));
#1127=DIRECTION('center_axis',(2.60324098722934E-29,4.32664308209004E-29,
-1.));
#1128=DIRECTION('ref_axis',(-1.,2.8162194798398E-12,-2.61176921323172E-29));
#1129=DIRECTION('',(0.,0.,1.));
#1130=DIRECTION('center_axis',(-1.77516421701051E-15,7.96413241886846E-15,
1.));
#1131=DIRECTION('ref_axis',(-1.,2.8162194798398E-12,0.));
#1132=DIRECTION('center_axis',(0.,0.,-1.));
#1133=DIRECTION('ref_axis',(-1.,2.8162194798398E-12,0.));
#1134=DIRECTION('',(-1.76115429204941E-15,7.96345553366447E-15,1.));
#1135=DIRECTION('center_axis',(2.60324098722934E-29,4.32664308209004E-29,
-1.));
#1136=DIRECTION('ref_axis',(-1.,2.8162194798398E-12,-2.59965525584196E-29));
#1137=DIRECTION('',(1.76115429204941E-15,-7.96345553366447E-15,-1.));
#1138=DIRECTION('center_axis',(-1.77516421701051E-15,7.96413241886846E-15,
1.));
#1139=DIRECTION('ref_axis',(-1.,2.8162194798398E-12,0.));
#1140=DIRECTION('center_axis',(-0.998510440144326,0.0545609835210568,0.));
#1141=DIRECTION('ref_axis',(0.,0.,1.));
#1142=DIRECTION('',(-0.0545609835210568,-0.998510440144326,7.85541466134056E-15));
#1143=DIRECTION('',(0.0545609835210507,0.998510440144326,-7.85550317968254E-15));
#1144=DIRECTION('center_axis',(1.76115429204941E-15,-7.96345553366447E-15,
-1.));
#1145=DIRECTION('ref_axis',(1.,2.22157361950713E-14,1.76115429204923E-15));
#1146=DIRECTION('center_axis',(1.76115429204941E-15,-7.96345553366447E-15,
-1.));
#1147=DIRECTION('ref_axis',(1.,2.22157361950713E-14,1.76115429204923E-15));
#1148=DIRECTION('',(1.76115429204941E-15,-7.96345553366447E-15,-1.));
#1149=DIRECTION('center_axis',(-1.77516421701051E-15,7.96413241886846E-15,
1.));
#1150=DIRECTION('ref_axis',(1.,2.22157361950713E-14,1.76115429204923E-15));
#1151=DIRECTION('center_axis',(1.76115429204941E-15,-7.96345553366447E-15,
-1.));
#1152=DIRECTION('ref_axis',(1.,2.22157361950713E-14,1.76115429204923E-15));
#1153=DIRECTION('center_axis',(-1.77516421701051E-15,7.96413241886846E-15,
1.));
#1154=DIRECTION('ref_axis',(1.,2.22157361950713E-14,1.76115429204923E-15));
#1155=DIRECTION('',(1.76115429204941E-15,-7.96345553366447E-15,-1.));
#1156=DIRECTION('center_axis',(1.76115429204941E-15,-7.96345553366447E-15,
-1.));
#1157=DIRECTION('ref_axis',(1.,2.22157361950713E-14,1.76115429204923E-15));
#1158=DIRECTION('center_axis',(1.77516421701051E-15,-7.96413241886846E-15,
-1.));
#1159=DIRECTION('ref_axis',(-0.999999999998269,-1.86067251310588E-6,-1.80378715436413E-15));
#1160=DIRECTION('',(-0.998510440144326,0.0545609835210568,-2.20705090132102E-15));
#1161=DIRECTION('center_axis',(1.77516421701051E-15,-7.96413241886846E-15,
-1.));
#1162=DIRECTION('ref_axis',(-0.999999999998269,-1.86067251310588E-6,-1.80378715436413E-15));
#1163=DIRECTION('',(-0.998510440144324,-0.05456098352109,-1.33798910598996E-15));
#1164=DIRECTION('center_axis',(1.77516421701051E-15,-7.96413241886846E-15,
-1.));
#1165=DIRECTION('ref_axis',(-0.999999999998269,-1.86067251310588E-6,-1.80378715436413E-15));
#1166=DIRECTION('',(-0.999999999998269,-1.86067251310588E-6,-1.80378715436413E-15));
#1167=DIRECTION('',(-1.86474018021763E-6,0.999999999998261,-2.89991893887877E-15));
#1168=DIRECTION('',(-0.999999999998261,-1.86474017879857E-6,-1.76193695050619E-15));
#1169=DIRECTION('',(-1.86474018021763E-6,0.999999999998261,-2.89991893887877E-15));
#1170=DIRECTION('',(-0.999999999998269,-1.86067251310588E-6,-1.80378715436413E-15));
#1171=DIRECTION('',(-1.86067251326187E-6,0.999999999998269,-8.03651307827724E-15));
#1172=DIRECTION('',(0.999999999998269,1.86067251310588E-6,1.80378715436413E-15));
#1173=DIRECTION('',(-1.86067251326187E-6,0.999999999998269,-8.03651307827724E-15));
#1174=DIRECTION('',(0.05456098352109,-0.998510440144324,8.04912407252357E-15));
#1175=DIRECTION('',(0.0545609835210499,0.998510440144326,-7.85541466134058E-15));
#1176=DIRECTION('',(-0.05456098352109,0.998510440144324,-8.04912407252357E-15));
#1177=DIRECTION('center_axis',(0.0545609835210568,0.998510440144326,-7.85550317968253E-15));
#1178=DIRECTION('ref_axis',(1.76115429204941E-15,-7.96345553366447E-15,
-1.));
#1179=DIRECTION('',(-0.998510440144326,0.0545609835210568,0.));
#1180=DIRECTION('center_axis',(-0.998510440144324,-0.05456098352109,0.));
#1181=DIRECTION('ref_axis',(0.,0.,1.));
#1182=DIRECTION('',(-0.0545609835210948,0.998510440144324,-8.04768380029567E-15));
#1183=DIRECTION('center_axis',(0.998510440144326,-0.0545609835210499,0.));
#1184=DIRECTION('ref_axis',(0.,0.,-1.));
#1185=DIRECTION('',(-0.0545609835210507,-0.998510440144326,7.85550317968253E-15));
#1186=DIRECTION('center_axis',(-0.05456098352109,0.998510440144324,-8.04768380029566E-15));
#1187=DIRECTION('ref_axis',(-1.76115429204941E-15,7.96345553366447E-15,
1.));
#1188=DIRECTION('',(0.998510440144324,0.05456098352109,0.));
#1189=DIRECTION('center_axis',(0.998510440144324,0.05456098352109,0.));
#1190=DIRECTION('ref_axis',(0.,0.,-1.));
#1191=DIRECTION('',(0.0545609835210948,-0.998510440144324,8.04768380029567E-15));
#1192=DIRECTION('center_axis',(1.76115429204941E-15,-7.96345553366447E-15,
-1.));
#1193=DIRECTION('ref_axis',(1.,2.22157361950713E-14,1.76115429204923E-15));
#1194=DIRECTION('center_axis',(1.77516421701051E-15,-7.96413241886846E-15,
-1.));
#1195=DIRECTION('ref_axis',(1.,2.22157361950713E-14,1.76115429204923E-15));
#1196=DIRECTION('',(1.76115429204941E-15,-7.96345553366447E-15,-1.));
#1197=DIRECTION('center_axis',(-1.76115429204941E-15,7.96345553366447E-15,
1.));
#1198=DIRECTION('ref_axis',(1.,2.13275577753712E-14,1.76115429204924E-15));
#1199=DIRECTION('center_axis',(1.76115429204941E-15,-7.96345553366447E-15,
-1.));
#1200=DIRECTION('ref_axis',(1.,2.22157361950714E-14,1.76115429204923E-15));
#1201=DIRECTION('center_axis',(-2.29641130827709E-7,0.123418350843527,-0.992354730262829));
#1202=DIRECTION('ref_axis',(1.84644717027173E-6,-0.992354730261111,-0.123418350843741));
#1203=DIRECTION('',(0.999999999998261,1.86474017872846E-6,5.05894475562232E-10));
#1204=DIRECTION('',(1.84644717028214E-6,-0.992354730261111,-0.123418350843741));
#1205=DIRECTION('',(1.84644717028214E-6,-0.992354730261111,-0.123418350843741));
#1206=DIRECTION('',(-0.999999999998269,-1.86067251271729E-6,-2.10427378646849E-15));
#1207=DIRECTION('',(-1.84644717027173E-6,0.992354730261111,0.123418350843741));
#1208=DIRECTION('',(-1.84644717027173E-6,0.992354730261111,0.123418350843741));
#1209=DIRECTION('center_axis',(-0.999999999998269,-1.86067251272423E-6,
-2.10421957635986E-15));
#1210=DIRECTION('ref_axis',(1.26021278123512E-6,-0.677288869558919,0.73571719238442));
#1211=DIRECTION('',(2.20705615242011E-15,9.85200961610393E-17,-1.));
#1212=DIRECTION('',(-1.84644717031854E-6,0.992354730261111,0.123418350843741));
#1213=DIRECTION('',(-1.7610695887682E-15,7.96084593103311E-15,1.));
#1214=DIRECTION('center_axis',(2.29641130801525E-7,-0.123418350843527,0.992354730262829));
#1215=DIRECTION('ref_axis',(-1.84644717029941E-6,0.992354730261111,0.123418350843741));
#1216=DIRECTION('',(-0.999999999998261,-1.86474017872846E-6,-5.05894392295505E-10));
#1217=DIRECTION('',(1.84644717032026E-6,-0.992354730261111,-0.123418350843741));
#1218=DIRECTION('',(1.84644717032026E-6,-0.992354730261111,-0.123418350843741));
#1219=DIRECTION('',(-0.999999999998269,-1.86067251271729E-6,-2.10427378646849E-15));
#1220=DIRECTION('',(-1.84644717031854E-6,0.992354730261111,0.123418350843741));
#1221=DIRECTION('center_axis',(1.84644716981557E-6,-0.992354730261111,-0.123418350843741));
#1222=DIRECTION('ref_axis',(2.29641131212167E-7,-0.123418350843527,0.992354730262829));
#1223=DIRECTION('',(-2.29641131130038E-7,0.123418350843527,-0.992354730262829));
#1224=DIRECTION('',(2.29641131116269E-7,-0.123418350843527,0.992354730262829));
#1225=DIRECTION('center_axis',(-1.86474017874712E-6,0.999999999998261,3.29021478031433E-17));
#1226=DIRECTION('ref_axis',(-0.99999999999721,-1.86474017877066E-6,-1.45020969342675E-6));
#1227=DIRECTION('',(1.44948952432271E-6,2.69672111179761E-12,-0.99999999999895));
#1228=DIRECTION('',(-0.635693439798782,-1.18540309846213E-6,-0.771941610871824));
#1229=DIRECTION('',(-0.771941610870481,-1.43947053750121E-6,0.635693439799888));
#1230=DIRECTION('',(0.734214425459677,1.36911913898013E-6,0.678917651446066));
#1231=DIRECTION('',(-0.678917651444885,-1.26600502275405E-6,0.734214425460954));
#1232=DIRECTION('',(0.678917651444885,1.26600502275405E-6,-0.734214425460954));
#1233=DIRECTION('',(-0.734214425459677,-1.36911913892809E-6,-0.678917651446066));
#1234=DIRECTION('',(0.678917651444885,1.26600502258753E-6,-0.734214425460954));
#1235=DIRECTION('',(-1.44948952426508E-6,-2.69533936389141E-12,0.99999999999895));
#1236=DIRECTION('',(0.999999999997211,1.86474017880294E-6,1.4494895253076E-6));
#1237=DIRECTION('',(1.44948952432271E-6,2.69672111179761E-12,-0.99999999999895));
#1238=DIRECTION('center_axis',(0.999999999997211,1.86474017880642E-6,1.4494895244333E-6));
#1239=DIRECTION('ref_axis',(1.44948952432271E-6,2.69672111179761E-12,-0.99999999999895));
#1240=DIRECTION('',(1.7610695887682E-15,-7.96084593103311E-15,-1.));
#1241=DIRECTION('',(-1.86474017874018E-6,0.999999999998261,3.20313979333658E-17));
#1242=DIRECTION('center_axis',(0.999999999997211,1.86474017880642E-6,1.4494895244333E-6));
#1243=DIRECTION('ref_axis',(1.44948952432271E-6,2.69672111179761E-12,-0.99999999999895));
#1244=DIRECTION('',(-1.45020969332873E-6,-2.6976915811622E-12,0.999999999998948));
#1245=DIRECTION('',(1.44948952641137E-6,2.7008289776463E-12,-0.99999999999895));
#1246=DIRECTION('',(1.86474017876268E-6,-0.999999999998261,-1.68213967061123E-16));
#1247=DIRECTION('',(-1.44948952434537E-6,-2.68889970104222E-12,0.99999999999895));
#1248=DIRECTION('',(1.7610695887682E-15,-7.96084593103311E-15,-1.));
#1249=DIRECTION('center_axis',(-9.21990029169132E-7,0.495514403634032,-0.868599721270022));
#1250=DIRECTION('ref_axis',(1.6161796273382E-6,-0.868599721268518,-0.49551440363489));
#1251=DIRECTION('',(-0.999999999998269,-1.86067251417099E-6,-2.31878318629475E-15));
#1252=DIRECTION('',(-1.6161796273711E-6,0.868599721268518,0.495514403634891));
#1253=DIRECTION('',(-0.999999999998269,-1.86067251316139E-6,-1.71331048307022E-15));
#1254=DIRECTION('',(1.6161796273711E-6,-0.868599721268518,-0.495514403634891));
#1255=DIRECTION('center_axis',(-0.999999999998269,-1.8606725132221E-6,-1.81717705119433E-15));
#1256=DIRECTION('ref_axis',(-1.7610695887682E-15,7.96084593103311E-15,1.));
#1257=DIRECTION('',(-1.7610695887682E-15,7.96084593103311E-15,1.));
#1258=DIRECTION('',(-1.86067251326187E-6,0.999999999998269,-8.03651307827724E-15));
#1259=DIRECTION('',(-1.7610695887682E-15,7.96084593103311E-15,1.));
#1260=DIRECTION('',(-1.7610695887682E-15,7.96084593103311E-15,1.));
#1261=DIRECTION('center_axis',(-1.86474018301791E-6,0.999999999998261,2.72307540015099E-16));
#1262=DIRECTION('ref_axis',(0.999999999997211,1.86474018302699E-6,1.44948952543819E-6));
#1263=DIRECTION('',(-1.7610695887682E-15,7.96084593103311E-15,1.));
#1264=DIRECTION('',(-0.999999999997211,-1.86474018308596E-6,-1.44948952590987E-6));
#1265=DIRECTION('',(-1.44948953426349E-6,-2.70314035776464E-12,0.99999999999895));
#1266=DIRECTION('',(1.45020969330559E-6,2.70451543105121E-12,-0.999999999998948));
#1267=DIRECTION('',(-1.44948952426508E-6,-2.69533936389141E-12,0.99999999999895));
#1268=DIRECTION('',(0.999999999998269,1.86067251310588E-6,1.80378715436413E-15));
#1269=DIRECTION('center_axis',(-0.678917651444885,-1.26600502203241E-6,
0.734214425460954));
#1270=DIRECTION('ref_axis',(0.527707693239523,-0.695282015816502,0.487962610225376));
#1271=DIRECTION('',(0.734214425459682,1.36613260570035E-6,0.678917651446066));
#1272=DIRECTION('',(1.86474017822343E-6,-0.999999999998261,4.44363648524976E-16));
#1273=DIRECTION('',(-1.86474018035452E-6,0.999999999998261,-2.51041930841335E-15));
#1274=DIRECTION('center_axis',(1.86254742280588E-6,-0.999999999998266,-2.02760996869465E-9));
#1275=DIRECTION('ref_axis',(-0.734214425459682,-1.3661326057576E-6,-0.678917651446066));
#1276=DIRECTION('',(0.678917651444885,1.26600502258753E-6,-0.734214425460954));
#1277=DIRECTION('',(0.678917651444885,1.26600502258753E-6,-0.734214425460954));
#1278=DIRECTION('center_axis',(-0.734214425459677,-1.36911914187191E-6,
-0.678917651446066));
#1279=DIRECTION('ref_axis',(-0.678917651444885,-1.26600502264477E-6,0.734214425460954));
#1280=DIRECTION('center_axis',(0.635693439798782,1.18540309824182E-6,0.771941610871824));
#1281=DIRECTION('ref_axis',(0.753073430875189,0.219743346925596,-0.620155842665221));
#1282=DIRECTION('',(1.86474017776372E-6,-0.999999999998261,4.34148431181089E-16));
#1283=DIRECTION('',(-1.86474017862907E-6,0.999999999998261,2.61838212787035E-16));
#1284=DIRECTION('',(0.771941610870487,1.43633053199516E-6,-0.635693439799888));
#1285=DIRECTION('center_axis',(0.678917651444886,1.26600502158138E-6,-0.734214425460954));
#1286=DIRECTION('ref_axis',(-0.734214425459677,-1.36911914325796E-6,-0.678917651446066));
#1287=DIRECTION('',(-0.734214425459677,-1.36911914325969E-6,-0.678917651446066));
#1288=DIRECTION('',(-1.86474018021763E-6,0.999999999998261,-2.89991893887877E-15));
#1289=DIRECTION('center_axis',(0.734214425459677,1.36911914187191E-6,0.678917651446066));
#1290=DIRECTION('ref_axis',(0.678917651444885,1.26600502264477E-6,-0.734214425460954));
#1291=DIRECTION('',(0.678917651444885,1.26600502258753E-6,-0.734214425460954));
#1292=DIRECTION('center_axis',(1.86231627782276E-6,-0.999999999998266,1.9960808488544E-9));
#1293=DIRECTION('ref_axis',(-0.771941610870488,-1.43633053211658E-6,0.635693439799887));
#1294=DIRECTION('',(-0.635693439798782,-1.18540309846213E-6,-0.771941610871824));
#1295=DIRECTION('center_axis',(0.771941610870482,1.439470537496E-6,-0.635693439799888));
#1296=DIRECTION('ref_axis',(1.86474017874018E-6,-0.999999999998261,-3.20313979333658E-17));
#1297=DIRECTION('center_axis',(-0.734214425459677,-1.36911913892635E-6,
-0.678917651446066));
#1298=DIRECTION('ref_axis',(-1.86474017874018E-6,0.999999999998261,3.20313979333658E-17));
#1299=DIRECTION('',(-1.86474017874018E-6,0.999999999998261,3.20313979333658E-17));
#1300=DIRECTION('center_axis',(1.4494895259836E-6,2.70320950953445E-12,
-0.99999999999895));
#1301=DIRECTION('ref_axis',(0.999999999997211,1.86474017864507E-6,1.44948952596766E-6));
#1302=DIRECTION('',(-0.999999999997218,-1.86067251311891E-6,-1.44948952593936E-6));
#1303=DIRECTION('',(0.999999999997211,1.8647401788116E-6,1.44948952593904E-6));
#1304=DIRECTION('',(-1.86474017876268E-6,0.999999999998261,1.68213967061123E-16));
#1305=DIRECTION('center_axis',(-0.999999999997211,-1.86474017874902E-6,
-1.44948953437711E-6));
#1306=DIRECTION('ref_axis',(-1.44948953426349E-6,-2.70314035776464E-12,
0.99999999999895));
#1307=DIRECTION('',(-1.44948953426349E-6,-2.70314035776464E-12,0.99999999999895));
#1308=DIRECTION('',(-1.86474017874018E-6,0.999999999998261,3.20313979333658E-17));
#1309=DIRECTION('center_axis',(-1.86474017874712E-6,0.999999999998261,3.29021478031433E-17));
#1310=DIRECTION('ref_axis',(-0.99999999999721,-1.86474017877066E-6,-1.45020969342675E-6));
#1311=DIRECTION('',(-0.999999999997211,-1.86474018379028E-6,-1.44948952408104E-6));
#1312=DIRECTION('center_axis',(-1.86067251318202E-6,0.999999999998269,-7.91338159280078E-15));
#1313=DIRECTION('ref_axis',(0.999999999998269,1.86067251315965E-6,1.7688758444101E-15));
#1314=DIRECTION('center_axis',(0.999999999998269,1.8606725132221E-6,1.81717705119433E-15));
#1315=DIRECTION('ref_axis',(1.7610695887682E-15,-7.96084593103311E-15,-1.));
#1316=DIRECTION('',(-1.7610695887682E-15,7.96084593103311E-15,1.));
#1317=DIRECTION('center_axis',(1.86067251322373E-6,-0.999999999998269,8.09030983482326E-15));
#1318=DIRECTION('ref_axis',(-0.999999999998269,-1.86067251310588E-6,-1.80378715436413E-15));
#1319=DIRECTION('',(-0.999999999998269,-1.86067251310588E-6,-1.80378715436413E-15));
#1320=DIRECTION('',(1.7610695887682E-15,-7.96084593103311E-15,-1.));
#1321=DIRECTION('',(-1.45020968708861E-6,-2.70855591034675E-12,0.999999999998948));
#1322=DIRECTION('center_axis',(0.99999999999721,1.86474017371568E-6,1.45020969341151E-6));
#1323=DIRECTION('ref_axis',(-1.86474017372527E-6,0.999999999998261,-4.62428828410834E-15));
#1324=DIRECTION('',(-1.4502096933289E-6,-2.70126630753323E-12,0.999999999998948));
#1325=DIRECTION('',(-1.86474017874018E-6,0.999999999998261,3.20313979333658E-17));
#1326=DIRECTION('center_axis',(-1.44948952511846E-6,-2.69638317614484E-12,
0.99999999999895));
#1327=DIRECTION('ref_axis',(0.999999999997211,1.86474017685831E-6,1.44948952513033E-6));
#1328=DIRECTION('center_axis',(1.44948952529236E-6,2.69634909831531E-12,
-0.99999999999895));
#1329=DIRECTION('ref_axis',(-0.999999999997211,-1.8647401814692E-6,-1.449489525363E-6));
#1330=DIRECTION('center_axis',(-0.999999999997211,-1.86474017875091E-6,
-1.44948952429479E-6));
#1331=DIRECTION('ref_axis',(-1.44948952426508E-6,-2.69533936389141E-12,
0.99999999999895));
#1332=DIRECTION('',(1.44948952423369E-6,2.68894503085742E-12,-0.99999999999895));
#1333=DIRECTION('center_axis',(-0.999999999998269,-1.8606725132221E-6,-1.81717705119433E-15));
#1334=DIRECTION('ref_axis',(-1.7610695887682E-15,7.96084593103311E-15,1.));
#1335=DIRECTION('',(-1.86067251326187E-6,0.999999999998269,-8.03651307827724E-15));
#1336=DIRECTION('center_axis',(-1.77516421701051E-15,7.96413241886846E-15,
1.));
#1337=DIRECTION('ref_axis',(0.999999999998269,1.86067251310588E-6,1.80378715436413E-15));
#1338=CARTESIAN_POINT('',(0.,0.,0.));
#1339=CARTESIAN_POINT('Origin',(-16.7897660987358,1.89166186685982,-8.39615159290655));
#1340=CARTESIAN_POINT('',(-15.9897660987358,1.89166186685757,-8.39615159290668));
#1341=CARTESIAN_POINT('Origin',(-16.7897660987358,1.89166186685982,-8.39615159290668));
#1342=CARTESIAN_POINT('',(-15.9897660987358,1.89166186685757,-7.59615159290656));
#1343=CARTESIAN_POINT('',(-15.9897660987358,1.89166186685757,-8.39615159290655));
#1344=CARTESIAN_POINT('Origin',(-16.7897660987358,1.89166186685982,-7.59615159290656));
#1345=CARTESIAN_POINT('Origin',(-16.7897660987364,30.79166186686,-8.39615159290655));
#1346=CARTESIAN_POINT('',(-15.9897660987364,30.7916618668578,-8.39615159290668));
#1347=CARTESIAN_POINT('Origin',(-16.7897660987364,30.79166186686,-8.39615159290668));
#1348=CARTESIAN_POINT('',(-15.9897660987364,30.7916618668578,-7.59615159290656));
#1349=CARTESIAN_POINT('',(-15.9897660987364,30.7916618668578,-8.39615159290655));
#1350=CARTESIAN_POINT('Origin',(-16.7897660987364,30.79166186686,-7.59615159290656));
#1351=CARTESIAN_POINT('Origin',(-16.7897660987361,16.34166186686,-8.39615159290655));
#1352=CARTESIAN_POINT('',(-19.6312839311967,13.9718989234817,-9.59615159290655));
#1353=CARTESIAN_POINT('',(-19.6312839311967,13.9718989234817,-8.39615159290655));
#1354=CARTESIAN_POINT('',(-19.6312839311967,13.9718989234817,-8.39615159290655));
#1355=CARTESIAN_POINT('',(-19.6312839311971,18.7114248102376,-9.59615159290655));
#1356=CARTESIAN_POINT('Origin',(-16.7897660987361,16.34166186686,-9.59615159290653));
#1357=CARTESIAN_POINT('',(-19.6312839311971,18.7114248102376,-8.39615159290655));
#1358=CARTESIAN_POINT('',(-19.6312839311969,18.7114248102379,-8.39615159290655));
#1359=CARTESIAN_POINT('Origin',(-16.7897660987361,16.34166186686,-8.39615159290655));
#1360=CARTESIAN_POINT('Origin',(-14.5930431304189,30.5116960306063,-8.39615159290656));
#1361=CARTESIAN_POINT('',(-14.5930431304185,30.5116960306064,-8.39615159290679));
#1362=CARTESIAN_POINT('',(-14.7933713983994,30.5116960306063,-8.39615159290656));
#1363=CARTESIAN_POINT('',(-14.5930431304189,30.5116960306063,-8.39615159290656));
#1364=CARTESIAN_POINT('',(-14.5930431304185,30.5116960306064,-9.5961515929068));
#1365=CARTESIAN_POINT('',(-14.5930431304185,30.5116960306064,-8.39615159290679));
#1366=CARTESIAN_POINT('',(-14.7933713983994,30.5116960306063,-9.59615159290656));
#1367=CARTESIAN_POINT('',(-7.02579744279365,30.5116960306065,-9.59615159290678));
#1368=CARTESIAN_POINT('',(-14.793371398399,30.5116960306063,-8.39615159290679));
#1369=CARTESIAN_POINT('Origin',(-16.7897660987364,30.3916618668599,-8.39615159290655));
#1370=CARTESIAN_POINT('',(-18.9864890670536,30.5116960306063,-8.3961515929068));
#1371=CARTESIAN_POINT('Origin',(-16.7897660987364,30.3916618668599,-8.39615159290655));
#1372=CARTESIAN_POINT('',(-18.9864890670536,30.5116960306063,-9.59615159290681));
#1373=CARTESIAN_POINT('',(-18.9864890670536,30.5116960306063,-8.3961515929068));
#1374=CARTESIAN_POINT('Origin',(-16.7897660987364,30.3916618668599,-9.59615159290653));
#1375=CARTESIAN_POINT('',(-14.5930431304185,30.5116960306064,-8.39615159290679));
#1376=CARTESIAN_POINT('Origin',(-18.7861607990734,30.5116960306062,-8.39615159290656));
#1377=CARTESIAN_POINT('',(-18.7861607990734,30.5116960306062,-8.39615159290656));
#1378=CARTESIAN_POINT('',(-14.5930431304189,30.5116960306063,-8.39615159290656));
#1379=CARTESIAN_POINT('',(-18.7861607990734,30.5116960306062,-9.59615159290656));
#1380=CARTESIAN_POINT('',(-18.7861607990731,30.5116960306062,-8.3961515929068));
#1381=CARTESIAN_POINT('',(-9.1223562771209,30.5116960306065,-9.59615159290679));
#1382=CARTESIAN_POINT('',(-18.9864890670536,30.5116960306063,-8.3961515929068));
#1383=CARTESIAN_POINT('Origin',(-16.7897660987361,16.34166186686,-8.39615159290655));
#1384=CARTESIAN_POINT('',(-13.9482482662747,13.9718989234828,-8.39615159290655));
#1385=CARTESIAN_POINT('',(-13.9482482662747,13.9718989234828,-9.59615159290655));
#1386=CARTESIAN_POINT('',(-13.9482482662747,13.9718989234828,-8.39615159290655));
#1387=CARTESIAN_POINT('',(-13.9482482662751,18.7114248102377,-8.39615159290655));
#1388=CARTESIAN_POINT('Origin',(-16.7897660987361,16.34166186686,-8.39615159290655));
#1389=CARTESIAN_POINT('',(-13.9482482662751,18.7114248102377,-9.59615159290655));
#1390=CARTESIAN_POINT('',(-13.9482482662748,18.7114248102373,-8.39615159290655));
#1391=CARTESIAN_POINT('Origin',(-16.7897660987361,16.34166186686,-9.59615159290653));
#1392=CARTESIAN_POINT('Origin',(-16.7897660987358,2.29166186685998,-8.39615159290655));
#1393=CARTESIAN_POINT('',(-18.9864890670529,2.17162770311361,-9.59615159290658));
#1394=CARTESIAN_POINT('',(-18.9864890670529,2.17162770311362,-8.39615159290658));
#1395=CARTESIAN_POINT('',(-18.9864890670529,2.17162770311363,-8.39615159290658));
#1396=CARTESIAN_POINT('',(-14.5930431304179,2.17162770311372,-8.39615159290657));
#1397=CARTESIAN_POINT('Origin',(-16.7897660987358,2.29166186685998,-8.39615159290655));
#1398=CARTESIAN_POINT('',(-14.5930431304179,2.17162770311372,-9.59615159290657));
#1399=CARTESIAN_POINT('',(-14.5930431304179,2.17162770311372,-8.39615159290657));
#1400=CARTESIAN_POINT('Origin',(-16.7897660987358,2.29166186685998,-9.59615159290653));
#1401=CARTESIAN_POINT('Origin',(-18.9864890670536,30.5116960306063,-8.3961515929068));
#1402=CARTESIAN_POINT('',(-19.7896670181578,15.8128853106394,-9.59615159290669));
#1403=CARTESIAN_POINT('',(-18.9864890670536,30.5116960306063,-8.3961515929068));
#1404=CARTESIAN_POINT('Origin',(-16.7897660987361,30.39166186686,-8.3961515929068));
#1405=CARTESIAN_POINT('',(-18.7867869790247,30.5007838339021,-8.3961515929068));
#1406=CARTESIAN_POINT('Origin',(-16.7897660987361,30.39166186686,-8.3961515929068));
#1407=CARTESIAN_POINT('',(-18.7867869790247,30.5007838339021,-9.59615159290681));
#1408=CARTESIAN_POINT('',(-18.7867869790247,30.5007838339021,-8.3961515929068));
#1409=CARTESIAN_POINT('Origin',(-16.7897660987361,30.39166186686,-9.5961515929068));
#1410=CARTESIAN_POINT('Origin',(-16.7897660987361,30.39166186686,-8.3961515929068));
#1411=CARTESIAN_POINT('',(-14.7927452184474,30.5007838339022,-9.5961515929068));
#1412=CARTESIAN_POINT('Origin',(-16.7897660987361,30.39166186686,-9.5961515929068));
#1413=CARTESIAN_POINT('',(-14.7927452184474,30.5007838339022,-8.39615159290679));
#1414=CARTESIAN_POINT('',(-14.7927452184474,30.5007838339022,-8.39615159290679));
#1415=CARTESIAN_POINT('Origin',(-16.7897660987361,30.39166186686,-8.3961515929068));
#1416=CARTESIAN_POINT('Origin',(0.541448244832403,-0.0407534185537286,-9.59615159290653));
#1417=CARTESIAN_POINT('',(-8.31949141599197,29.9288259276412,-9.59615159290678));
#1418=CARTESIAN_POINT('Origin',(0.541448244832403,-0.0407534185537286,-9.59615159290653));
#1419=CARTESIAN_POINT('',(-7.98041974588457,30.8730254879755,-9.59615159290679));
#1420=CARTESIAN_POINT('Origin',(0.541448244832403,-0.0407534185537286,-9.59615159290653));
#1421=CARTESIAN_POINT('',(-18.8798691231884,32.9592108684742,-9.59615159290684));
#1422=CARTESIAN_POINT('',(-22.8920877308593,32.9592029793672,-9.59611167598407));
#1423=CARTESIAN_POINT('',(-22.8921375696829,32.9592029792744,-9.59615159290683));
#1424=CARTESIAN_POINT('',(-18.8798709879285,33.9592108684725,-9.59615159290684));
#1425=CARTESIAN_POINT('',(-18.8798691231884,32.9592108684742,-9.59615159290684));
#1426=CARTESIAN_POINT('',(-2.41507819457411,33.9592415710332,-9.59615159290679));
#1427=CARTESIAN_POINT('',(-15.0276241080956,33.9592180519121,-9.5961515929068));
#1428=CARTESIAN_POINT('',(-2.415076329833,32.9592410803794,-9.59615159290679));
#1429=CARTESIAN_POINT('',(-2.415076329833,32.9592410803794,-9.59615159290679));
#1430=CARTESIAN_POINT('',(0.541386842639459,32.9592465813892,-9.59615159290677));
#1431=CARTESIAN_POINT('',(-22.8921375696829,32.9592029792744,-9.59615159290683));
#1432=CARTESIAN_POINT('',(0.541448244832389,-0.0407534185536929,-9.59615159290651));
#1433=CARTESIAN_POINT('',(0.541448244832389,-0.0407534185536929,-9.59615159290651));
#1434=CARTESIAN_POINT('',(-22.8920761674899,-0.0407970206684891,-9.59615159290657));
#1435=CARTESIAN_POINT('',(-22.8920761674899,-0.0407970206684891,-9.59615159290657));
#1436=CARTESIAN_POINT('',(-22.8920761674899,-0.0407970206684891,-9.59615159290657));
#1437=CARTESIAN_POINT('',(-19.2236473168001,6.51181684664951,-9.59615159290662));
#1438=CARTESIAN_POINT('',(-14.6307811325541,1.48099152518154,-9.59615159290657));
#1439=CARTESIAN_POINT('',(-13.4117823114856,8.8936608685028,-9.59615159290662));
#1440=CARTESIAN_POINT('Origin',(-18.7867869790247,30.5007838339021,-8.3961515929068));
#1441=CARTESIAN_POINT('',(-18.7867869790247,30.5007838339021,-8.3961515929068));
#1442=CARTESIAN_POINT('Origin',(-19.6394681867646,14.1216774667183,-8.39615159290667));
#1443=CARTESIAN_POINT('',(-19.6394681867646,14.1216774667183,-8.39615159290667));
#1444=CARTESIAN_POINT('Origin',(-14.5930431304179,2.17162770311372,-8.39615159290657));
#1445=CARTESIAN_POINT('',(-14.5930431304179,2.17162770311372,-8.39615159290657));
#1446=CARTESIAN_POINT('Origin',(-14.7927452184474,30.5007838339022,-9.5961515929068));
#1447=CARTESIAN_POINT('',(-14.7927452184474,30.5007838339022,-8.39615159290679));
#1448=CARTESIAN_POINT('Origin',(-13.9400640107069,18.5616462670018,-8.3961515929067));
#1449=CARTESIAN_POINT('',(-13.9400640107069,18.5616462670018,-8.3961515929067));
#1450=CARTESIAN_POINT('Origin',(-16.7897660987357,16.34166186686,-8.39615159290668));
#1451=CARTESIAN_POINT('',(-20.2397660987357,16.34166186686,-7.59615159290668));
#1452=CARTESIAN_POINT('Origin',(-16.7897660987357,16.34166186686,-7.59615159290668));
#1453=CARTESIAN_POINT('',(-20.2397660987357,16.34166186686,-8.39615159290669));
#1454=CARTESIAN_POINT('',(-20.2397660987357,16.34166186686,-8.39615159290669));
#1455=CARTESIAN_POINT('Origin',(-16.7897660987357,16.34166186686,-8.39615159290668));
#1456=CARTESIAN_POINT('Origin',(-16.7897660987357,16.34166186686,-8.39615159290668));
#1457=CARTESIAN_POINT('Origin',(0.541384766559337,34.0750152892621,-2.06173257556498));
#1458=CARTESIAN_POINT('',(-1.45861501803047,33.9592433545885,-2.07613057411674));
#1459=CARTESIAN_POINT('',(0.541374077706631,33.9592470840485,-2.076130573121));
#1460=CARTESIAN_POINT('',(-5.31699612012299,33.9592361597102,-2.07613057606869));
#1461=CARTESIAN_POINT('',(-1.45861315735709,32.9592428600442,-2.20049982244704));
#1462=CARTESIAN_POINT('',(-1.4585944264254,22.8924892999728,-3.45249377667292));
#1463=CARTESIAN_POINT('',(-1.4585944264254,22.8924892999728,-3.45249377667292));
#1464=CARTESIAN_POINT('',(-1.4585944264254,22.8924892999728,-3.45249377667292));
#1465=CARTESIAN_POINT('',(0.541405573571144,22.8924930213178,-3.45249377667291));
#1466=CARTESIAN_POINT('',(0.541405573571144,22.8924930213178,-3.45249377667291));
#1467=CARTESIAN_POINT('',(0.541386842639437,32.9592465813893,-2.20049982244703));
#1468=CARTESIAN_POINT('',(0.541405573571144,22.8924930213178,-3.45249377667291));
#1469=CARTESIAN_POINT('',(0.541405573571144,22.8924930213178,-3.45249377667291));
#1470=CARTESIAN_POINT('Origin',(-1.45860466203792,28.3935177989127,0.26158560393535));
#1471=CARTESIAN_POINT('',(-1.45861501803049,33.9592433545885,3.57620622988997));
#1472=CARTESIAN_POINT('',(-1.45861501803048,33.9592433545885,4.60035612031847));
#1473=CARTESIAN_POINT('',(-1.45861315735708,32.9592428600443,3.45183698155971));
#1474=CARTESIAN_POINT('',(-1.4586155239599,34.2311501094743,3.61002305188716));
#1475=CARTESIAN_POINT('',(-1.45861315735707,32.9592428600442,-7.59615159290678));
#1476=CARTESIAN_POINT('Origin',(0.541406861656537,22.2002242906776,2.11374612824025));
#1477=CARTESIAN_POINT('',(0.541365884703662,33.9592470840333,3.57620623087365));
#1478=CARTESIAN_POINT('',(-5.31699614607766,33.9592361597102,3.57620622793803));
#1479=CARTESIAN_POINT('',(0.541386842639436,32.9592465813893,3.45183698155969));
#1480=CARTESIAN_POINT('',(0.541384476036636,34.2311538308193,3.61002305188713));
#1481=CARTESIAN_POINT('',(0.541406861656533,22.2002242906776,2.11374612824024));
#1482=CARTESIAN_POINT('',(0.541384476036636,34.2311538308193,3.61002305188713));
#1483=CARTESIAN_POINT('',(-1.45859313834001,22.2002205693326,2.11374612824022));
#1484=CARTESIAN_POINT('',(0.541406861656533,22.2002242906776,2.11374612824024));
#1485=CARTESIAN_POINT('',(-1.4586155239599,34.2311501094743,3.61002305188716));
#1486=CARTESIAN_POINT('Origin',(0.541405573571136,22.8924930213178,-3.45249377667295));
#1487=CARTESIAN_POINT('',(0.541406861656533,22.2002242906776,2.11374612824024));
#1488=CARTESIAN_POINT('',(-1.45859313834001,22.2002205693326,2.11374612824022));
#1489=CARTESIAN_POINT('Origin',(-11.1753772282628,33.9592252353516,8.9391266367016));
#1490=CARTESIAN_POINT('',(0.541384977898333,33.9592470840688,-9.59615159290677));
#1491=CARTESIAN_POINT('',(0.541358968209077,33.9592470840204,8.34788237372251));
#1492=CARTESIAN_POINT('',(-1.36569534149801,33.9592435278595,-11.9119764255223));
#1493=CARTESIAN_POINT('',(0.541384977898333,33.9592470840688,-9.59615159290677));
#1494=CARTESIAN_POINT('',(-3.16929309246904,33.9592401646183,-10.4267147915015));
#1495=CARTESIAN_POINT('',(-9.40446796618568,33.9592285376373,-5.2920521338464));
#1496=CARTESIAN_POINT('',(-2.34870606812135,33.9592416947999,-9.6679296245818));
#1497=CARTESIAN_POINT('',(-0.0902662976659669,33.9592459062033,-7.57958244462826));
#1498=CARTESIAN_POINT('',(-9.05366748187382,33.959229191789,-2.41685965805617));
#1499=CARTESIAN_POINT('',(-18.6924896283256,33.9592112178901,-9.79879486928968));
#1500=CARTESIAN_POINT('',(-17.896170812958,33.9592127028178,-10.6599725986721));
#1501=CARTESIAN_POINT('',(-20.8553327467779,33.9592071847496,-11.79874518286));
#1502=CARTESIAN_POINT('',(-7.55836046355974,33.9592319801481,0.496776235442253));
#1503=CARTESIAN_POINT('',(-22.8920857011126,33.9592033867345,-9.59610190647712));
#1504=CARTESIAN_POINT('',(-22.8920857011126,33.9592033867345,-9.59610190647712));
#1505=CARTESIAN_POINT('',(-22.8921117106806,33.9592033866861,8.34784840715223));
#1506=CARTESIAN_POINT('',(-22.8920886000196,33.959203386729,-7.59615159290681));
#1507=CARTESIAN_POINT('',(0.541358968209081,33.9592470840204,8.34788237372253));
#1508=CARTESIAN_POINT('',(0.541358968209077,33.9592470840204,8.34788237372251));
#1509=CARTESIAN_POINT('',(0.541358968209077,33.9592470840204,8.34788237372251));
#1510=CARTESIAN_POINT('Origin',(0.541360832949245,32.9592470840221,8.34788237372252));
#1511=CARTESIAN_POINT('',(0.541386842639459,32.9592465813892,-9.59615159290677));
#1512=CARTESIAN_POINT('',(0.541386842638531,32.9592470840705,-9.59615159290679));
#1513=CARTESIAN_POINT('Origin',(0.541360832949245,32.9592470840221,8.34788237372252));
#1514=CARTESIAN_POINT('',(0.541356069230036,33.959247084015,10.3478823737204));
#1515=CARTESIAN_POINT('',(0.541358968208936,33.9592470840204,8.34788246272068));
#1516=CARTESIAN_POINT('',(0.541349211353887,33.9592470840022,15.0791177748801));
#1517=CARTESIAN_POINT('',(0.541331244574134,33.9592470839687,27.4743641123901));
#1518=CARTESIAN_POINT('',(0.541351076095,32.9592465813229,15.0791177748802));
#1519=CARTESIAN_POINT('',(0.541350143723943,33.4592470840031,15.0791177748802));
#1520=CARTESIAN_POINT('',(0.541369574642473,32.9592465813572,14.2301633655166));
#1521=CARTESIAN_POINT('',(0.541360404436694,32.9592465813401,8.64351299685461));
#1522=CARTESIAN_POINT('',(0.541386842639459,32.9592465813892,-9.59615159290677));
#1523=CARTESIAN_POINT('Origin',(0.541386842639478,32.9592465813894,14.2301633655167));
#1524=CARTESIAN_POINT('',(-1.45861315735709,32.9592428600443,14.2301633655166));
#1525=CARTESIAN_POINT('',(0.541386842639474,32.9592465813894,14.2301633655166));
#1526=CARTESIAN_POINT('',(-1.45855175516413,-0.040757139898709,-4.59551078510645));
#1527=CARTESIAN_POINT('',(-1.45858125474359,15.8134994477347,4.4489458336715));
#1528=CARTESIAN_POINT('',(0.541448244832438,-0.0407534185536786,-4.59551078510643));
#1529=CARTESIAN_POINT('',(-5.31693285824815,-0.0407643190823553,-4.59551078510645));
#1530=CARTESIAN_POINT('',(0.541404702295734,23.3607513241076,8.75446203066213));
#1531=CARTESIAN_POINT('Origin',(-1.45855175516412,-0.0407571398987215,-7.59615159290652));
#1532=CARTESIAN_POINT('',(-1.45861315735707,32.9592428600442,-7.59615159290676));
#1533=CARTESIAN_POINT('',(-1.45861315735707,32.9592428600442,-7.59615159290678));
#1534=CARTESIAN_POINT('',(-1.45855175516412,-0.0407571398987215,-7.59615159290652));
#1535=CARTESIAN_POINT('',(-1.45855175516412,-0.0407571398987215,-7.59615159290652));
#1536=CARTESIAN_POINT('',(-1.45855175516412,-0.0407571398987215,-7.59615159290652));
#1537=CARTESIAN_POINT('',(-1.45861315735707,32.9592428600442,-7.59615159290678));
#1538=CARTESIAN_POINT('Origin',(-11.1753753635226,32.9592252353534,8.93912663670159));
#1539=CARTESIAN_POINT('',(-1.45861315735712,32.9592428600444,15.0791148759529));
#1540=CARTESIAN_POINT('',(-1.45861315735707,32.9592428600442,-7.59615159290678));
#1541=CARTESIAN_POINT('',(-22.8921196027957,32.9592033866696,15.0790838083099));
#1542=CARTESIAN_POINT('',(-17.0337519330732,32.9592143110032,15.0790922999524));
#1543=CARTESIAN_POINT('',(-22.8921127449195,32.9592033866824,10.3478484071501));
#1544=CARTESIAN_POINT('',(-22.8921346707046,32.9592033866415,25.4744048663141));
#1545=CARTESIAN_POINT('',(-22.8921098459404,32.9592033866878,8.34784840715224));
#1546=CARTESIAN_POINT('',(-22.8921102746669,32.9592033866871,8.6434790621264));
#1547=CARTESIAN_POINT('',(-22.8920852858252,32.9592029793717,-7.59615159290687));
#1548=CARTESIAN_POINT('',(-22.8920867352794,32.9592033867308,-7.59615159290683));
#1549=CARTESIAN_POINT('',(0.541386842639482,32.9592465813892,-7.59615159290681));
#1550=CARTESIAN_POINT('Origin',(-9.81679836927492,32.9592277687464,-1.59157094451132));
#1551=CARTESIAN_POINT('',(-20.8553308820378,32.9592071847513,-11.79874518286));
#1552=CARTESIAN_POINT('',(-18.6924877635855,32.9592112178917,-9.79879486928968));
#1553=CARTESIAN_POINT('',(-14.2546430664294,32.9592190591079,-5.6951829069005));
#1554=CARTESIAN_POINT('',(-20.8553308820378,32.9592071847513,-11.79874518286));
#1555=CARTESIAN_POINT('',(-18.6924877635855,32.9592112178918,-9.79879486928968));
#1556=CARTESIAN_POINT('Origin',(-20.7292407179194,32.9592070037172,-7.59615159290681));
#1557=CARTESIAN_POINT('',(-20.7292407179201,32.9592074198767,-7.59615159290682));
#1558=CARTESIAN_POINT('',(-22.8920838363724,32.9592033867362,-9.59610190647713));
#1559=CARTESIAN_POINT('Origin',(-11.2243935976917,32.959225143947,-17.8751535493602));
#1560=CARTESIAN_POINT('Origin',(-1.36569347675781,32.9592435278612,-11.9119764255223));
#1561=CARTESIAN_POINT('',(-3.16929122772797,32.9592396692751,-10.4267147915015));
#1562=CARTESIAN_POINT('',(-3.16929122772885,32.95924016462,-10.4267147915015));
#1563=CARTESIAN_POINT('',(-1.36569347675688,32.9592430251799,-11.9119764255223));
#1564=CARTESIAN_POINT('',(-1.3656944091279,33.4592435278603,-11.9119764255223));
#1565=CARTESIAN_POINT('',(-1.36569347675688,32.9592430251799,-11.9119764255223));
#1566=CARTESIAN_POINT('Origin',(-2.34870420338117,32.9592416948016,-9.66792962458183));
#1567=CARTESIAN_POINT('',(-2.34870420338117,32.9592416948017,-9.66792962458181));
#1568=CARTESIAN_POINT('',(-2.34870420338117,32.9592416948016,-9.66792962458183));
#1569=CARTESIAN_POINT('',(-2.34870420338117,32.9592416948017,-9.66792962458181));
#1570=CARTESIAN_POINT('Origin',(-2.41507632983393,32.9592415710349,-9.5961515929068));
#1571=CARTESIAN_POINT('',(-11.8535513236096,32.9592239707314,0.611072331871563));
#1572=CARTESIAN_POINT('Origin',(0.541386842639451,32.9592465813892,-9.5961515929068));
#1573=CARTESIAN_POINT('',(0.541386842639459,32.9592465813892,-9.59615159290677));
#1574=CARTESIAN_POINT('Origin',(0.541384977898363,33.9592470840688,-9.5961515929068));
#1575=CARTESIAN_POINT('Origin',(-22.8920838363724,32.9592033867362,-9.59610190647713));
#1576=CARTESIAN_POINT('',(-22.8920838363724,32.9592033867362,-9.59610190647713));
#1577=CARTESIAN_POINT('Origin',(-22.8921214675358,33.9592033866679,15.0790838083098));
#1578=CARTESIAN_POINT('',(-22.8921196048287,32.9592029793081,15.0790838083099));
#1579=CARTESIAN_POINT('',(-22.8921214675358,33.9592033866679,15.0790838083098));
#1580=CARTESIAN_POINT('',(-17.0337537978134,33.9592143110015,15.0790922999524));
#1581=CARTESIAN_POINT('',(-22.8921205351656,33.4592033866688,15.0790838083099));
#1582=CARTESIAN_POINT('Origin',(-22.8921127449194,32.9592033866824,10.3478484071501));
#1583=CARTESIAN_POINT('',(-22.8921146096597,33.9592033866807,10.3478484071501));
#1584=CARTESIAN_POINT('',(-22.8921365354448,33.9592033866398,25.4744048663141));
#1585=CARTESIAN_POINT('',(-22.8921127449195,32.9592033866824,10.3478484071501));
#1586=CARTESIAN_POINT('Origin',(-11.1753772282628,33.9592252353517,8.93912663670158));
#1587=CARTESIAN_POINT('',(-1.45861502209821,33.9592433545885,10.3478794747833));
#1588=CARTESIAN_POINT('Origin',(-22.8921375696829,32.9592029792747,27.47440486631));
#1589=CARTESIAN_POINT('Origin',(0.541448244832339,-0.0407534185534162,27.4744048663103));
#1590=CARTESIAN_POINT('',(0.541448244832389,-0.0407534185536929,-9.59615159290651));
#1591=CARTESIAN_POINT('Origin',(-11.1753139613288,-0.0407752196109346,8.93912663670186));
#1592=CARTESIAN_POINT('',(-22.8920761674899,-0.0407970206684599,-7.59615159290656));
#1593=CARTESIAN_POINT('',(0.541448244832403,-0.040753418553691,-7.59615159290651));
#1594=CARTESIAN_POINT('',(-22.8920761674899,-0.0407970206684599,-7.59615159290656));
#1595=CARTESIAN_POINT('Ctrl Pts',(-34.3586106671471,97.959182004756,8.34783185061919));
#1596=CARTESIAN_POINT('Ctrl Pts',(-34.3586179181955,97.9591820047425,13.3478318506139));
#1597=CARTESIAN_POINT('Ctrl Pts',(-33.231387563507,97.0170694641878,8.34783348532653));
#1598=CARTESIAN_POINT('Ctrl Pts',(-33.2313948145555,97.0170694641743,13.3478334853213));
#1599=CARTESIAN_POINT('Ctrl Pts',(-31.0149326673544,95.1029375120628,8.34783669964573));
#1600=CARTESIAN_POINT('Ctrl Pts',(-31.0149399184029,95.1029375120493,13.3478366996405));
#1601=CARTESIAN_POINT('Ctrl Pts',(-27.8042234745073,92.142019586504,8.34784135583932));
#1602=CARTESIAN_POINT('Ctrl Pts',(-27.8042307255557,92.1420195864905,13.3478413558341));
#1603=CARTESIAN_POINT('Ctrl Pts',(-23.7549810510146,88.0117316098811,8.34784722807878));
#1604=CARTESIAN_POINT('Ctrl Pts',(-23.7549883020631,88.0117316098676,13.3478472280735));
#1605=CARTESIAN_POINT('Ctrl Pts',(-19.1053621704519,82.5245958750253,8.34785397098635));
#1606=CARTESIAN_POINT('Ctrl Pts',(-19.1053694215003,82.5245958750119,13.3478539709811));
#1607=CARTESIAN_POINT('Ctrl Pts',(-14.9027276211541,76.685592770168,8.34786006567193));
#1608=CARTESIAN_POINT('Ctrl Pts',(-14.9027348722026,76.6855927701545,13.3478600656667));
#1609=CARTESIAN_POINT('Ctrl Pts',(-11.1808247762898,70.4681562646623,8.34786546319476));
#1610=CARTESIAN_POINT('Ctrl Pts',(-11.1808320273383,70.4681562646488,13.3478654631895));
#1611=CARTESIAN_POINT('Ctrl Pts',(-7.95298838126005,63.8617892080102,8.34787014421656));
#1612=CARTESIAN_POINT('Ctrl Pts',(-7.95299563230852,63.8617892079967,13.3478701442113));
#1613=CARTESIAN_POINT('Ctrl Pts',(-5.19410177174685,56.8862635116576,8.34787414516184));
#1614=CARTESIAN_POINT('Ctrl Pts',(-5.19410902279532,56.8862635116441,13.3478741451566));
#1615=CARTESIAN_POINT('Ctrl Pts',(-2.86639612647073,49.5713109019336,8.34787752080337));
#1616=CARTESIAN_POINT('Ctrl Pts',(-2.8664033775192,49.5713109019201,13.3478775207981));
#1617=CARTESIAN_POINT('Ctrl Pts',(-1.31970150288366,43.4710099940284,8.34787976381842));
#1618=CARTESIAN_POINT('Ctrl Pts',(-1.31970875393213,43.4710099940149,13.3478797638132));
#1619=CARTESIAN_POINT('Ctrl Pts',(-0.325675558793316,38.7651125460923,8.34788120535179));
#1620=CARTESIAN_POINT('Ctrl Pts',(-0.325682809841783,38.7651125460788,13.3478812053465));
#1621=CARTESIAN_POINT('Ctrl Pts',(0.264442398977726,35.570723409928,8.34788206113795));
#1622=CARTESIAN_POINT('Ctrl Pts',(0.264435147929259,35.5707234099145,13.3478820611327));
#1623=CARTESIAN_POINT('Ctrl Pts',(0.541358968208936,33.9592470840204,8.34788246272068));
#1624=CARTESIAN_POINT('Ctrl Pts',(0.54135171716047,33.9592470840069,13.3478824627154));
#1625=CARTESIAN_POINT('',(-34.3586135675662,97.9591820047507,10.3478317867526));
#1626=CARTESIAN_POINT('Ctrl Pts',(0.541356067789678,33.959247084015,10.3478823737204));
#1627=CARTESIAN_POINT('Ctrl Pts',(0.382860313031001,34.8815904355145,10.3478821438708));
#1628=CARTESIAN_POINT('Ctrl Pts',(0.217235997491046,35.7983221631635,10.3478819036833));
#1629=CARTESIAN_POINT('Ctrl Pts',(0.0444625564364927,36.7094260783438,10.347881653128));
#1630=CARTESIAN_POINT('Ctrl Pts',(-0.129861423319815,37.6287066083625,10.3478814003242));
#1631=CARTESIAN_POINT('Ctrl Pts',(-0.311463462328861,38.5422578288977,10.3478811369656));
#1632=CARTESIAN_POINT('Ctrl Pts',(-0.500406803345222,39.4500299550683,10.3478808629606));
#1633=CARTESIAN_POINT('Ctrl Pts',(-0.691541568047694,40.3683307049425,10.3478805857776));
#1634=CARTESIAN_POINT('Ctrl Pts',(-0.890188942424171,41.2807175065571,10.3478802976997));
#1635=CARTESIAN_POINT('Ctrl Pts',(-1.09645682857698,42.1871054190621,10.3478799985705));
#1636=CARTESIAN_POINT('Ctrl Pts',(-1.30775655754781,43.1156043910876,10.3478796921441));
#1637=CARTESIAN_POINT('Ctrl Pts',(-1.5270532082851,44.0378081629607,10.3478793741204));
#1638=CARTESIAN_POINT('Ctrl Pts',(-1.7545067515798,44.9535908052081,10.3478790442676));
#1639=CARTESIAN_POINT('Ctrl Pts',(-1.98919533538683,45.8985034597701,10.3478787039225));
#1640=CARTESIAN_POINT('Ctrl Pts',(-2.23256813013798,46.8365798781334,10.3478783509834));
#1641=CARTESIAN_POINT('Ctrl Pts',(-2.48484529621228,47.7676467494052,10.3478779851311));
#1642=CARTESIAN_POINT('Ctrl Pts',(-2.74867496307319,48.7413498644963,10.3478776025254));
#1643=CARTESIAN_POINT('Ctrl Pts',(-3.02224331994946,49.7073866543865,10.3478772057966));
#1644=CARTESIAN_POINT('Ctrl Pts',(-3.30584809105597,50.6655227497052,10.3478767945128));
#1645=CARTESIAN_POINT('Ctrl Pts',(-3.6207515975543,51.7293991257664,10.3478763378395));
#1646=CARTESIAN_POINT('Ctrl Pts',(-3.94802954274093,52.7835343075795,10.3478758632207));
#1647=CARTESIAN_POINT('Ctrl Pts',(-4.2881413465372,53.8275666384417,10.3478753699901));
#1648=CARTESIAN_POINT('Ctrl Pts',(-5.0206336135766,56.0760790404218,10.3478743077288));
#1649=CARTESIAN_POINT('Ctrl Pts',(-5.81265715816703,58.2777282469822,10.3478731591345));
#1650=CARTESIAN_POINT('Ctrl Pts',(-6.6691258157746,60.4286460725043,10.3478719170812));
#1651=CARTESIAN_POINT('Ctrl Pts',(-7.04383085347791,61.3696726211702,10.3478713736828));
#1652=CARTESIAN_POINT('Ctrl Pts',(-7.43087201589237,62.3009881364628,10.3478708123945));
#1653=CARTESIAN_POINT('Ctrl Pts',(-7.83063146980672,63.2222917755708,10.3478702326619));
#1654=CARTESIAN_POINT('Ctrl Pts',(-8.18047220229701,64.0285504813888,10.3478697253217));
#1655=CARTESIAN_POINT('Ctrl Pts',(-8.54005368950594,64.8271412366657,10.3478692038553));
#1656=CARTESIAN_POINT('Ctrl Pts',(-8.90959925375374,65.6178882414193,10.3478686679389));
#1657=CARTESIAN_POINT('Ctrl Pts',(-9.23979900238752,66.3244437719505,10.3478681890819));
#1658=CARTESIAN_POINT('Ctrl Pts',(-9.57795441574363,67.0247365799953,10.3478676986875));
#1659=CARTESIAN_POINT('Ctrl Pts',(-9.92419015478341,67.7186685320809,10.347867196575));
#1660=CARTESIAN_POINT('Ctrl Pts',(-10.2468793293787,68.3654080323555,10.3478667286097));
#1661=CARTESIAN_POINT('Ctrl Pts',(-10.5765874328679,69.0066222113214,10.3478662504656));
#1662=CARTESIAN_POINT('Ctrl Pts',(-10.9133788856556,69.6422603570481,10.3478657620491));
#1663=CARTESIAN_POINT('Ctrl Pts',(-11.2386239899131,70.2561066802419,10.3478652903771));
#1664=CARTESIAN_POINT('Ctrl Pts',(-11.5704753250274,70.8647525592261,10.3478648091247));
#1665=CARTESIAN_POINT('Ctrl Pts',(-11.9089514226546,71.4681834058271,10.3478643182651));
#1666=CARTESIAN_POINT('Ctrl Pts',(-12.2669573269821,72.1064317413844,10.3478637990831));
#1667=CARTESIAN_POINT('Ctrl Pts',(-12.63237453002,72.7388458809685,10.3478632691533));
#1668=CARTESIAN_POINT('Ctrl Pts',(-13.0051776523488,73.3654458033324,10.3478627285123));
#1669=CARTESIAN_POINT('Ctrl Pts',(-13.3949708802789,74.0206023503948,10.3478621632321));
#1670=CARTESIAN_POINT('Ctrl Pts',(-13.7928383423389,74.6694028367871,10.3478615862426));
#1671=CARTESIAN_POINT('Ctrl Pts',(-14.1987028376898,75.3119080352351,10.3478609976557));
#1672=CARTESIAN_POINT('Ctrl Pts',(-14.6303759556977,75.9952696633828,10.347860371641));
#1673=CARTESIAN_POINT('Ctrl Pts',(-15.0710952075156,76.6715101485961,10.3478597325075));
#1674=CARTESIAN_POINT('Ctrl Pts',(-15.5207182918158,77.3407415108953,10.3478590804616));
#1675=CARTESIAN_POINT('Ctrl Pts',(-16.0138112209985,78.0746745856408,10.3478583653754));
#1676=CARTESIAN_POINT('Ctrl Pts',(-16.5176123859305,78.8001781059547,10.34785763476));
#1677=CARTESIAN_POINT('Ctrl Pts',(-17.0318819864677,79.5174408432103,10.3478568889632));
#1678=CARTESIAN_POINT('Ctrl Pts',(-17.6629713583592,80.3976345973484,10.3478559737537));
#1679=CARTESIAN_POINT('Ctrl Pts',(-18.309824349297,81.2654191845703,10.3478550356835));
#1680=CARTESIAN_POINT('Ctrl Pts',(-18.9719316586975,82.1211955277818,10.3478540754914));
#1681=CARTESIAN_POINT('Ctrl Pts',(-19.8242985282016,83.2228831127132,10.3478528393837));
#1682=CARTESIAN_POINT('Ctrl Pts',(-20.7019396384352,84.3046747415847,10.347851566623));
#1683=CARTESIAN_POINT('Ctrl Pts',(-21.603730905497,85.367455296524,10.3478502588394));
#1684=CARTESIAN_POINT('Ctrl Pts',(-22.2633131638356,86.1447872847003,10.3478493023089));
#1685=CARTESIAN_POINT('Ctrl Pts',(-22.9358137009621,86.9119499661155,10.3478483270442));
#1686=CARTESIAN_POINT('Ctrl Pts',(-23.6208169957407,87.6692704402203,10.3478473336478));
#1687=CARTESIAN_POINT('Ctrl Pts',(-24.2471634145929,88.3617415137095,10.347846425316));
#1688=CARTESIAN_POINT('Ctrl Pts',(-24.883962502998,89.0459842152227,10.3478455018257));
#1689=CARTESIAN_POINT('Ctrl Pts',(-25.5309306151156,89.7222218315935,10.3478445635881));
#1690=CARTESIAN_POINT('Ctrl Pts',(-26.1459942142367,90.3651115419143,10.3478436716186));
#1691=CARTESIAN_POINT('Ctrl Pts',(-26.770248353674,91.0007664320777,10.3478427663209));
#1692=CARTESIAN_POINT('Ctrl Pts',(-27.4034865157848,91.6293490733747,10.3478418479945));
#1693=CARTESIAN_POINT('Ctrl Pts',(-28.0043820485156,92.2258268659455,10.3478409765716));
#1694=CARTESIAN_POINT('Ctrl Pts',(-28.6133672020077,92.8159364854454,10.347840093417));
#1695=CARTESIAN_POINT('Ctrl Pts',(-29.2303024884241,93.3997877371066,10.347839198733));
#1696=CARTESIAN_POINT('Ctrl Pts',(-29.8394034390912,93.9762247804482,10.3478383154105));
#1697=CARTESIAN_POINT('Ctrl Pts',(-30.4562537596102,94.5465614972275,10.3478374208497));
#1698=CARTESIAN_POINT('Ctrl Pts',(-31.080758735359,95.1108724470716,10.3478365151881));
#1699=CARTESIAN_POINT('Ctrl Pts',(-31.6965180903851,95.6672807384443,10.3478356222094));
#1700=CARTESIAN_POINT('Ctrl Pts',(-32.3197191746699,96.2178308788277,10.3478347184386));
#1701=CARTESIAN_POINT('Ctrl Pts',(-32.950310794791,96.7625631678332,10.34783380395));
#1702=CARTESIAN_POINT('Ctrl Pts',(-33.4157205433314,97.1646042187421,10.3478331290094));
#1703=CARTESIAN_POINT('Ctrl Pts',(-33.8851568797868,97.5634755278938,10.3478324482293));
#1704=CARTESIAN_POINT('Ctrl Pts',(-34.3586135675663,97.9591820047506,10.3478317616189));
#1705=CARTESIAN_POINT('',(-34.3586106671469,97.9591820047561,8.34783178675467));
#1706=CARTESIAN_POINT('Ctrl Pts',(-34.3586106671471,97.959182004756,8.34783185061919));
#1707=CARTESIAN_POINT('Ctrl Pts',(-33.231387563507,97.0170694641878,8.34783348532653));
#1708=CARTESIAN_POINT('Ctrl Pts',(-31.0149326673544,95.1029375120628,8.34783669964573));
#1709=CARTESIAN_POINT('Ctrl Pts',(-27.8042234745073,92.142019586504,8.34784135583932));
#1710=CARTESIAN_POINT('Ctrl Pts',(-23.7549810510146,88.0117316098811,8.34784722807878));
#1711=CARTESIAN_POINT('Ctrl Pts',(-19.1053621704519,82.5245958750253,8.34785397098635));
#1712=CARTESIAN_POINT('Ctrl Pts',(-14.9027276211541,76.685592770168,8.34786006567193));
#1713=CARTESIAN_POINT('Ctrl Pts',(-11.1808247762898,70.4681562646623,8.34786546319476));
#1714=CARTESIAN_POINT('Ctrl Pts',(-7.95298838126005,63.8617892080102,8.34787014421656));
#1715=CARTESIAN_POINT('Ctrl Pts',(-5.19410177174685,56.8862635116576,8.34787414516184));
#1716=CARTESIAN_POINT('Ctrl Pts',(-2.86639612647073,49.5713109019336,8.34787752080337));
#1717=CARTESIAN_POINT('Ctrl Pts',(-1.31970150288366,43.4710099940284,8.34787976381842));
#1718=CARTESIAN_POINT('Ctrl Pts',(-0.325675558793316,38.7651125460923,8.34788120535179));
#1719=CARTESIAN_POINT('Ctrl Pts',(0.264442398977726,35.570723409928,8.34788206113795));
#1720=CARTESIAN_POINT('Ctrl Pts',(0.541358968208936,33.9592470840204,8.34788246272068));
#1721=CARTESIAN_POINT('',(-34.3586135675662,97.9591820047507,10.3478317867526));
#1722=CARTESIAN_POINT('Origin',(-22.8921098459405,32.9592033866878,8.34784847927437));
#1723=CARTESIAN_POINT('',(-22.8921117106807,33.9592033866861,8.34784847927434));
#1724=CARTESIAN_POINT('',(-22.8921098459404,32.9592033866878,8.34784840715224));
#1725=CARTESIAN_POINT('Ctrl Pts',(-22.8921117106807,33.9592033866861,8.34784847927434));
#1726=CARTESIAN_POINT('Ctrl Pts',(-22.8921189617292,33.9592033866726,13.3478484792691));
#1727=CARTESIAN_POINT('Ctrl Pts',(-22.6259851811161,35.3107825270722,8.34784886521726));
#1728=CARTESIAN_POINT('Ctrl Pts',(-22.6259924321646,35.3107825270587,13.347848865212));
#1729=CARTESIAN_POINT('Ctrl Pts',(-22.1371202784653,38.0076724362682,8.34784957418118));
#1730=CARTESIAN_POINT('Ctrl Pts',(-22.1371275295138,38.0076724362547,13.3478495741759));
#1731=CARTESIAN_POINT('Ctrl Pts',(-21.5339840154555,42.0342026734271,8.34785044886613));
#1732=CARTESIAN_POINT('Ctrl Pts',(-21.533991266504,42.0342026734136,13.3478504488609));
#1733=CARTESIAN_POINT('Ctrl Pts',(-20.994436502082,47.3646774416151,8.34785123133751));
#1734=CARTESIAN_POINT('Ctrl Pts',(-20.9944437531305,47.3646774416016,13.3478512313323));
#1735=CARTESIAN_POINT('Ctrl Pts',(-20.7908879335043,53.9597411087019,8.34785152654347));
#1736=CARTESIAN_POINT('Ctrl Pts',(-20.7908951845527,53.9597411086883,13.3478515265382));
#1737=CARTESIAN_POINT('Ctrl Pts',(-21.0998983991894,60.4807543725471,8.34785107843107));
#1738=CARTESIAN_POINT('Ctrl Pts',(-21.0999056502378,60.4807543725336,13.3478510784258));
#1739=CARTESIAN_POINT('Ctrl Pts',(-21.9626574613724,66.9217664967562,8.34784982726691));
#1740=CARTESIAN_POINT('Ctrl Pts',(-21.9626647124209,66.9217664967427,13.3478498272617));
#1741=CARTESIAN_POINT('Ctrl Pts',(-23.4004790297184,73.2796982192209,8.34784774214131));
#1742=CARTESIAN_POINT('Ctrl Pts',(-23.4004862807669,73.2796982192074,13.3478477421361));
#1743=CARTESIAN_POINT('Ctrl Pts',(-25.3892098316501,79.5580390103208,8.34784485808155));
#1744=CARTESIAN_POINT('Ctrl Pts',(-25.3892170826986,79.5580390103073,13.3478448580763));
#1745=CARTESIAN_POINT('Ctrl Pts',(-27.8866993596501,85.7628784360652,8.34784123621481));
#1746=CARTESIAN_POINT('Ctrl Pts',(-27.8867066106985,85.7628784360517,13.3478412362096));
#1747=CARTESIAN_POINT('Ctrl Pts',(-30.2580134589728,90.6728153503415,8.34783779732532));
#1748=CARTESIAN_POINT('Ctrl Pts',(-30.2580207100212,90.672815350328,13.3478377973201));
#1749=CARTESIAN_POINT('Ctrl Pts',(-32.2331032415411,94.3268642426729,8.34783493304086));
#1750=CARTESIAN_POINT('Ctrl Pts',(-32.2331104925896,94.3268642426594,13.3478349330356));
#1751=CARTESIAN_POINT('Ctrl Pts',(-33.6357822705939,96.7504791111923,8.34783289886869));
#1752=CARTESIAN_POINT('Ctrl Pts',(-33.6357895216424,96.7504791111788,13.3478328988634));
#1753=CARTESIAN_POINT('Ctrl Pts',(-34.3586106671471,97.959182004756,8.34783185061919));
#1754=CARTESIAN_POINT('Ctrl Pts',(-34.3586179181955,97.9591820047425,13.3478318506139));
#1755=CARTESIAN_POINT('Ctrl Pts',(-34.3586135675664,97.9591820047506,10.3478317867526));
#1756=CARTESIAN_POINT('Ctrl Pts',(-33.937497083516,97.2549972836933,10.3478323974579));
#1757=CARTESIAN_POINT('Ctrl Pts',(-33.5251286524168,96.5495487143649,10.3478329954767));
#1758=CARTESIAN_POINT('Ctrl Pts',(-33.121534380091,95.8428325252063,10.3478335807711));
#1759=CARTESIAN_POINT('Ctrl Pts',(-32.7138046685289,95.1288749501857,10.3478341720627));
#1760=CARTESIAN_POINT('Ctrl Pts',(-32.3150299032936,94.4136236366045,10.3478347503678));
#1761=CARTESIAN_POINT('Ctrl Pts',(-31.9252902279012,93.6970670059727,10.3478353155701));
#1762=CARTESIAN_POINT('Ctrl Pts',(-31.5302104686556,92.9706923538902,10.3478358885167));
#1763=CARTESIAN_POINT('Ctrl Pts',(-31.144415122808,92.2429763644967,10.3478364479989));
#1764=CARTESIAN_POINT('Ctrl Pts',(-30.768041430988,91.513899210371,10.3478369938177));
#1765=CARTESIAN_POINT('Ctrl Pts',(-30.3805196069782,90.7632269005067,10.3478375558035));
#1766=CARTESIAN_POINT('Ctrl Pts',(-30.002985965206,90.0111115784747,10.3478381033045));
#1767=CARTESIAN_POINT('Ctrl Pts',(-29.6356464057168,89.2575234974939,10.3478386360218));
#1768=CARTESIAN_POINT('Ctrl Pts',(-29.2538981864257,88.4743764049417,10.3478391896347));
#1769=CARTESIAN_POINT('Ctrl Pts',(-28.8831596685181,87.6896387193585,10.3478397272812));
#1770=CARTESIAN_POINT('Ctrl Pts',(-28.5237187776597,86.9032688435622,10.3478402485437));
#1771=CARTESIAN_POINT('Ctrl Pts',(-28.1427596871334,86.0698223428449,10.347840801012));
#1772=CARTESIAN_POINT('Ctrl Pts',(-27.7744916354918,85.234542342989,10.3478413350757));
#1773=CARTESIAN_POINT('Ctrl Pts',(-27.4193169120611,84.3973707244711,10.3478418501512));
#1774=CARTESIAN_POINT('Ctrl Pts',(-27.0081025311766,83.4281097211043,10.3478424464957));
#1775=CARTESIAN_POINT('Ctrl Pts',(-26.6144400544601,82.4563129599117,10.3478430173862));
#1776=CARTESIAN_POINT('Ctrl Pts',(-26.2390251357899,81.4818799384209,10.3478435618139));
#1777=CARTESIAN_POINT('Ctrl Pts',(-25.7763237519343,80.2808847592325,10.3478442328247));
#1778=CARTESIAN_POINT('Ctrl Pts',(-25.3413466739469,79.0758841955061,10.3478448636294));
#1779=CARTESIAN_POINT('Ctrl Pts',(-24.9354548890925,77.8666816227577,10.3478454522544));
#1780=CARTESIAN_POINT('Ctrl Pts',(-24.6406380147583,76.9883851500602,10.3478458797983));
#1781=CARTESIAN_POINT('Ctrl Pts',(-24.3611685638487,76.1078714051695,10.3478462850852));
#1782=CARTESIAN_POINT('Ctrl Pts',(-24.0975433052206,75.2250686189202,10.3478466673948));
#1783=CARTESIAN_POINT('Ctrl Pts',(-23.8637483637684,74.4421587156766,10.3478470064443));
#1784=CARTESIAN_POINT('Ctrl Pts',(-23.6424156675863,73.6574483675548,10.347847327421));
#1785=CARTESIAN_POINT('Ctrl Pts',(-23.4338500532054,72.8708935342266,10.3478476298828));
#1786=CARTESIAN_POINT('Ctrl Pts',(-23.2470053531693,72.166253882425,10.3478479008449));
#1787=CARTESIAN_POINT('Ctrl Pts',(-23.0704074689016,71.460133853166,10.3478481569469));
#1788=CARTESIAN_POINT('Ctrl Pts',(-22.9042322506326,70.7525080410238,10.3478483979339));
#1789=CARTESIAN_POINT('Ctrl Pts',(-22.7503222703991,70.0971114307829,10.3478486211339));
#1790=CARTESIAN_POINT('Ctrl Pts',(-22.6053535321142,69.4404230618806,10.3478488313672));
#1791=CARTESIAN_POINT('Ctrl Pts',(-22.4694200894095,68.7824293462052,10.3478490284974));
#1792=CARTESIAN_POINT('Ctrl Pts',(-22.3407069096721,68.1593857323106,10.3478492151568));
#1793=CARTESIAN_POINT('Ctrl Pts',(-22.2200949541434,67.5351717187557,10.3478493900678));
#1794=CARTESIAN_POINT('Ctrl Pts',(-22.1076169285191,66.9097825804848,10.3478495531828));
#1795=CARTESIAN_POINT('Ctrl Pts',(-21.9948710505225,66.2829041560762,10.3478497166863));
#1796=CARTESIAN_POINT('Ctrl Pts',(-21.8902979387647,65.6548449961906,10.3478498683375));
#1797=CARTESIAN_POINT('Ctrl Pts',(-21.7938769810443,65.0256080787131,10.3478500081664));
#1798=CARTESIAN_POINT('Ctrl Pts',(-21.6896965342155,64.3457332384937,10.3478501592481));
#1799=CARTESIAN_POINT('Ctrl Pts',(-21.5950330744174,63.6644834605981,10.3478502965281));
#1800=CARTESIAN_POINT('Ctrl Pts',(-21.5097989449892,62.9818714089551,10.3478504201336));
#1801=CARTESIAN_POINT('Ctrl Pts',(-21.4182742756284,62.2488804961899,10.3478505528616));
#1802=CARTESIAN_POINT('Ctrl Pts',(-21.3376216836969,61.5143188731961,10.3478506698228));
#1803=CARTESIAN_POINT('Ctrl Pts',(-21.2676680889018,60.7782115452212,10.3478507712682));
#1804=CARTESIAN_POINT('Ctrl Pts',(-21.1910563447929,59.9720418778489,10.3478508823691));
#1805=CARTESIAN_POINT('Ctrl Pts',(-21.1272764733911,59.1640183648024,10.3478509748611));
#1806=CARTESIAN_POINT('Ctrl Pts',(-21.0760356998626,58.3541833038329,10.3478510491688));
#1807=CARTESIAN_POINT('Ctrl Pts',(-21.0164262758744,57.412085864907,10.3478511356124));
#1808=CARTESIAN_POINT('Ctrl Pts',(-20.9737852142809,56.4675369735749,10.3478511974484));
#1809=CARTESIAN_POINT('Ctrl Pts',(-20.9475785825595,55.5206137681097,10.3478512354509));
#1810=CARTESIAN_POINT('Ctrl Pts',(-20.9062778650063,54.0282965459117,10.3478512953416));
#1811=CARTESIAN_POINT('Ctrl Pts',(-20.9057853964842,52.5300836763941,10.3478512960517));
#1812=CARTESIAN_POINT('Ctrl Pts',(-20.943894649594,51.0262939408741,10.3478512407813));
#1813=CARTESIAN_POINT('Ctrl Pts',(-20.9679237100893,50.0781080915521,10.3478512059315));
#1814=CARTESIAN_POINT('Ctrl Pts',(-21.0072980738514,49.1277052763418,10.3478511488279));
#1815=CARTESIAN_POINT('Ctrl Pts',(-21.0614947447599,48.1751610535129,10.3478510702288));
#1816=CARTESIAN_POINT('Ctrl Pts',(-21.1109810143226,47.3054054137074,10.347850998461));
#1817=CARTESIAN_POINT('Ctrl Pts',(-21.1728243199316,46.4338645288067,10.3478509087728));
#1818=CARTESIAN_POINT('Ctrl Pts',(-21.2466690360676,45.5605897767231,10.3478508016802));
#1819=CARTESIAN_POINT('Ctrl Pts',(-21.3172802075332,44.72555436075,10.3478506992769));
#1820=CARTESIAN_POINT('Ctrl Pts',(-21.3988644596874,43.8889336424112,10.3478505809604));
#1821=CARTESIAN_POINT('Ctrl Pts',(-21.4911581367935,43.0507657125652,10.3478504471129));
#1822=CARTESIAN_POINT('Ctrl Pts',(-21.5790220657404,42.2528266798731,10.3478503196897));
#1823=CARTESIAN_POINT('Ctrl Pts',(-21.6765919450649,41.4534854096025,10.3478501781907));
#1824=CARTESIAN_POINT('Ctrl Pts',(-21.7836869005999,40.652768032997,10.3478500228784));
#1825=CARTESIAN_POINT('Ctrl Pts',(-21.8893619118816,39.862667160519,10.3478498696253));
#1826=CARTESIAN_POINT('Ctrl Pts',(-22.0043108989971,39.0712264586673,10.3478497029231));
#1827=CARTESIAN_POINT('Ctrl Pts',(-22.12840969498,38.2784638660857,10.3478495229517));
#1828=CARTESIAN_POINT('Ctrl Pts',(-22.2508374419406,37.4963761970177,10.3478493454036));
#1829=CARTESIAN_POINT('Ctrl Pts',(-22.3821702052471,36.7130020028728,10.3478491549415));
#1830=CARTESIAN_POINT('Ctrl Pts',(-22.5223386382527,35.9283513022963,10.3478489516657));
#1831=CARTESIAN_POINT('Ctrl Pts',(-22.6394344696726,35.2728590192762,10.3478487818504));
#1832=CARTESIAN_POINT('Ctrl Pts',(-22.7626973895831,34.6164757649556,10.3478486030916));
#1833=CARTESIAN_POINT('Ctrl Pts',(-22.8921146111,33.9592033866807,10.3478484154077));
#1834=CARTESIAN_POINT('Ctrl Pts',(-22.8921117106807,33.9592033866861,8.34784847927434));
#1835=CARTESIAN_POINT('Ctrl Pts',(-22.6259851811161,35.3107825270722,8.34784886521726));
#1836=CARTESIAN_POINT('Ctrl Pts',(-22.1371202784653,38.0076724362682,8.34784957418118));
#1837=CARTESIAN_POINT('Ctrl Pts',(-21.5339840154555,42.0342026734271,8.34785044886613));
#1838=CARTESIAN_POINT('Ctrl Pts',(-20.994436502082,47.3646774416151,8.34785123133751));
#1839=CARTESIAN_POINT('Ctrl Pts',(-20.7908879335043,53.9597411087019,8.34785152654347));
#1840=CARTESIAN_POINT('Ctrl Pts',(-21.0998983991894,60.4807543725471,8.34785107843107));
#1841=CARTESIAN_POINT('Ctrl Pts',(-21.9626574613724,66.9217664967562,8.34784982726691));
#1842=CARTESIAN_POINT('Ctrl Pts',(-23.4004790297184,73.2796982192209,8.34784774214131));
#1843=CARTESIAN_POINT('Ctrl Pts',(-25.3892098316501,79.5580390103208,8.34784485808155));
#1844=CARTESIAN_POINT('Ctrl Pts',(-27.8866993596501,85.7628784360652,8.34784123621481));
#1845=CARTESIAN_POINT('Ctrl Pts',(-30.2580134589728,90.6728153503415,8.34783779732532));
#1846=CARTESIAN_POINT('Ctrl Pts',(-32.2331032415411,94.3268642426729,8.34783493304086));
#1847=CARTESIAN_POINT('Ctrl Pts',(-33.6357822705939,96.7504791111923,8.34783289886869));
#1848=CARTESIAN_POINT('Ctrl Pts',(-34.3586106671471,97.959182004756,8.34783185061919));
#1849=CARTESIAN_POINT('Origin',(-34.3584923594547,32.9591820048637,10.347831786753));
#1850=CARTESIAN_POINT('Origin',(0.54136083294928,32.9592470840221,8.34788237372251));
#1851=CARTESIAN_POINT('Origin',(-22.8920838363724,32.9592033867362,-9.59610190647713));
#1852=CARTESIAN_POINT('',(-22.8920972696692,32.9592029793495,-0.328496126530364));
#1853=CARTESIAN_POINT('Origin',(-22.8920761674899,-0.0407970206684712,-9.59615159290654));
#1854=CARTESIAN_POINT('',(-22.8920761674899,-0.0407970206684599,-7.59615159290656));
#1855=CARTESIAN_POINT('Origin',(-22.8920761674899,-0.0407970206684599,-7.59615159290656));
#1856=UNCERTAINTY_MEASURE_WITH_UNIT(LENGTH_MEASURE(0.01),#1860,
'DISTANCE_ACCURACY_VALUE',
'Maximum model space distance between geometric entities at asserted c
onnectivities');
#1857=UNCERTAINTY_MEASURE_WITH_UNIT(LENGTH_MEASURE(0.01),#1860,
'DISTANCE_ACCURACY_VALUE',
'Maximum model space distance between geometric entities at asserted c
onnectivities');
#1858=(
GEOMETRIC_REPRESENTATION_CONTEXT(3)
GLOBAL_UNCERTAINTY_ASSIGNED_CONTEXT((#1856))
GLOBAL_UNIT_ASSIGNED_CONTEXT((#1860,#1862,#1863))
REPRESENTATION_CONTEXT('','3D')
);
#1859=(
GEOMETRIC_REPRESENTATION_CONTEXT(3)
GLOBAL_UNCERTAINTY_ASSIGNED_CONTEXT((#1857))
GLOBAL_UNIT_ASSIGNED_CONTEXT((#1860,#1862,#1863))
REPRESENTATION_CONTEXT('','3D')
);
#1860=(
LENGTH_UNIT()
NAMED_UNIT(*)
SI_UNIT(.MILLI.,.METRE.)
);
#1861=(
LENGTH_UNIT()
NAMED_UNIT(*)
SI_UNIT($,.METRE.)
);
#1862=(
NAMED_UNIT(*)
PLANE_ANGLE_UNIT()
SI_UNIT($,.RADIAN.)
);
#1863=(
NAMED_UNIT(*)
SI_UNIT($,.STERADIAN.)
SOLID_ANGLE_UNIT()
);
#1864=SHAPE_DEFINITION_REPRESENTATION(#1865,#1866);
#1865=PRODUCT_DEFINITION_SHAPE('',$,#1868);
#1866=SHAPE_REPRESENTATION('',(#1009),#1858);
#1867=PRODUCT_DEFINITION_CONTEXT('part definition',#1872,'design');
#1868=PRODUCT_DEFINITION('top_leg','top_leg',#1869,#1867);
#1869=PRODUCT_DEFINITION_FORMATION('',$,#1874);
#1870=PRODUCT_RELATED_PRODUCT_CATEGORY('top_leg','top_leg',(#1874));
#1871=APPLICATION_PROTOCOL_DEFINITION('international standard',
'automotive_design',2009,#1872);
#1872=APPLICATION_CONTEXT(
'Core Data for Automotive Mechanical Design Process');
#1873=PRODUCT_CONTEXT('part definition',#1872,'mechanical');
#1874=PRODUCT('top_leg','top_leg',$,(#1873));
#1875=PRESENTATION_STYLE_ASSIGNMENT((#1876));
#1876=SURFACE_STYLE_USAGE(.BOTH.,#1877);
#1877=SURFACE_SIDE_STYLE('',(#1878));
#1878=SURFACE_STYLE_FILL_AREA(#1879);
#1879=FILL_AREA_STYLE('PLA (White)',(#1880));
#1880=FILL_AREA_STYLE_COLOUR('PLA (White)',#1881);
#1881=COLOUR_RGB('PLA (White)',0.964705882352941,0.964705882352941,0.952941176470588);
ENDSEC;
END-ISO-10303-21;
